{
"type": "FeatureCollection",
"name": "Lahan_26102025_leaflet",
"crs": { "type": "name", "properties": { "name": "urn:ogc:def:crs:OGC:1.3:CRS84" } },
"features": [
{ "type": "Feature", "properties": { "FID": 0, "OBJECTID": 613, "NIB": "613", "NO": 613, "NAMA": "Heru#2", "LOKASI_LAH": "IPPKH", "STATUS": " ", "Lokasi_2": "Timur", "NIB_1": "613", "KETERANGAN": " ", "Luas_Acad": 1.21709759454, "long": 104.121964276, "lat": -2.4440732651900001 }, "geometry": { "type": "Polygon", "coordinates": [ [ [ 104.122518943782296, -2.444689579942442, 0.0 ], [ 104.122143853155521, -2.443368413470301, 28.865799999999581 ], [ 104.121658373908758, -2.443430117060164, 48.109700000000885 ], [ 104.121441734442115, -2.444642149560651, 48.109700000000885 ], [ 104.122518943782296, -2.444689579942442, 0.0 ] ] ] } },
{ "type": "Feature", "properties": { "FID": 1, "OBJECTID": 611, "NIB": "611", "NO": 611, "NAMA": "Heru#1", "LOKASI_LAH": "IPPKH", "STATUS": " ", "Lokasi_2": "Timur", "NIB_1": "611", "KETERANGAN": " ", "Luas_Acad": 1.10458782175, "long": 104.122547422, "lat": -2.44382389002 }, "geometry": { "type": "Polygon", "coordinates": [ [ [ 104.12292466003538, -2.444691648459567, 0.0 ], [ 104.122962376799194, -2.443139142452743, 0.0 ], [ 104.122143853155521, -2.443368413470301, 28.865799999999581 ], [ 104.122518943782296, -2.444689579942442, 0.0 ], [ 104.12292466003538, -2.444691648459567, 0.0 ] ] ] } },
{ "type": "Feature", "properties": { "FID": 2, "OBJECTID": 610, "NIB": "610", "NO": 610, "NAMA": "Ngaliman#2", "LOKASI_LAH": "IPPKH", "STATUS": " ", "Lokasi_2": "Timur", "NIB_1": "610", "KETERANGAN": " ", "Luas_Acad": 1.1141348154699999, "long": 104.123306817, "lat": -2.4440309849199999 }, "geometry": { "type": "Polygon", "coordinates": [ [ [ 104.123163321428606, -2.44326889117151, 0.0 ], [ 104.122962376799194, -2.443139142452743, 0.0 ], [ 104.12292466003538, -2.444691648459567, 0.0 ], [ 104.12375283768074, -2.44476465040556, 0.0 ], [ 104.123661084727217, -2.444022423889522, 0.0 ], [ 104.123163321428606, -2.44326889117151, 0.0 ] ] ] } },
{ "type": "Feature", "properties": { "FID": 3, "OBJECTID": 510, "NIB": "510", "NO": 510, "NAMA": "Mulyadi 2", "LOKASI_LAH": "IPPKH", "STATUS": "Lunas", "Lokasi_2": "Timur", "NIB_1": "510", "KETERANGAN": " ", "Luas_Acad": 0.596745382273, "long": 104.11812326499999, "lat": -2.4435985523900001 }, "geometry": { "type": "Polygon", "coordinates": [ [ [ 104.117764181524691, -2.443237583766192, 0.000000000000114 ], [ 104.117512502875414, -2.443011265760306, 0.000000000000114 ], [ 104.117539141729452, -2.443535955542332, 0.000000000000114 ], [ 104.118366211221925, -2.444088312111464, 0.000000000000114 ], [ 104.118850184597562, -2.443998066689338, 0.000000000000114 ], [ 104.117990253930827, -2.44338866823264, 0.000000000000114 ], [ 104.117764181524691, -2.443237583766192, 0.000000000000114 ] ] ] } },
{ "type": "Feature", "properties": { "FID": 4, "OBJECTID": 614, "NIB": "614", "NO": 614, "NAMA": "Badarudin", "LOKASI_LAH": "IPPKH", "STATUS": " ", "Lokasi_2": "Timur", "NIB_1": "614", "KETERANGAN": " ", "Luas_Acad": 0.91492168326599999, "long": 104.12025736699999, "lat": -2.4437285183099999 }, "geometry": { "type": "Polygon", "coordinates": [ [ [ 104.120804197694099, -2.443067712033264, 48.109700000000885 ], [ 104.12053594781635, -2.442899999402519, 28.865799999999581 ], [ 104.119678887749913, -2.444296073452827, 0.0 ], [ 104.12032662530072, -2.444451447808635, 54.123399999996764 ], [ 104.120804197694099, -2.443067712033264, 48.109700000000885 ] ] ] } },
{ "type": "Feature", "properties": { "FID": 5, "OBJECTID": 615, "NIB": "615", "NO": 615, "NAMA": "Joko", "LOKASI_LAH": "IPPKH", "STATUS": " ", "Lokasi_2": "Timur", "NIB_1": "615", "KETERANGAN": " ", "Luas_Acad": 1.0253036691799999, "long": 104.119966901, "lat": -2.44335686276 }, "geometry": { "type": "Polygon", "coordinates": [ [ [ 104.120588511205142, -2.442814279872072, 48.109700000000885 ], [ 104.120309903518461, -2.442506529817468, 36.082299999994575 ], [ 104.119214216487009, -2.444067969708165, 0.0 ], [ 104.119678887749913, -2.444296073452827, 0.0 ], [ 104.12053594781635, -2.442899999402519, 28.865799999999581 ], [ 104.120588511205142, -2.442814279872072, 48.109700000000885 ] ] ] } },
{ "type": "Feature", "properties": { "FID": 6, "OBJECTID": 609, "NIB": "609", "NO": 609, "NAMA": "Ali Imron", "LOKASI_LAH": "IPPKH", "STATUS": " ", "Lokasi_2": "Timur", "NIB_1": "609", "KETERANGAN": " ", "Luas_Acad": 4.4117823188100003, "long": 104.124436414, "lat": -2.44354149115 }, "geometry": { "type": "Polygon", "coordinates": [ [ [ 104.124962057757458, -2.442462637152103, 0.0 ], [ 104.124309773047699, -2.442409141979368, 0.0 ], [ 104.123163321428606, -2.44326889117151, 0.0 ], [ 104.123661084727217, -2.444022423889522, 0.0 ], [ 104.12375283768074, -2.44476465040556, 0.0 ], [ 104.124232233093736, -2.4447628942501, 0.0 ], [ 104.124496361587092, -2.444630279006249, 0.0 ], [ 104.124968891834342, -2.44458026893693, 0.0 ], [ 104.125151186984297, -2.444281368038692, 0.0 ], [ 104.124696640153957, -2.444221432067375, 0.0 ], [ 104.125772639978806, -2.442762463875499, 0.0 ], [ 104.124962057757458, -2.442462637152103, 0.0 ] ] ] } },
{ "type": "Feature", "properties": { "FID": 7, "OBJECTID": 573, "NIB": "573", "NO": 573, "NAMA": "Ngaliman#1", "LOKASI_LAH": "IPPKH", "STATUS": "Lunas", "Lokasi_2": "Timur", "NIB_1": "573", "KETERANGAN": " ", "Luas_Acad": 0.95635292000399996, "long": 104.112599398, "lat": -2.44323216517 }, "geometry": { "type": "Polygon", "coordinates": [ [ [ 104.113049520717539, -2.442605715109867, 0.000000000000114 ], [ 104.112704044457487, -2.442464250303346, 0.000000000000114 ], [ 104.112079779836122, -2.44373135163988, 0.000000000000114 ], [ 104.112637652656147, -2.444058497574269, 0.000000000000114 ], [ 104.113049520717539, -2.442605715109867, 0.000000000000114 ] ] ] } },
{ "type": "Feature", "properties": { "FID": 8, "OBJECTID": 574, "NIB": "574", "NO": 574, "NAMA": "Roni Y", "LOKASI_LAH": "IPPKH", "STATUS": "Lunas", "Lokasi_2": "Timur", "NIB_1": "574", "KETERANGAN": " ", "Luas_Acad": 0.65661207531700005, "long": 104.1130824, "lat": -2.44308140492 }, "geometry": { "type": "Polygon", "coordinates": [ [ [ 104.113312415279196, -2.442990393285275, 0.000000000000114 ], [ 104.113448682424362, -2.442269866410842, 0.000000000000114 ], [ 104.11315433721532, -2.44223599494451, 0.000000000000114 ], [ 104.113049520717539, -2.442605715109867, 0.000000000000114 ], [ 104.112637652656147, -2.444058497574269, 0.000000000000114 ], [ 104.113081443549049, -2.443985478463386, 0.000000000000114 ], [ 104.113312415279196, -2.442990393285275, 0.000000000000114 ] ] ] } },
{ "type": "Feature", "properties": { "FID": 9, "OBJECTID": 572, "NIB": "572", "NO": 572, "NAMA": "SUMANTRI", "LOKASI_LAH": "IPPKH", "STATUS": "Lunas", "Lokasi_2": "Timur", "NIB_1": "572", "KETERANGAN": " ", "Luas_Acad": 0.25823732870100002, "long": 104.113520792, "lat": -2.44244047324 }, "geometry": { "type": "Polygon", "coordinates": [ [ [ 104.113601296583553, -2.442990585300665, 0.000000000000114 ], [ 104.113744757550421, -2.442116210228167, 0.000000000000114 ], [ 104.113475330048871, -2.442125716316411, 0.000000000000114 ], [ 104.113448682424362, -2.442269866410842, 0.000000000000114 ], [ 104.113312415279196, -2.442990393285275, 0.000000000000114 ], [ 104.113601296583553, -2.442990585300665, 0.000000000000114 ] ] ] } },
{ "type": "Feature", "properties": { "FID": 10, "OBJECTID": 607, "NIB": "607", "NO": 607, "NAMA": "Iwan Setiawan", "LOKASI_LAH": "IPPKH", "STATUS": " ", "Lokasi_2": "Timur", "NIB_1": "607", "KETERANGAN": " ", "Luas_Acad": 1.26071072723, "long": 104.123402719, "lat": -2.4426584228900001 }, "geometry": { "type": "Polygon", "coordinates": [ [ [ 104.124309773047699, -2.442409141979368, 0.0 ], [ 104.123461387568341, -2.442115508958124, 0.0 ], [ 104.122578737621652, -2.442493432558231, 0.0 ], [ 104.122962376799194, -2.443139142452743, 0.0 ], [ 104.123163321428606, -2.44326889117151, 0.0 ], [ 104.124309773047699, -2.442409141979368, 0.0 ] ] ] } },
{ "type": "Feature", "properties": { "FID": 11, "OBJECTID": 571, "NIB": "571", "NO": 571, "NAMA": "Iwan Arifin", "LOKASI_LAH": "IPPKH", "STATUS": "Lunas", "Lokasi_2": "Timur", "NIB_1": "571", "KETERANGAN": " ", "Luas_Acad": 1.5569730668399999, "long": 104.115010697, "lat": -2.4427673429899999 }, "geometry": { "type": "Polygon", "coordinates": [ [ [ 104.115560713940383, -2.443218034918374, 0.000000000000114 ], [ 104.1155823823199, -2.442527017744873, 0.000000000000114 ], [ 104.115536906379106, -2.442077033208963, 0.000000000000114 ], [ 104.114428112702015, -2.442276494017598, 0.000000000000114 ], [ 104.114542898882917, -2.4434984111518, 0.000000000000114 ], [ 104.114958035242012, -2.443362372912388, 0.000000000000114 ], [ 104.114967064570394, -2.443308102497784, 0.000000000000114 ], [ 104.115560713940383, -2.443218034918374, 0.000000000000114 ] ] ] } },
{ "type": "Feature", "properties": { "FID": 12, "OBJECTID": 575, "NIB": "575", "NO": 575, "NAMA": "AMAT MISNI", "LOKASI_LAH": "IPPKH", "STATUS": "Lunas", "Lokasi_2": "Timur", "NIB_1": "575", "KETERANGAN": " ", "Luas_Acad": 1.6704888892200001, "long": 104.11401383099999, "lat": -2.4429609940199999 }, "geometry": { "type": "Polygon", "coordinates": [ [ [ 104.114428112702015, -2.442276494017598, 0.000000000000114 ], [ 104.114424858910624, -2.442092213571819, 0.000000000000114 ], [ 104.113744757550421, -2.442116210228167, 0.000000000000114 ], [ 104.113640074218651, -2.442754241132009, 0.000000000000114 ], [ 104.113460425650786, -2.443849172091784, 0.000000000000114 ], [ 104.114542898882917, -2.4434984111518, 0.000000000000114 ], [ 104.114428112702015, -2.442276494017598, 0.000000000000114 ] ] ] } },
{ "type": "Feature", "properties": { "FID": 13, "OBJECTID": 617, "NIB": "617", "NO": 617, "NAMA": "Mujiono", "LOKASI_LAH": "IPPKH", "STATUS": " ", "Lokasi_2": "Timur", "NIB_1": "617", "KETERANGAN": " ", "Luas_Acad": 2.1820044646899999, "long": 104.118857519, "lat": -2.4430037052400002 }, "geometry": { "type": "Polygon", "coordinates": [ [ [ 104.119436414770206, -2.442365758523802, 0.000000000000114 ], [ 104.118834364179023, -2.442014373128066, 0.000000000000114 ], [ 104.117990253930827, -2.44338866823264, 0.000000000000114 ], [ 104.118850184597562, -2.443998066689338, 0.000000000000114 ], [ 104.118898238090281, -2.44394078154907, 0.000000000000114 ], [ 104.119711409768314, -2.442714330342456, 0.000000000000114 ], [ 104.119436414770206, -2.442365758523802, 0.000000000000114 ] ] ] } },
{ "type": "Feature", "properties": { "FID": 14, "OBJECTID": 616, "NIB": "616", "NO": 616, "NAMA": "Rejo Wahyo", "LOKASI_LAH": "IPPKH", "STATUS": " ", "Lokasi_2": "Timur", "NIB_1": "616", "KETERANGAN": " ", "Luas_Acad": 1.4082672429900001, "long": 104.11972973899999, "lat": -2.44272937641 }, "geometry": { "type": "Polygon", "coordinates": [ [ [ 104.120309903518461, -2.442506529817468, 36.082299999994575 ], [ 104.120094646829841, -2.441592734182571, 30.927599999995437 ], [ 104.119685954144686, -2.441981461881938, 0.000000000000114 ], [ 104.119436414770206, -2.442365758523802, 0.000000000000114 ], [ 104.119711409768314, -2.442714330342456, 0.000000000000114 ], [ 104.118898238090281, -2.44394078154907, 0.000000000000114 ], [ 104.119214216487009, -2.444067969708165, 0.000000000000114 ], [ 104.120309903518461, -2.442506529817468, 36.082299999994575 ] ] ] } },
{ "type": "Feature", "properties": { "FID": 15, "OBJECTID": 608, "NIB": "608", "NO": 608, "NAMA": "Sutomo", "LOKASI_LAH": "IPPKH", "STATUS": " ", "Lokasi_2": "Timur", "NIB_1": "608", "KETERANGAN": " ", "Luas_Acad": 0.96886054720500003, "long": 104.125669276, "lat": -2.4422108872799999 }, "geometry": { "type": "Polygon", "coordinates": [ [ [ 104.126338019204724, -2.442091504894854, 0.0 ], [ 104.125759533310131, -2.441620249547459, 0.0 ], [ 104.124962057757458, -2.442462637152103, 0.0 ], [ 104.125772639978806, -2.442762463875499, 0.0 ], [ 104.126338019204724, -2.442091504894854, 0.0 ] ] ] } },
{ "type": "Feature", "properties": { "FID": 16, "OBJECTID": 605, "NIB": "605", "NO": 605, "NAMA": "Subari", "LOKASI_LAH": "IPPKH", "STATUS": " ", "Lokasi_2": "Timur", "NIB_1": "605", "KETERANGAN": " ", "Luas_Acad": 1.7978186592900001, "long": 104.124545579, "lat": -2.4419881655500002 }, "geometry": { "type": "Polygon", "coordinates": [ [ [ 104.125759533310131, -2.441620249547459, 0.0 ], [ 104.123444097494556, -2.441580432442732, 0.0 ], [ 104.123461387568341, -2.442115508958124, 0.0 ], [ 104.124309773047699, -2.442409141979368, 0.0 ], [ 104.124962057757458, -2.442462637152103, 0.0 ], [ 104.125759533310131, -2.441620249547459, 0.0 ] ] ] } },
{ "type": "Feature", "properties": { "FID": 17, "OBJECTID": 618, "NIB": "618", "NO": 618, "NAMA": "Hasanudin", "LOKASI_LAH": "IPPKH", "STATUS": " ", "Lokasi_2": "Timur", "NIB_1": "618", "KETERANGAN": " ", "Luas_Acad": 1.2087420070099999, "long": 104.118686907, "lat": -2.4423683250299999 }, "geometry": { "type": "Polygon", "coordinates": [ [ [ 104.119685954144686, -2.441981461881938, 0.000000000000114 ], [ 104.118628706345987, -2.441519400058577, 0.000000000000114 ], [ 104.117764181524691, -2.443237583766192, 0.000000000000114 ], [ 104.117990253930827, -2.44338866823264, 0.000000000000114 ], [ 104.118834364179023, -2.442014373128066, 0.000000000000114 ], [ 104.119436414770206, -2.442365758523802, 0.000000000000114 ], [ 104.119685954144686, -2.441981461881938, 0.000000000000114 ] ] ] } },
{ "type": "Feature", "properties": { "FID": 18, "OBJECTID": 612, "NIB": "612", "NO": 612, "NAMA": "Maryati", "LOKASI_LAH": "IPPKH", "STATUS": " ", "Lokasi_2": "Timur", "NIB_1": "612", "KETERANGAN": " ", "Luas_Acad": 1.50828944521, "long": 104.122243561, "lat": -2.4424645433799999 }, "geometry": { "type": "Polygon", "coordinates": [ [ [ 104.122578737621652, -2.442493432558231, 0.0 ], [ 104.122337740067934, -2.441496224891391, 0.0 ], [ 104.122152531296251, -2.441525883922381, 0.0 ], [ 104.12184441130259, -2.441932591593612, 28.865799999999581 ], [ 104.121686003376126, -2.442134944284505, 48.109700000000885 ], [ 104.122143853155521, -2.443368413470301, 28.865799999999581 ], [ 104.122962376799194, -2.443139142452743, 0.0 ], [ 104.122578737621652, -2.442493432558231, 0.0 ] ] ] } },
{ "type": "Feature", "properties": { "FID": 19, "OBJECTID": 606, "NIB": "606", "NO": 606, "NAMA": "Djiman", "LOKASI_LAH": "IPPKH", "STATUS": " ", "Lokasi_2": "Timur", "NIB_1": "606", "KETERANGAN": " ", "Luas_Acad": 1.10860322303, "long": 104.122911743, "lat": -2.441899753 }, "geometry": { "type": "Polygon", "coordinates": [ [ [ 104.123444097494556, -2.441580432442732, 0.0 ], [ 104.123460901505638, -2.441383357268899, 0.0 ], [ 104.123009018587112, -2.441408605313605, 0.0 ], [ 104.122337740067934, -2.441496224891391, 0.0 ], [ 104.122578737621652, -2.442493432558231, 0.0 ], [ 104.123461387568341, -2.442115508958124, 0.0 ], [ 104.123444097494556, -2.441580432442732, 0.0 ] ] ] } },
{ "type": "Feature", "properties": { "FID": 20, "OBJECTID": 568, "NIB": "568", "NO": 568, "NAMA": "MUSTAR EDI", "LOKASI_LAH": "IPPKH", "STATUS": "Lunas", "Lokasi_2": "Timur", "NIB_1": "568", "KETERANGAN": " ", "Luas_Acad": 2.6379315964000001, "long": 104.112023157, "lat": -2.4424710760499999 }, "geometry": { "type": "Polygon", "coordinates": [ [ [ 104.111886020792696, -2.441835256597917, 0.000000000000114 ], [ 104.111779882092179, -2.441771811473133, 0.000000000000114 ], [ 104.111281804295672, -2.442614771286697, 0.000000000000114 ], [ 104.111725016959539, -2.443323681811421, 0.000000000000114 ], [ 104.112079779836122, -2.44373135163988, 0.000000000000114 ], [ 104.112704044457487, -2.442464250303346, 0.000000000000114 ], [ 104.112889563963819, -2.44209884092914, 0.000000000000114 ], [ 104.112018627599852, -2.441621755744752, 0.000000000000114 ], [ 104.111886020792696, -2.441835256597917, 0.000000000000114 ] ] ] } },
{ "type": "Feature", "properties": { "FID": 21, "OBJECTID": 569, "NIB": "569", "NO": 569, "NAMA": "Manap", "LOKASI_LAH": "IPPKH", "STATUS": "Lunas", "Lokasi_2": "Timur", "NIB_1": "569", "KETERANGAN": " ", "Luas_Acad": 1.4532628787699999, "long": 104.11370579299999, "lat": -2.4416868117 }, "geometry": { "type": "Polygon", "coordinates": [ [ [ 104.114424858910624, -2.442092213571819, 0.000000000000114 ], [ 104.114395291476896, -2.441234671347753, 0.000000000000114 ], [ 104.112962767302875, -2.441298547790008, 0.000000000000114 ], [ 104.11308282300152, -2.442139564865753, 0.000000000000114 ], [ 104.113197764851407, -2.442135509465649, 0.000000000000114 ], [ 104.113430811723092, -2.44212728703101, 0.000000000000114 ], [ 104.113475330048871, -2.442125716316428, 0.000000000000114 ], [ 104.113744757550421, -2.442116210228167, 0.000000000000114 ], [ 104.114424858910624, -2.442092213571819, 0.000000000000114 ] ] ] } },
{ "type": "Feature", "properties": { "FID": 22, "OBJECTID": 505, "NIB": "505", "NO": 505, "NAMA": "Edi Purwanto", "LOKASI_LAH": "IPPKH", "STATUS": "Lunas", "Lokasi_2": "Timur", "NIB_1": "505", "KETERANGAN": " ", "Luas_Acad": 0.69972050809499997, "long": 104.11262453800001, "lat": -2.4416022564 }, "geometry": { "type": "Polygon", "coordinates": [ [ [ 104.112962767302875, -2.441298547790008, 0.000000000000114 ], [ 104.112243390299867, -2.441108103151283, 0.000000000000114 ], [ 104.112120853090659, -2.441388138818752, 0.000000000000114 ], [ 104.112018627599852, -2.441621755744752, 0.000000000000114 ], [ 104.112889563963819, -2.44209884092914, 0.000000000000114 ], [ 104.112949887346389, -2.442144255114168, 0.000000000000114 ], [ 104.11308282300152, -2.442139564865753, 0.000000000000114 ], [ 104.112962767302875, -2.441298547790008, 0.000000000000114 ] ] ] } },
{ "type": "Feature", "properties": { "FID": 23, "OBJECTID": 642, "NIB": "642", "NO": 642, "NAMA": "Tukiyat", "LOKASI_LAH": "IPPKH", "STATUS": "Lunas", "Lokasi_2": "Timur", "NIB_1": "642", "KETERANGAN": " ", "Luas_Acad": 1.54554329437, "long": 104.115878318, "lat": -2.4421234431799999 }, "geometry": { "type": "Polygon", "coordinates": [ [ [ 104.11610165404862, -2.441210165578685, 0.000000000000114 ], [ 104.116020810521889, -2.441056328970991, 0.000000000000114 ], [ 104.115517111705401, -2.441128364476215, 0.000000000000114 ], [ 104.115536906379106, -2.442077033208963, 0.000000000000114 ], [ 104.1155823823199, -2.442527017744873, 0.000000000000114 ], [ 104.115560713940383, -2.443218034918374, 0.000000000000114 ], [ 104.11562300035807, -2.443199997017207, 0.000000000000114 ], [ 104.115848621755177, -2.443055396232911, 0.000000000000114 ], [ 104.115849291876941, -2.443073475805763, 0.000000000000114 ], [ 104.11627464763184, -2.442920390246248, 0.000000000000114 ], [ 104.11610165404862, -2.441210165578685, 0.000000000000114 ] ] ] } },
{ "type": "Feature", "properties": { "FID": 24, "OBJECTID": 643, "NIB": "643", "NO": 643, "NAMA": "M.Sebeni", "LOKASI_LAH": "IPPKH", "STATUS": "Lunas", "Lokasi_2": "Timur", "NIB_1": "643", "KETERANGAN": " ", "Luas_Acad": 1.6672693854, "long": 104.11673143900001, "lat": -2.44225192664 }, "geometry": { "type": "Polygon", "coordinates": [ [ [ 104.117512502875414, -2.443011265760306, 0.000000000000114 ], [ 104.116416371325798, -2.441309880328542, 0.000000000000114 ], [ 104.11610165404862, -2.441210165578685, 0.000000000000114 ], [ 104.11627464763184, -2.442920390246248, 0.000000000000114 ], [ 104.116663649993214, -2.44291086601067, 0.000000000000114 ], [ 104.11694234526621, -2.443082925547922, 0.000000000000114 ], [ 104.117095204304619, -2.443137302983042, 0.000000000000114 ], [ 104.117512502875414, -2.443011265760306, 0.000000000000114 ] ] ] } },
{ "type": "Feature", "properties": { "FID": 25, "OBJECTID": 619, "NIB": "619", "NO": 619, "NAMA": "Nurohim", "LOKASI_LAH": "IPPKH", "STATUS": " ", "Lokasi_2": "Timur", "NIB_1": "619", "KETERANGAN": " ", "Luas_Acad": 0.99304303628199997, "long": 104.119531208, "lat": -2.4414491865799999 }, "geometry": { "type": "Polygon", "coordinates": [ [ [ 104.120094646829841, -2.441592734182571, 30.927599999995437 ], [ 104.119321657879354, -2.440859493038409, 0.000000000000114 ], [ 104.119233666581096, -2.440946426070713, 0.000000000000114 ], [ 104.118628706345987, -2.441519400058577, 0.000000000000114 ], [ 104.119685954144686, -2.441981461881938, 0.000000000000114 ], [ 104.120094646829841, -2.441592734182571, 30.927599999995437 ] ] ] } },
{ "type": "Feature", "properties": { "FID": 26, "OBJECTID": 567, "NIB": "567", "NO": 567, "NAMA": "BASORI", "LOKASI_LAH": "IPPKH", "STATUS": "Lunas", "Lokasi_2": "Timur", "NIB_1": "567", "KETERANGAN": " ", "Luas_Acad": 3.276041565, "long": 104.110282333, "lat": -2.4416894770400002 }, "geometry": { "type": "Polygon", "coordinates": [ [ [ 104.111779882092179, -2.441771811473133, 0.000000000000114 ], [ 104.10933465551183, -2.440220523362241, 0.000000000000114 ], [ 104.109209809079573, -2.441200331397705, 0.000000000000114 ], [ 104.109411882734889, -2.441251521456136, 0.000000000000114 ], [ 104.109340525520025, -2.442159231237847, 0.000000000000114 ], [ 104.109448395030412, -2.44238382928943, 0.000000000000114 ], [ 104.110044966646228, -2.442720486028188, 0.000000000000114 ], [ 104.111054180739245, -2.442223486144934, 0.000000000000114 ], [ 104.111281804295672, -2.442614771286697, 0.000000000000114 ], [ 104.111779882092179, -2.441771811473133, 0.000000000000114 ] ] ] } },
{ "type": "Feature", "properties": { "FID": 27, "OBJECTID": 570, "NIB": "570", "NO": 570, "NAMA": "Supriyanto", "LOKASI_LAH": "IPPKH", "STATUS": "Lunas", "Lokasi_2": "Timur", "NIB_1": "570", "KETERANGAN": " ", "Luas_Acad": 2.1357752526199998, "long": 104.11517583600001, "lat": -2.44137654195 }, "geometry": { "type": "Polygon", "coordinates": [ [ [ 104.116020810521889, -2.441056328970991, 0.000000000000114 ], [ 104.116012200881087, -2.440468328805306, 0.000000000000114 ], [ 104.114878855414531, -2.440666592820298, 0.000000000000114 ], [ 104.114995508195619, -2.441073742994489, 0.000000000000114 ], [ 104.114935297388243, -2.441117375777356, 0.000000000000114 ], [ 104.114455781069296, -2.441227168818868, 0.000000000000114 ], [ 104.114395291476896, -2.441234671347753, 0.000000000000114 ], [ 104.114424858910624, -2.442092213571819, 0.000000000000114 ], [ 104.114428112702015, -2.442276494017598, 0.000000000000114 ], [ 104.115536906379106, -2.442077033208963, 0.000000000000114 ], [ 104.115517111705401, -2.441128364476215, 0.000000000000114 ], [ 104.116020810521889, -2.441056328970991, 0.000000000000114 ] ] ] } },
{ "type": "Feature", "properties": { "FID": 28, "OBJECTID": 566, "NIB": "566", "NO": 566, "NAMA": "Suparno", "LOKASI_LAH": "IPPKH", "STATUS": "Lunas", "Lokasi_2": "Timur", "NIB_1": "566", "KETERANGAN": " ", "Luas_Acad": 1.08305728465, "long": 104.11370146900001, "lat": -2.4408394652599998 }, "geometry": { "type": "Polygon", "coordinates": [ [ [ 104.113691825806541, -2.440439655208644, 0.000000000000114 ], [ 104.113441559613761, -2.440233040491317, 0.000000000000114 ], [ 104.112962767302875, -2.441298547790008, 0.000000000000114 ], [ 104.114395291476896, -2.441234671347753, 0.000000000000114 ], [ 104.114455781069296, -2.441227168818868, 0.000000000000114 ], [ 104.114482880812361, -2.441046265463199, 0.000000000000114 ], [ 104.113691825806541, -2.440439655208644, 0.000000000000114 ] ] ] } },
{ "type": "Feature", "properties": { "FID": 29, "OBJECTID": 565, "NIB": "565", "NO": 565, "NAMA": "Marzuki", "LOKASI_LAH": "IPPKH", "STATUS": "Lunas", "Lokasi_2": "Timur", "NIB_1": "565", "KETERANGAN": " ", "Luas_Acad": 0.99359038095100005, "long": 104.112841258, "lat": -2.4407069696599999 }, "geometry": { "type": "Polygon", "coordinates": [ [ [ 104.113206310569595, -2.440213181883682, 0.000000000000114 ], [ 104.112702713137466, -2.440131433422929, 0.000000000000114 ], [ 104.112243390299867, -2.441108103151283, 0.000000000000114 ], [ 104.112962767302875, -2.441298547790008, 0.000000000000114 ], [ 104.113441559613761, -2.440233040491317, 0.000000000000114 ], [ 104.113206310569595, -2.440213181883682, 0.000000000000114 ] ] ] } },
{ "type": "Feature", "properties": { "FID": 30, "OBJECTID": 507, "NIB": "507", "NO": 507, "NAMA": "Marlan", "LOKASI_LAH": "IPPKH", "STATUS": "Lunas", "Lokasi_2": "Timur", "NIB_1": "507", "KETERANGAN": " ", "Luas_Acad": 6.4695040278300002, "long": 104.121064932, "lat": -2.4425340466700001 }, "geometry": { "type": "Polygon", "coordinates": [ [ [ 104.121569899053611, -2.441177584430402, 48.109700000001794 ], [ 104.121337034752145, -2.440128542782456, 36.082299999994575 ], [ 104.121327497904375, -2.440135215241165, 36.082299999994575 ], [ 104.120832872539339, -2.440462459727619, 36.082299999994575 ], [ 104.120409723620028, -2.441140637519939, 48.109700000001794 ], [ 104.120094646829841, -2.441592734182571, 30.927599999995437 ], [ 104.120309903518461, -2.442506529817468, 36.082299999994575 ], [ 104.120588511205142, -2.442814279872039, 48.109700000001794 ], [ 104.120535947816364, -2.442899999402502, 28.865799999999581 ], [ 104.120804197694113, -2.443067712033264, 48.109700000001794 ], [ 104.12032662530072, -2.444451447808635, 54.123399999996764 ], [ 104.120809133885473, -2.444654140826231, 72.16449999999918 ], [ 104.121441734442129, -2.444642149560601, 48.109700000001794 ], [ 104.121658373908772, -2.443430117060164, 48.109700000001794 ], [ 104.122143853155521, -2.443368413470301, 28.865799999999581 ], [ 104.121686003376126, -2.442134944284471, 48.109700000001794 ], [ 104.12184441130259, -2.441932591593612, 28.865799999999581 ], [ 104.121569899053611, -2.441177584430402, 48.109700000001794 ] ] ] } },
{ "type": "Feature", "properties": { "FID": 31, "OBJECTID": 531, "NIB": "531", "NO": 531, "NAMA": "M. Amin 1", "LOKASI_LAH": "IPPKH", "STATUS": " ", "Lokasi_2": "Timur", "NIB_1": "531", "KETERANGAN": " ", "Luas_Acad": 0.80767950574299996, "long": 104.121728245, "lat": -2.4409319140700001 }, "geometry": { "type": "Polygon", "coordinates": [ [ [ 104.122152531296265, -2.441525883922381, 0.000000000000114 ], [ 104.121566092146594, -2.439981658175705, 0.000000000000114 ], [ 104.121337034752145, -2.440128542782456, 36.082299999994575 ], [ 104.121569899053611, -2.441177584430402, 48.109700000001112 ], [ 104.12184441130259, -2.441932591593612, 28.865799999999581 ], [ 104.122152531296265, -2.441525883922381, 0.000000000000114 ] ] ] } },
{ "type": "Feature", "properties": { "FID": 32, "OBJECTID": 621, "NIB": "621", "NO": 621, "NAMA": "Sopian Hadi", "LOKASI_LAH": "IPPKH", "STATUS": "Lunas", "Lokasi_2": "Timur", "NIB_1": "621", "KETERANGAN": " ", "Luas_Acad": 1.2286672518499999, "long": 104.11857686800001, "lat": -2.4408033980099999 }, "geometry": { "type": "Polygon", "coordinates": [ [ [ 104.119221651331515, -2.440835841115124, 0.000000000000114 ], [ 104.118476772590711, -2.440044789699153, 0.000000000000114 ], [ 104.117920459509506, -2.440923266929107, 0.000000000000114 ], [ 104.118628706345987, -2.441519400058577, 0.000000000000114 ], [ 104.119233666581096, -2.440946426070713, 0.000000000000114 ], [ 104.119168739994905, -2.440895576643907, 0.000000000000114 ], [ 104.119221651331515, -2.440835841115124, 0.000000000000114 ] ] ] } },
{ "type": "Feature", "properties": { "FID": 33, "OBJECTID": 649, "NIB": "649", "NO": 649, "NAMA": "MUSLIKAN", "LOKASI_LAH": "IPPKH", "STATUS": "Lunas", "Lokasi_2": "Timur", "NIB_1": "649", "KETERANGAN": " ", "Luas_Acad": 0.91240000001199995, "long": 104.115356504, "lat": -2.4402815827 }, "geometry": { "type": "Polygon", "coordinates": [ [ [ 104.116012200881087, -2.440468328805306, 0.000000000000114 ], [ 104.11602155506408, -2.439916524781491, 0.000000000000114 ], [ 104.114654407617977, -2.440060357881804, 0.000000000000114 ], [ 104.114878855414531, -2.440666592820298, 0.000000000000114 ], [ 104.116012200881087, -2.440468328805306, 0.000000000000114 ] ] ] } },
{ "type": "Feature", "properties": { "FID": 34, "OBJECTID": 564, "NIB": "564", "NO": 564, "NAMA": "Seni", "LOKASI_LAH": "IPPKH", "STATUS": "Lunas", "Lokasi_2": "Timur", "NIB_1": "564", "KETERANGAN": " ", "Luas_Acad": 0.87790010407399999, "long": 104.1139129, "lat": -2.4403531066499999 }, "geometry": { "type": "Polygon", "coordinates": [ [ [ 104.11406102031394, -2.439752398897573, 0.000000000000114 ], [ 104.114051678033974, -2.439731294087295, 0.000000000000114 ], [ 104.11402505117853, -2.439743329017659, 0.000000000000114 ], [ 104.113161406946119, -2.440113645436369, 0.000000000000114 ], [ 104.113206310569595, -2.440213181883682, 0.000000000000114 ], [ 104.113441559613761, -2.440233040491317, 0.000000000000114 ], [ 104.113691825806541, -2.440439655208644, 0.000000000000114 ], [ 104.114482880812361, -2.441046265463199, 0.000000000000114 ], [ 104.114576134798156, -2.440953885826884, 0.000000000000114 ], [ 104.11406102031394, -2.439752398897573, 0.000000000000114 ] ] ] } },
{ "type": "Feature", "properties": { "FID": 35, "OBJECTID": 622, "NIB": "622", "NO": 622, "NAMA": "Nazial Akbar#2", "LOKASI_LAH": "IPPKH", "STATUS": "Lunas", "Lokasi_2": "Timur", "NIB_1": "622", "KETERANGAN": " ", "Luas_Acad": 0.78000056036900001, "long": 104.11902187600001, "lat": -2.4402445286900001 }, "geometry": { "type": "Polygon", "coordinates": [ [ [ 104.119366919887113, -2.440136873356966, 0.000000000000114 ], [ 104.118944678644723, -2.439692300943869, 0.000000000000114 ], [ 104.118422886524002, -2.439927155220709, 0.000000000000114 ], [ 104.118476772590711, -2.440044789699153, 0.000000000000114 ], [ 104.119221651331515, -2.440835841115124, 0.000000000000114 ], [ 104.119600759475418, -2.440407372908753, 0.000000000000114 ], [ 104.119366919887113, -2.440136873356966, 0.000000000000114 ] ] ] } },
{ "type": "Feature", "properties": { "FID": 36, "OBJECTID": 604, "NIB": "604", "NO": 604, "NAMA": "H.Sani", "LOKASI_LAH": "IPPKH", "STATUS": " ", "Lokasi_2": "Timur", "NIB_1": "604", "KETERANGAN": " ", "Luas_Acad": 1.89816097857, "long": 104.12228810800001, "lat": -2.4406022888600001 }, "geometry": { "type": "Polygon", "coordinates": [ [ [ 104.122603665429011, -2.440214235386744, 0.000000000000114 ], [ 104.122408431394959, -2.43965028025953, 0.000000000000114 ], [ 104.122398424945359, -2.439634960484977, 0.000000000000114 ], [ 104.121914124371827, -2.439836689758777, 0.000000000000114 ], [ 104.121566092146594, -2.439981658175705, 0.000000000000114 ], [ 104.122152531296265, -2.441525883922381, 0.000000000000114 ], [ 104.122337740067934, -2.441496224891391, 0.000000000000114 ], [ 104.123009018587126, -2.441408605313605, 0.000000000000114 ], [ 104.122603665429011, -2.440214235386744, 0.000000000000114 ] ] ] } },
{ "type": "Feature", "properties": { "FID": 37, "OBJECTID": 524, "NIB": "524", "NO": 524, "NAMA": "Khambali 2", "LOKASI_LAH": "IPPKH", "STATUS": "Lunas", "Lokasi_2": "Timur", "NIB_1": "524", "KETERANGAN": " ", "Luas_Acad": 2.28342726756, "long": 104.111767348, "lat": -2.44046147273 }, "geometry": { "type": "Polygon", "coordinates": [ [ [ 104.111973665290307, -2.439784093042679, 0.000000000000114 ], [ 104.111542880047836, -2.439578854154278, 0.000000000000114 ], [ 104.111038861373657, -2.440139374941577, 0.000000000000114 ], [ 104.110793541010437, -2.440499671013956, 0.000000000000114 ], [ 104.112120853090659, -2.441388138818752, 0.000000000000114 ], [ 104.112243390299867, -2.441108103151283, 0.000000000000114 ], [ 104.112702713137466, -2.440131433422929, 0.000000000000114 ], [ 104.111973665290307, -2.439784093042679, 0.000000000000114 ] ] ] } },
{ "type": "Feature", "properties": { "FID": 38, "OBJECTID": 525, "NIB": "525", "NO": 525, "NAMA": "Khambali 1", "LOKASI_LAH": "IPPKH", "STATUS": "Lunas", "Lokasi_2": "Timur", "NIB_1": "525", "KETERANGAN": " ", "Luas_Acad": 0.83064273750600004, "long": 104.114538431, "lat": -2.4404038610400001 }, "geometry": { "type": "Polygon", "coordinates": [ [ [ 104.114654407617977, -2.440060357881804, 0.000000000000114 ], [ 104.114492833442029, -2.43958080949304, 0.000000000000114 ], [ 104.11406102031394, -2.439752398897573, 0.000000000000114 ], [ 104.114576134798156, -2.440953885826884, 0.000000000000114 ], [ 104.114482880812361, -2.441046265463199, 0.000000000000114 ], [ 104.114455781069296, -2.441227168818868, 0.000000000000114 ], [ 104.114935297388243, -2.441117375777356, 0.000000000000114 ], [ 104.114995508195619, -2.441073742994489, 0.000000000000114 ], [ 104.114878855414531, -2.440666592820298, 0.000000000000114 ], [ 104.114654407617977, -2.440060357881804, 0.000000000000114 ] ] ] } },
{ "type": "Feature", "properties": { "FID": 39, "OBJECTID": 523, "NIB": "523", "NO": 523, "NAMA": "MIRAH SUANTI", "LOKASI_LAH": "IPPKH", "STATUS": "Lunas", "Lokasi_2": "Timur", "NIB_1": "523", "KETERANGAN": " ", "Luas_Acad": 2.3207783420400001, "long": 104.11068464100001, "lat": -2.4405539664 }, "geometry": { "type": "Polygon", "coordinates": [ [ [ 104.111038861373657, -2.440139374941577, 0.000000000000114 ], [ 104.110386616645471, -2.439508494663272, 0.000000000000114 ], [ 104.110147080704948, -2.439653244151008, 0.000000000000114 ], [ 104.109680722741032, -2.439605650218935, 0.000000000000114 ], [ 104.109429222852299, -2.439767416254627, 0.000000000000114 ], [ 104.10933465551183, -2.440220523362241, 0.000000000000114 ], [ 104.111779882092179, -2.441771811473133, 0.000000000000114 ], [ 104.111886020792696, -2.441835256597917, 0.000000000000114 ], [ 104.112018627599852, -2.441621755744752, 0.000000000000114 ], [ 104.112120853090659, -2.441388138818752, 0.000000000000114 ], [ 104.110793541010437, -2.440499671013956, 0.000000000000114 ], [ 104.111038861373657, -2.440139374941577, 0.000000000000114 ] ] ] } },
{ "type": "Feature", "properties": { "FID": 40, "OBJECTID": 620, "NIB": "620", "NO": 620, "NAMA": "Adi#3", "LOKASI_LAH": "IPPKH", "STATUS": "Lunas", "Lokasi_2": "Timur", "NIB_1": "620", "KETERANGAN": " ", "Luas_Acad": 2.1310207778799999, "long": 104.120071807, "lat": -2.4406483579899998 }, "geometry": { "type": "Polygon", "coordinates": [ [ [ 104.120832872539339, -2.440462459727619, 36.082299999994575 ], [ 104.120500367036058, -2.440055167559433, 21.880365037291767 ], [ 104.120302691972995, -2.439765563057438, 0.000000000000114 ], [ 104.119853050086704, -2.439692898741527, 0.000000000000114 ], [ 104.119366919887113, -2.440136873356966, 0.000000000000114 ], [ 104.119600759475418, -2.440407372908753, 0.000000000000114 ], [ 104.119221651331515, -2.440835841115124, 0.000000000000114 ], [ 104.119168739994905, -2.440895576643907, 0.000000000000114 ], [ 104.119233666581096, -2.440946426070713, 0.000000000000114 ], [ 104.119321657879354, -2.440859493038409, 0.000000000000114 ], [ 104.120094646829841, -2.441592734182571, 30.927599999995437 ], [ 104.120409723620028, -2.441140637519939, 48.109700000001794 ], [ 104.120832872539339, -2.440462459727619, 36.082299999994575 ] ] ] } },
{ "type": "Feature", "properties": { "FID": 41, "OBJECTID": 640, "NIB": "640", "NO": 640, "NAMA": "Anang1", "LOKASI_LAH": "IPPKH", "STATUS": "Belum Lunas", "Lokasi_2": "Timur", "NIB_1": "640", "KETERANGAN": " ", "Luas_Acad": 1.44560857, "long": 104.11519510399999, "lat": -2.4395481108800001 }, "geometry": { "type": "Polygon", "coordinates": [ [ [ 104.11602155506408, -2.439916524781491, 0.000000000000114 ], [ 104.115612681313337, -2.439004679593022, 0.000000000000114 ], [ 104.114385115385701, -2.439264125931506, 0.000000000000114 ], [ 104.114492833442029, -2.43958080949304, 0.000000000000114 ], [ 104.114654407617977, -2.440060357881804, 0.000000000000114 ], [ 104.11602155506408, -2.439916524781491, 0.000000000000114 ] ] ] } },
{ "type": "Feature", "properties": { "FID": 42, "OBJECTID": 562, "NIB": "562", "NO": 562, "NAMA": "Lusi", "LOKASI_LAH": "IPPKH", "STATUS": "Lunas", "Lokasi_2": "Timur", "NIB_1": "562", "KETERANGAN": " ", "Luas_Acad": 1.1016855435099999, "long": 104.113778028, "lat": -2.4395147753600002 }, "geometry": { "type": "Polygon", "coordinates": [ [ [ 104.114385115385701, -2.439264125931506, 0.000000000000114 ], [ 104.114160496241098, -2.438920226823209, 0.000000000000114 ], [ 104.113098877333798, -2.439462287533093, 0.000000000000114 ], [ 104.113161406946119, -2.440113645436369, 0.000000000000114 ], [ 104.11402505117853, -2.439743329017659, 0.000000000000114 ], [ 104.114051678033974, -2.439731294087295, 0.000000000000114 ], [ 104.11406102031394, -2.439752398897573, 0.000000000000114 ], [ 104.114492833442029, -2.43958080949304, 0.000000000000114 ], [ 104.114385115385701, -2.439264125931506, 0.000000000000114 ] ] ] } },
{ "type": "Feature", "properties": { "FID": 43, "OBJECTID": 603, "NIB": "603", "NO": 603, "NAMA": "Adi#2", "LOKASI_LAH": "IPPKH", "STATUS": " ", "Lokasi_2": "Timur", "NIB_1": "603", "KETERANGAN": " ", "Luas_Acad": 0.96781715676199997, "long": 104.122876433, "lat": -2.4395447106399999 }, "geometry": { "type": "Polygon", "coordinates": [ [ [ 104.122869786115004, -2.43903887558187, 0.000000000000114 ], [ 104.122671883825035, -2.438788174741041, 0.000000000000114 ], [ 104.122550850924398, -2.439111531846426, 0.000000000000114 ], [ 104.122373723742342, -2.439597142506856, 0.000000000000114 ], [ 104.122388620656096, -2.439619949314511, 0.000000000000114 ], [ 104.122398424945359, -2.439634960484977, 0.000000000000114 ], [ 104.122408431394959, -2.43965028025953, 0.000000000000114 ], [ 104.122603665429011, -2.440214235386744, 0.000000000000114 ], [ 104.123468805805942, -2.439824642957799, 0.000000000000114 ], [ 104.122869786115004, -2.43903887558187, 0.000000000000114 ] ] ] } },
{ "type": "Feature", "properties": { "FID": 44, "OBJECTID": 602, "NIB": "602", "NO": 602, "NAMA": "Saprijo", "LOKASI_LAH": "IPPKH", "STATUS": " ", "Lokasi_2": "Timur", "NIB_1": "602", "KETERANGAN": " ", "Luas_Acad": 2.11237986671, "long": 104.124065754, "lat": -2.43927325204 }, "geometry": { "type": "Polygon", "coordinates": [ [ [ 104.125224056417849, -2.4396613092909, 0.0 ], [ 104.124680697922173, -2.438685061764331, 0.0 ], [ 104.12286978611499, -2.43903887558187, 0.0 ], [ 104.123468805805928, -2.439824642957817, 0.0 ], [ 104.125224056417849, -2.4396613092909, 0.0 ] ] ] } },
{ "type": "Feature", "properties": { "FID": 45, "OBJECTID": 623, "NIB": "623", "NO": 623, "NAMA": "Priadi", "LOKASI_LAH": "IPPKH", "STATUS": " ", "Lokasi_2": "Timur", "NIB_1": "623", "KETERANGAN": " ", "Luas_Acad": 1.22707214263, "long": 104.119234592, "lat": -2.4393567253200001 }, "geometry": { "type": "Polygon", "coordinates": [ [ [ 104.119853050086704, -2.439692898741527, 0.000000000000114 ], [ 104.119332106709905, -2.438742203688041, 0.000000000000114 ], [ 104.119218687921745, -2.43854649690733, 0.000000000000114 ], [ 104.119008253107808, -2.438742504784883, 0.000000000000114 ], [ 104.118648219734496, -2.439176479410725, 0.000000000000114 ], [ 104.118615217176568, -2.439268945138056, 0.000000000000114 ], [ 104.118944678644723, -2.439692300943869, 0.000000000000114 ], [ 104.119366919887113, -2.440136873356966, 0.000000000000114 ], [ 104.119853050086704, -2.439692898741527, 0.000000000000114 ] ] ] } },
{ "type": "Feature", "properties": { "FID": 46, "OBJECTID": 624, "NIB": "624", "NO": 624, "NAMA": "A. Sobirin#2", "LOKASI_LAH": "IPPKH", "STATUS": "Lunas", "Lokasi_2": "Timur", "NIB_1": "624", "KETERANGAN": " ", "Luas_Acad": 1.1515891834500001, "long": 104.119869687, "lat": -2.4390369605400002 }, "geometry": { "type": "Polygon", "coordinates": [ [ [ 104.120339107914091, -2.439087131030862, 0.000000000000114 ], [ 104.119772882331475, -2.438498763681413, 0.000000000000114 ], [ 104.119532643185821, -2.438245315526393, 0.000000000000114 ], [ 104.119503210389837, -2.438281480481511, 0.000000000000114 ], [ 104.119218687921745, -2.43854649690733, 0.000000000000114 ], [ 104.119332107071926, -2.438742204348667, 0.000000000000114 ], [ 104.119853050086704, -2.439692898741527, 0.000000000000114 ], [ 104.120302691972995, -2.439765563057438, 0.000000000000114 ], [ 104.120509772226043, -2.439421948146298, 0.000000000000114 ], [ 104.120339107914091, -2.439087131030862, 0.000000000000114 ] ] ] } },
{ "type": "Feature", "properties": { "FID": 47, "OBJECTID": 641, "NIB": "641", "NO": 641, "NAMA": "Adi#4", "LOKASI_LAH": "IPPKH", "STATUS": " ", "Lokasi_2": "Timur", "NIB_1": "641", "KETERANGAN": " ", "Luas_Acad": 1.92573182015, "long": 104.116259129, "lat": -2.43938893821 }, "geometry": { "type": "Polygon", "coordinates": [ [ [ 104.11681319576762, -2.439627573301201, 0.000000000000114 ], [ 104.116921174116229, -2.439546229923036, 0.000000000000114 ], [ 104.116605084484846, -2.438437652408351, 0.000000000000114 ], [ 104.115553707403009, -2.438782955874331, 0.000000000000114 ], [ 104.115612681313337, -2.439004679593022, 0.000000000000114 ], [ 104.11602155506408, -2.439916524781491, 0.000000000000114 ], [ 104.116012200881087, -2.440468328805306, 0.000000000000114 ], [ 104.11687606363617, -2.43976330585974, 0.000000000000114 ], [ 104.11681319576762, -2.439627573301201, 0.000000000000114 ] ] ] } },
{ "type": "Feature", "properties": { "FID": 48, "OBJECTID": 639, "NIB": "639", "NO": 639, "NAMA": "Wagira", "LOKASI_LAH": "IPPKH", "STATUS": "Lunas", "Lokasi_2": "Timur", "NIB_1": "639", "KETERANGAN": " ", "Luas_Acad": 1.0602390403199999, "long": 104.114860845, "lat": -2.4388230061999998 }, "geometry": { "type": "Polygon", "coordinates": [ [ [ 104.115553707403009, -2.438782955874331, 0.000000000000114 ], [ 104.115390794226101, -2.438373469134619, 0.000000000000114 ], [ 104.114097699711451, -2.438675941523398, 0.000000000000114 ], [ 104.114160496241098, -2.438920226823209, 0.000000000000114 ], [ 104.114385115385701, -2.439264125931506, 0.000000000000114 ], [ 104.115612681313337, -2.439004679593022, 0.000000000000114 ], [ 104.115553707403009, -2.438782955874331, 0.000000000000114 ] ] ] } },
{ "type": "Feature", "properties": { "FID": 49, "OBJECTID": 561, "NIB": "561", "NO": 561, "NAMA": "DIDIK BEJO", "LOKASI_LAH": "IPPKH", "STATUS": "Lunas", "Lokasi_2": "Timur", "NIB_1": "561", "KETERANGAN": " ", "Luas_Acad": 0.90995, "long": 104.113535902, "lat": -2.43889881543 }, "geometry": { "type": "Polygon", "coordinates": [ [ [ 104.114097699711451, -2.438675941523415, 0.0 ], [ 104.11395401265365, -2.438350188117975, 0.0 ], [ 104.112919422926211, -2.438819898223136, 0.0 ], [ 104.113098877333783, -2.43946228753311, 0.0 ], [ 104.114160496241098, -2.438920226823209, 0.0 ], [ 104.114097699711451, -2.438675941523415, 0.0 ] ] ] } },
{ "type": "Feature", "properties": { "FID": 50, "OBJECTID": 644, "NIB": "644", "NO": 644, "NAMA": "Ismail#2", "LOKASI_LAH": "IPPKH", "STATUS": "Lunas", "Lokasi_2": "Timur", "NIB_1": "644", "KETERANGAN": " ", "Luas_Acad": 5.4541841484500004, "long": 104.11730608400001, "lat": -2.44142864202 }, "geometry": { "type": "Polygon", "coordinates": [ [ [ 104.117920459509506, -2.440923266929107, 0.000000000000114 ], [ 104.116939043638141, -2.439727163140303, 0.000000000000114 ], [ 104.11687606363617, -2.43976330585974, 0.000000000000114 ], [ 104.116012200881087, -2.440468328805306, 0.000000000000114 ], [ 104.116020810521889, -2.441056328970991, 0.000000000000114 ], [ 104.11610165404862, -2.441210165578685, 0.000000000000114 ], [ 104.116416371325798, -2.441309880328542, 0.000000000000114 ], [ 104.117512502875414, -2.443011265760306, 0.000000000000114 ], [ 104.117764181524691, -2.443237583766192, 0.000000000000114 ], [ 104.118628706345987, -2.441519400058577, 0.000000000000114 ], [ 104.117920459509506, -2.440923266929107, 0.000000000000114 ] ] ] } },
{ "type": "Feature", "properties": { "FID": 51, "OBJECTID": 504, "NIB": "504", "NO": 504, "NAMA": "Yulianto", "LOKASI_LAH": "IPPKH", "STATUS": "Lunas", "Lokasi_2": "Timur", "NIB_1": "504", "KETERANGAN": " ", "Luas_Acad": 3.2172578652800001, "long": 104.110863063, "lat": -2.43915580587 }, "geometry": { "type": "Polygon", "coordinates": [ [ [ 104.110852452391129, -2.438406569424091, 0.0 ], [ 104.109765216798664, -2.438227404451256, 0.0 ], [ 104.109680722741018, -2.439605650218935, 0.0 ], [ 104.110147080704934, -2.439653244151008, 0.0 ], [ 104.110386616645471, -2.439508494663272, 0.0 ], [ 104.111038861373657, -2.440139374941577, 0.0 ], [ 104.111542880047836, -2.439578854154278, 0.0 ], [ 104.112352371624539, -2.439497976822367, 0.0 ], [ 104.111875892360572, -2.439208186798248, 0.0 ], [ 104.111804932087253, -2.439152606857812, 0.0 ], [ 104.110852452391129, -2.438406569424091, 0.0 ] ] ] } },
{ "type": "Feature", "properties": { "FID": 52, "OBJECTID": 530, "NIB": "530", "NO": 530, "NAMA": "Mujino", "LOKASI_LAH": "IPPKH", "STATUS": " ", "Lokasi_2": "Timur", "NIB_1": "530", "KETERANGAN": " ", "Luas_Acad": 3.5066824832800001, "long": 104.12129183899999, "lat": -2.4393764388600001 }, "geometry": { "type": "Polygon", "coordinates": [ [ [ 104.122254719255125, -2.439061033303748, 0.000000000000114 ], [ 104.121427965154851, -2.438147053659403, 0.000000000000114 ], [ 104.120339107914091, -2.439087131030862, 0.000000000000114 ], [ 104.120509772226043, -2.439421948146298, 0.000000000000114 ], [ 104.120302691972995, -2.439765563057438, 10.870665670464177 ], [ 104.120500367036058, -2.440055167559433, 19.850334795515209 ], [ 104.120832872539339, -2.440462459727619, 36.082299999994575 ], [ 104.121327497904375, -2.440135215241165, 36.082299999994575 ], [ 104.121337034752145, -2.440128542782456, 36.082299999994575 ], [ 104.121566092146594, -2.439981658175705, 0.000000000000114 ], [ 104.121914124371827, -2.439836689758777, 0.000000000000114 ], [ 104.122398424945359, -2.439634960484977, 0.000000000000114 ], [ 104.122388620656096, -2.439619949314511, 0.000000000000114 ], [ 104.122373723742342, -2.439597142506856, 0.000000000000114 ], [ 104.122550850924398, -2.439111531846426, 0.000000000000114 ], [ 104.122254719255125, -2.439061033303748, 0.000000000000114 ] ] ] } },
{ "type": "Feature", "properties": { "FID": 53, "OBJECTID": 601, "NIB": "601", "NO": 601, "NAMA": "Tarkijan", "LOKASI_LAH": "IPPKH", "STATUS": " ", "Lokasi_2": "Timur", "NIB_1": "601", "KETERANGAN": " ", "Luas_Acad": 1.0834458499599999, "long": 104.123642976, "lat": -2.43859877455 }, "geometry": { "type": "Polygon", "coordinates": [ [ [ 104.124680697922173, -2.438685061764331, 0.0 ], [ 104.123724750720953, -2.438114409781773, 0.0 ], [ 104.122973670184081, -2.438600723205246, 0.0 ], [ 104.122671883825035, -2.438788174741058, 0.0 ], [ 104.12286978611499, -2.43903887558187, 0.0 ], [ 104.124680697922173, -2.438685061764331, 0.0 ] ] ] } },
{ "type": "Feature", "properties": { "FID": 54, "OBJECTID": 563, "NIB": "563", "NO": 563, "NAMA": "Seroji", "LOKASI_LAH": "IPPKH", "STATUS": "Lunas", "Lokasi_2": "Timur", "NIB_1": "563", "KETERANGAN": " ", "Luas_Acad": 2.395889005, "long": 104.112429414, "lat": -2.43913157791 }, "geometry": { "type": "Polygon", "coordinates": [ [ [ 104.112407294677595, -2.438032551487216, 0.0 ], [ 104.112155511227982, -2.437969062144549, 0.0 ], [ 104.111804932087253, -2.439152606857812, 0.0 ], [ 104.111875892360572, -2.439208186798248, 0.0 ], [ 104.112352371624539, -2.439497976822367, 0.0 ], [ 104.111542880047836, -2.439578854154278, 0.0 ], [ 104.111973665290307, -2.439784093042679, 0.0 ], [ 104.11270271313748, -2.440131433422946, 0.0 ], [ 104.113206310569595, -2.440213181883682, 0.0 ], [ 104.113161406946119, -2.440113645436369, 0.0 ], [ 104.113098877333783, -2.43946228753311, 0.0 ], [ 104.112919422926211, -2.438819898223136, 0.0 ], [ 104.112667977103186, -2.43824078366443, 0.0 ], [ 104.112407294677595, -2.438032551487216, 0.0 ] ] ] } },
{ "type": "Feature", "properties": { "FID": 55, "OBJECTID": 625, "NIB": "625", "NO": 625, "NAMA": "Budiyanto#2", "LOKASI_LAH": "IPPKH", "STATUS": "Lunas", "Lokasi_2": "Timur", "NIB_1": "625", "KETERANGAN": " ", "Luas_Acad": 1.1510181, "long": 104.12060702799999, "lat": -2.4384255663299998 }, "geometry": { "type": "Polygon", "coordinates": [ [ [ 104.121427965154851, -2.43814705365942, 0.0 ], [ 104.121144346098347, -2.437784410935036, 0.0 ], [ 104.119772882331461, -2.438498763681413, 0.0 ], [ 104.120339107914091, -2.439087131030862, 0.0 ], [ 104.121427965154851, -2.43814705365942, 0.0 ] ] ] } },
{ "type": "Feature", "properties": { "FID": 56, "OBJECTID": 635, "NIB": "635", "NO": 635, "NAMA": "Leni H.", "LOKASI_LAH": "IPPKH", "STATUS": "Lunas", "Lokasi_2": "Timur", "NIB_1": "635", "KETERANGAN": " ", "Luas_Acad": 0.93585, "long": 104.113320332, "lat": -2.4382690200599999 }, "geometry": { "type": "Polygon", "coordinates": [ [ [ 104.11395401265365, -2.438350188117975, 0.0 ], [ 104.113765564004723, -2.437707792865432, 0.0 ], [ 104.112667977103186, -2.43824078366443, 0.0 ], [ 104.112919422926211, -2.438819898223136, 0.0 ], [ 104.11395401265365, -2.438350188117975, 0.0 ] ] ] } },
{ "type": "Feature", "properties": { "FID": 57, "OBJECTID": 626, "NIB": "626", "NO": 626, "NAMA": "Mario", "LOKASI_LAH": "IPPKH", "STATUS": " ", "Lokasi_2": "Timur", "NIB_1": "626", "KETERANGAN": " ", "Luas_Acad": 1.112981649, "long": 104.120218349, "lat": -2.4379441958700001 }, "geometry": { "type": "Polygon", "coordinates": [ [ [ 104.121144346098347, -2.437784410935036, 0.000000000000114 ], [ 104.120861838959968, -2.437404903420116, 0.000000000000114 ], [ 104.119287252027405, -2.437986734845702, 0.000000000000114 ], [ 104.119532643185821, -2.438245315526393, 0.000000000000114 ], [ 104.119772882331475, -2.438498763681413, 0.000000000000114 ], [ 104.121144346098347, -2.437784410935036, 0.000000000000114 ] ] ] } },
{ "type": "Feature", "properties": { "FID": 58, "OBJECTID": 636, "NIB": "636", "NO": 636, "NAMA": "Mufid", "LOKASI_LAH": "IPPKH", "STATUS": "Lunas", "Lokasi_2": "Timur", "NIB_1": "636", "KETERANGAN": " ", "Luas_Acad": 1.9787382116500001, "long": 104.114538126, "lat": -2.4379469052 }, "geometry": { "type": "Polygon", "coordinates": [ [ [ 104.115390794226101, -2.438373469134619, 0.000000000000114 ], [ 104.114927722814286, -2.437209526981899, 0.000000000000114 ], [ 104.114922457964056, -2.437211930033091, 0.000000000000114 ], [ 104.113846164226615, -2.437479528975207, 0.000000000000114 ], [ 104.113707806536553, -2.437510549550433, 0.000000000000114 ], [ 104.113765564004751, -2.437707792865432, 0.000000000000114 ], [ 104.113954012653664, -2.438350188117958, 0.000000000000114 ], [ 104.114097699711451, -2.438675941523398, 0.000000000000114 ], [ 104.115390794226101, -2.438373469134619, 0.000000000000114 ] ] ] } },
{ "type": "Feature", "properties": { "FID": 59, "OBJECTID": 627, "NIB": "627", "NO": 627, "NAMA": "Sugeng#2", "LOKASI_LAH": "IPPKH", "STATUS": " ", "Lokasi_2": "Timur", "NIB_1": "627", "KETERANGAN": " ", "Luas_Acad": 1.1305086770099999, "long": 104.119901219, "lat": -2.4374815825399998 }, "geometry": { "type": "Polygon", "coordinates": [ [ [ 104.120861838959968, -2.437404903420116, 0.000000000000114 ], [ 104.120538321755902, -2.437006663492472, 0.000000000000114 ], [ 104.118982396678234, -2.43740687184954, 0.000000000000114 ], [ 104.119287252027405, -2.437986734845702, 0.000000000000114 ], [ 104.120861838959968, -2.437404903420116, 0.000000000000114 ] ] ] } },
{ "type": "Feature", "properties": { "FID": 60, "OBJECTID": 600, "NIB": "600", "NO": 600, "NAMA": "Jam…#2", "LOKASI_LAH": "IPPKH", "STATUS": " ", "Lokasi_2": "Timur", "NIB_1": "600", "KETERANGAN": " ", "Luas_Acad": 2.5718643923200002, "long": 104.124680482, "lat": -2.4378020124700002 }, "geometry": { "type": "Polygon", "coordinates": [ [ [ 104.125665316185447, -2.438024713569821, 0.0 ], [ 104.124980009082506, -2.436947684278966, 0.0 ], [ 104.124155816062824, -2.436993460740415, 0.0 ], [ 104.123924846604098, -2.437742389161624, 0.0 ], [ 104.123724750720953, -2.438114409781773, 0.0 ], [ 104.124680697922173, -2.438685061764331, 0.0 ], [ 104.125665316185447, -2.438024713569821, 0.0 ] ] ] } },
{ "type": "Feature", "properties": { "FID": 61, "OBJECTID": 532, "NIB": "532", "NO": 532, "NAMA": "Suyatno/Suroto", "LOKASI_LAH": "IPPKH", "STATUS": "Lunas", "Lokasi_2": "Timur", "NIB_1": "532", "KETERANGAN": " ", "Luas_Acad": 2.5534289821599998, "long": 104.121936023, "lat": -2.4380114803000001 }, "geometry": { "type": "Polygon", "coordinates": [ [ [ 104.122973670184081, -2.438600723205246, 0.0 ], [ 104.121806702065484, -2.436925934317435, 0.0 ], [ 104.120933800818335, -2.437386858490715, 0.0 ], [ 104.120861838959968, -2.437404903420149, 0.0 ], [ 104.121144346098347, -2.437784410935036, 0.0 ], [ 104.121427965154851, -2.43814705365942, 0.0 ], [ 104.122254719255125, -2.439061033303748, 0.0 ], [ 104.122550850924398, -2.439111531846426, 0.0 ], [ 104.122671883825035, -2.438788174741058, 0.0 ], [ 104.122973670184081, -2.438600723205246, 0.0 ] ] ] } },
{ "type": "Feature", "properties": { "FID": 62, "OBJECTID": 529, "NIB": "529", "NO": 529, "NAMA": "Anang 2", "LOKASI_LAH": "IPPKH", "STATUS": "Lunas", "Lokasi_2": "Timur", "NIB_1": "529", "KETERANGAN": " ", "Luas_Acad": 0.58145, "long": 104.11213327599999, "lat": -2.4374979049499998 }, "geometry": { "type": "Polygon", "coordinates": [ [ [ 104.112434821120303, -2.437200332167729, 0.0 ], [ 104.1121382350414, -2.436883523514199, 0.0 ], [ 104.111768833485399, -2.437887391174699, 0.0 ], [ 104.112155511227982, -2.437969062144549, 0.0 ], [ 104.112407294677595, -2.438032551487216, 0.0 ], [ 104.112434821120303, -2.437200332167729, 0.0 ] ] ] } },
{ "type": "Feature", "properties": { "FID": 63, "OBJECTID": 560, "NIB": "560", "NO": 560, "NAMA": "Bisri", "LOKASI_LAH": "IPPKH", "STATUS": "Lunas", "Lokasi_2": "Timur", "NIB_1": "560", "KETERANGAN": " ", "Luas_Acad": 1.77789245642, "long": 104.113065953, "lat": -2.4374165739600002 }, "geometry": { "type": "Polygon", "coordinates": [ [ [ 104.113707806536553, -2.437510549550433, 0.000000000000114 ], [ 104.113443303413703, -2.4365308807562, 0.000000000000114 ], [ 104.113345387034286, -2.436594845030732, 0.000000000000114 ], [ 104.112902703046132, -2.436884029957266, 0.000000000000114 ], [ 104.112434821120317, -2.437200332167729, 0.000000000000114 ], [ 104.11240729467761, -2.438032551487216, 0.000000000000114 ], [ 104.1126679771032, -2.43824078366443, 0.000000000000114 ], [ 104.113765564004751, -2.437707792865432, 0.000000000000114 ], [ 104.113707806536553, -2.437510549550433, 0.000000000000114 ] ] ] } },
{ "type": "Feature", "properties": { "FID": 64, "OBJECTID": 637, "NIB": "637", "NO": 637, "NAMA": "Kusim", "LOKASI_LAH": "IPPKH", "STATUS": " ", "Lokasi_2": "Timur", "NIB_1": "637", "KETERANGAN": " ", "Luas_Acad": 2.9652817480300002, "long": 104.115834525, "lat": -2.4376959141499999 }, "geometry": { "type": "Polygon", "coordinates": [ [ [ 104.116266564700425, -2.436578686878282, 0.000000000000114 ], [ 104.114927722814286, -2.437209526981899, 0.000000000000114 ], [ 104.115390794226101, -2.438373469134619, 0.000000000000114 ], [ 104.115553707403009, -2.438782955874331, 0.000000000000114 ], [ 104.116605084484846, -2.438437652408351, 0.000000000000114 ], [ 104.116663939315956, -2.438397770421811, 0.000000000000114 ], [ 104.116666762739428, -2.438085432307679, 0.000000000000114 ], [ 104.116266564700425, -2.436578686878282, 0.000000000000114 ] ] ] } },
{ "type": "Feature", "properties": { "FID": 65, "OBJECTID": 628, "NIB": "628", "NO": 628, "NAMA": "Usman Bakar", "LOKASI_LAH": "IPPKH", "STATUS": " ", "Lokasi_2": "Timur", "NIB_1": "628", "KETERANGAN": " ", "Luas_Acad": 1.6464505223499999, "long": 104.119564199, "lat": -2.4368306506800002 }, "geometry": { "type": "Polygon", "coordinates": [ [ [ 104.120538321755902, -2.437006663492472, 0.000000000000114 ], [ 104.120137389587128, -2.436259928590189, 0.000000000000114 ], [ 104.118739360375088, -2.436589590848649, 0.000000000000114 ], [ 104.118604869425482, -2.436688780088991, 0.000000000000114 ], [ 104.118982396678234, -2.43740687184954, 0.000000000000114 ], [ 104.120538321755902, -2.437006663492472, 0.000000000000114 ] ] ] } },
{ "type": "Feature", "properties": { "FID": 66, "OBJECTID": 506, "NIB": "506", "NO": 506, "NAMA": "Khusaini", "LOKASI_LAH": "IPPKH", "STATUS": "Lunas", "Lokasi_2": "Timur", "NIB_1": "506", "KETERANGAN": " ", "Luas_Acad": 1.4397230219, "long": 104.11412438000001, "lat": -2.4368352444200001 }, "geometry": { "type": "Polygon", "coordinates": [ [ [ 104.11450374907578, -2.436640845427868, 0.000000000000114 ], [ 104.113820585298924, -2.436088583821745, 0.000000000000114 ], [ 104.113443303413703, -2.4365308807562, 0.000000000000114 ], [ 104.113707806536553, -2.437510549550433, 0.000000000000114 ], [ 104.113846164226615, -2.437479528975207, 0.000000000000114 ], [ 104.114922457964056, -2.437211930033091, 0.000000000000114 ], [ 104.11450374907578, -2.436640845427868, 0.000000000000114 ] ] ] } },
{ "type": "Feature", "properties": { "FID": 67, "OBJECTID": 598, "NIB": "598", "NO": 598, "NAMA": "Zainuri", "LOKASI_LAH": "IPPKH", "STATUS": " ", "Lokasi_2": "Timur", "NIB_1": "598", "KETERANGAN": " ", "Luas_Acad": 1.25841183851, "long": 104.12356404800001, "lat": -2.4369226835500002 }, "geometry": { "type": "Polygon", "coordinates": [ [ [ 104.124155816062824, -2.436993460740415, 0.0 ], [ 104.123551930553091, -2.436087195972632, 0.0 ], [ 104.122908285643106, -2.43694718791605, 0.0 ], [ 104.123924846604098, -2.437742389161624, 0.0 ], [ 104.124155816062824, -2.436993460740415, 0.0 ] ] ] } },
{ "type": "Feature", "properties": { "FID": 68, "OBJECTID": 638, "NIB": "638", "NO": 638, "NAMA": "Rudi", "LOKASI_LAH": "IPPKH", "STATUS": "Lunas", "Lokasi_2": "Timur", "NIB_1": "638", "KETERANGAN": " ", "Luas_Acad": 4.5146319581699998, "long": 104.11724317, "lat": -2.4377204716900001 }, "geometry": { "type": "Polygon", "coordinates": [ [ [ 104.117744502855402, -2.437033886930948, 0.000000000000114 ], [ 104.11725090872828, -2.436027310976997, 0.000000000000114 ], [ 104.117009458854966, -2.436179025204374, 0.000000000000114 ], [ 104.116266564700425, -2.436578686878282, 0.000000000000114 ], [ 104.116666762739428, -2.438085432307679, 0.000000000000114 ], [ 104.116663939315956, -2.438397770421811, 0.000000000000114 ], [ 104.116605084484846, -2.438437652408351, 0.000000000000114 ], [ 104.116921174116229, -2.439546229923036, 0.000000000000114 ], [ 104.117146307402379, -2.439103120953678, 0.000000000000114 ], [ 104.11830710427293, -2.438181186516828, 0.000000000000114 ], [ 104.117744502855402, -2.437033886930948, 0.000000000000114 ] ] ] } },
{ "type": "Feature", "properties": { "FID": 69, "OBJECTID": 559, "NIB": "559", "NO": 559, "NAMA": "Darwan", "LOKASI_LAH": "IPPKH", "STATUS": "Lunas", "Lokasi_2": "Timur", "NIB_1": "559", "KETERANGAN": " ", "Luas_Acad": 1.085, "long": 104.111362833, "lat": -2.4368005640599999 }, "geometry": { "type": "Polygon", "coordinates": [ [ [ 104.111770060762055, -2.436014857785438, 0.0 ], [ 104.111185545217253, -2.435896871490363, 0.0 ], [ 104.110995502000264, -2.437687864739169, 0.0 ], [ 104.111382191429172, -2.437751443786523, 0.0 ], [ 104.111770060762055, -2.436014857785438, 0.0 ] ] ] } },
{ "type": "Feature", "properties": { "FID": 70, "OBJECTID": 503, "NIB": "503", "NO": 503, "NAMA": "Supriadi", "LOKASI_LAH": "IPPKH", "STATUS": "Lunas", "Lokasi_2": "Timur", "NIB_1": "503", "KETERANGAN": " ", "Luas_Acad": 2.06365, "long": 104.112125224, "lat": -2.4367321197299998 }, "geometry": { "type": "Polygon", "coordinates": [ [ [ 104.112902703046132, -2.436884029957266, 0.0 ], [ 104.112480808564925, -2.435644440187525, 0.0 ], [ 104.111770060762055, -2.436014857785438, 0.0 ], [ 104.111382191429172, -2.437751443786523, 0.0 ], [ 104.111768833485399, -2.437887391174699, 0.0 ], [ 104.1121382350414, -2.436883523514199, 0.0 ], [ 104.112434821120303, -2.437200332167729, 0.0 ], [ 104.112902703046132, -2.436884029957266, 0.0 ] ] ] } },
{ "type": "Feature", "properties": { "FID": 71, "OBJECTID": 599, "NIB": "599", "NO": 599, "NAMA": "Adi#1", "LOKASI_LAH": "IPPKH", "STATUS": " ", "Lokasi_2": "Timur", "NIB_1": "599", "KETERANGAN": " ", "Luas_Acad": 3.5819111506399999, "long": 104.122621416, "lat": -2.4371468271599999 }, "geometry": { "type": "Polygon", "coordinates": [ [ [ 104.122908285643106, -2.43694718791605, 0.0 ], [ 104.122038780321333, -2.435618630572131, 0.0 ], [ 104.121348428626902, -2.436266330905988, 0.0 ], [ 104.121806702065484, -2.436925934317435, 0.0 ], [ 104.122973670184081, -2.438600723205246, 0.0 ], [ 104.123724750720953, -2.438114409781773, 0.0 ], [ 104.123924846604098, -2.437742389161624, 0.0 ], [ 104.122908285643106, -2.43694718791605, 0.0 ] ] ] } },
{ "type": "Feature", "properties": { "FID": 72, "OBJECTID": 558, "NIB": "558", "NO": 558, "NAMA": "Iwan Aripianto", "LOKASI_LAH": "IPPKH", "STATUS": " ", "Lokasi_2": "Timur", "NIB_1": "558", "KETERANGAN": " ", "Luas_Acad": 3.921, "long": 104.110166474, "lat": -2.4366050987199999 }, "geometry": { "type": "Polygon", "coordinates": [ [ [ 104.110771934452686, -2.435742814154197, 0.0 ], [ 104.109818718037204, -2.435561260295161, 0.0 ], [ 104.109233692050609, -2.436221233489666, 0.0 ], [ 104.109026741165479, -2.436365832739505, 0.0 ], [ 104.109574710870348, -2.437352216836212, 0.0 ], [ 104.110995502000264, -2.437687864739169, 0.0 ], [ 104.111185545217253, -2.435896871490363, 0.0 ], [ 104.110771934452686, -2.435742814154197, 0.0 ] ] ] } },
{ "type": "Feature", "properties": { "FID": 73, "OBJECTID": 632, "NIB": "632", "NO": 632, "NAMA": "Bambang", "LOKASI_LAH": "IPPKH", "STATUS": "Lunas", "Lokasi_2": "Timur", "NIB_1": "632", "KETERANGAN": " ", "Luas_Acad": 1.40643333791, "long": 104.113155664, "lat": -2.4361355423400002 }, "geometry": { "type": "Polygon", "coordinates": [ [ [ 104.113820585298924, -2.436088583821745, 0.000000000000114 ], [ 104.113655400433785, -2.435504460701797, 0.000000000000114 ], [ 104.112480808564939, -2.435644440187508, 0.000000000000114 ], [ 104.112902703046132, -2.436884029957266, 0.000000000000114 ], [ 104.113345387034286, -2.436594845030732, 0.000000000000114 ], [ 104.113443303413703, -2.4365308807562, 0.000000000000114 ], [ 104.113820585298924, -2.436088583821745, 0.000000000000114 ] ] ] } },
{ "type": "Feature", "properties": { "FID": 74, "OBJECTID": 633, "NIB": "633", "NO": 633, "NAMA": "Herman", "LOKASI_LAH": "IPPKH", "STATUS": "Lunas", "Lokasi_2": "Timur", "NIB_1": "633", "KETERANGAN": " ", "Luas_Acad": 2.9589619479599998, "long": 104.114883404, "lat": -2.43626584109 }, "geometry": { "type": "Polygon", "coordinates": [ [ [ 104.115059371154842, -2.435539631469992, 0.000000000000114 ], [ 104.114419812199159, -2.435411341890759, 0.000000000000114 ], [ 104.113655400433785, -2.435504460701797, 0.000000000000114 ], [ 104.113820585298924, -2.436088583821745, 0.000000000000114 ], [ 104.11450374907578, -2.436640845427868, 0.000000000000114 ], [ 104.114922457964056, -2.437211930033091, 0.000000000000114 ], [ 104.114927722814286, -2.437209526981899, 0.000000000000114 ], [ 104.116169600778264, -2.436624374745344, 0.000000000000114 ], [ 104.115059371154842, -2.435539631469992, 0.000000000000114 ] ] ] } },
{ "type": "Feature", "properties": { "FID": 75, "OBJECTID": 595, "NIB": "595", "NO": 595, "NAMA": "Budiyanto#1", "LOKASI_LAH": "IPPKH", "STATUS": "Lunas", "Lokasi_2": "Timur", "NIB_1": "595", "KETERANGAN": " ", "Luas_Acad": 0.7173405873000001, "long": 104.121533822, "lat": -2.4356667076699998 }, "geometry": { "type": "Polygon", "coordinates": [ [ [ 104.122038780321333, -2.435618630572131, 0.0 ], [ 104.121686689515712, -2.435059644130826, 0.0 ], [ 104.121032045615237, -2.435759296781001, 0.0 ], [ 104.121348428626902, -2.436266330905988, 0.0 ], [ 104.122038780321333, -2.435618630572131, 0.0 ] ] ] } },
{ "type": "Feature", "properties": { "FID": 76, "OBJECTID": 634, "NIB": "634", "NO": 634, "NAMA": "Ridwan", "LOKASI_LAH": "IPPKH", "STATUS": "Lunas", "Lokasi_2": "Timur", "NIB_1": "634", "KETERANGAN": " ", "Luas_Acad": 1.95670723703, "long": 104.115933121, "lat": -2.4357838835800001 }, "geometry": { "type": "Polygon", "coordinates": [ [ [ 104.116249848140498, -2.435489899907341, 0.000000000000114 ], [ 104.115679225924254, -2.434946804324876, 0.000000000000114 ], [ 104.114858237997467, -2.43534201440744, 0.000000000000114 ], [ 104.1150615124089, -2.4355407933352, 0.000000000000114 ], [ 104.116169600778264, -2.436624374745344, 0.000000000000114 ], [ 104.116266564700425, -2.436578686878282, 0.000000000000114 ], [ 104.117009458854966, -2.436179025204374, 0.000000000000114 ], [ 104.116249848140498, -2.435489899907341, 0.000000000000114 ] ] ] } },
{ "type": "Feature", "properties": { "FID": 77, "OBJECTID": 533, "NIB": "533", "NO": 533, "NAMA": "Kaswat", "LOKASI_LAH": "IPPKH", "STATUS": " ", "Lokasi_2": "Timur", "NIB_1": "533", "KETERANGAN": " ", "Luas_Acad": 2.8416100502899999, "long": 104.120762825, "lat": -2.43622248431 }, "geometry": { "type": "Polygon", "coordinates": [ [ [ 104.121032045615237, -2.435759296781001, 0.000000000000114 ], [ 104.120477616767445, -2.434998500738598, 0.000000000000114 ], [ 104.119765792290778, -2.435567829590035, 0.000000000000114 ], [ 104.120137389587128, -2.436259928590206, 0.000000000000114 ], [ 104.120538321755902, -2.437006663492472, 0.000000000000114 ], [ 104.120861838959968, -2.437404903420132, 0.000000000000114 ], [ 104.120933800818335, -2.437386858490715, 0.000000000000114 ], [ 104.121806702065484, -2.436925934317436, 0.000000000000114 ], [ 104.121348428626902, -2.436266330905988, 0.000000000000114 ], [ 104.121032045615237, -2.435759296781001, 0.000000000000114 ] ] ] } },
{ "type": "Feature", "properties": { "FID": 78, "OBJECTID": 592, "NIB": "592", "NO": 592, "NAMA": "Darwan#2", "LOKASI_LAH": "IPPKH", "STATUS": " ", "Lokasi_2": "Timur", "NIB_1": "592", "KETERANGAN": " ", "Luas_Acad": 2.1220534119100001, "long": 104.119226259, "lat": -2.4358006250900002 }, "geometry": { "type": "Polygon", "coordinates": [ [ [ 104.119765792290778, -2.435567829590035, 0.000000000000114 ], [ 104.11944474554879, -2.434961619240652, 0.000000000000114 ], [ 104.118369433780614, -2.435440779987635, 0.000000000000114 ], [ 104.118739360375088, -2.436589590848649, 0.000000000000114 ], [ 104.120137389587128, -2.436259928590189, 0.000000000000114 ], [ 104.119765792290778, -2.435567829590035, 0.000000000000114 ] ] ] } },
{ "type": "Feature", "properties": { "FID": 79, "OBJECTID": 629, "NIB": "629", "NO": 629, "NAMA": "Marjani", "LOKASI_LAH": "IPPKH", "STATUS": "Lunas", "Lokasi_2": "Timur", "NIB_1": "629", "KETERANGAN": " ", "Luas_Acad": 0.517299524437, "long": 104.11621667, "lat": -2.4350131904899999 }, "geometry": { "type": "Polygon", "coordinates": [ [ [ 104.116744006477333, -2.434917432042444, 0.000000000000114 ], [ 104.116339603684636, -2.434631606128571, 0.000000000000114 ], [ 104.115679225924254, -2.434946804324876, 0.000000000000114 ], [ 104.1161831717518, -2.435426439993395, 0.000000000000114 ], [ 104.116744006477333, -2.434917432042444, 0.000000000000114 ] ] ] } },
{ "type": "Feature", "properties": { "FID": 80, "OBJECTID": 557, "NIB": "557", "NO": 557, "NAMA": "Usman JN", "LOKASI_LAH": "IPPKH", "STATUS": "Lunas", "Lokasi_2": "Timur", "NIB_1": "557", "KETERANGAN": " ", "Luas_Acad": 2.1609340591700001, "long": 104.11084216099999, "lat": -2.4349920474000002 }, "geometry": { "type": "Polygon", "coordinates": [ [ [ 104.11132127515036, -2.434639559428412, 22.2841000000044 ], [ 104.110949569208543, -2.434335823230222, 8.91359999999986 ], [ 104.109786653962232, -2.434707064416447, 0.0 ], [ 104.109818718037204, -2.435561260295161, 0.0 ], [ 104.110771934452686, -2.435742814154197, 0.0 ], [ 104.1111229152486, -2.435399296787882, 0.0 ], [ 104.111752861351789, -2.434811720523474, 22.2841000000044 ], [ 104.11132127515036, -2.434639559428412, 22.2841000000044 ] ] ] } },
{ "type": "Feature", "properties": { "FID": 81, "OBJECTID": 596, "NIB": "596", "NO": 596, "NAMA": "Sudin Santoso", "LOKASI_LAH": "IPPKH", "STATUS": " ", "Lokasi_2": "Timur", "NIB_1": "596", "KETERANGAN": " ", "Luas_Acad": 2.6732503492099999, "long": 104.122616877, "lat": -2.4356523654600002 }, "geometry": { "type": "Polygon", "coordinates": [ [ [ 104.123273344819239, -2.435588220636056, 0.000000000000114 ], [ 104.122205804070234, -2.434329520827089, 0.000000000000114 ], [ 104.121655218767046, -2.435014895153449, 0.000000000000114 ], [ 104.121686689515712, -2.435059644130826, 0.000000000000114 ], [ 104.122038780321333, -2.435618630572131, 0.000000000000114 ], [ 104.122908285643106, -2.436947187916033, 0.000000000000114 ], [ 104.123551930553091, -2.436087195972632, 0.000000000000114 ], [ 104.123273344819239, -2.435588220636056, 0.000000000000114 ] ] ] } },
{ "type": "Feature", "properties": { "FID": 82, "OBJECTID": 593, "NIB": "593", "NO": 593, "NAMA": "Marjani", "LOKASI_LAH": "IPPKH", "STATUS": " ", "Lokasi_2": "Timur", "NIB_1": "593", "KETERANGAN": " ", "Luas_Acad": 1.1902132703099999, "long": 104.121049762, "lat": -2.43498902332 }, "geometry": { "type": "Polygon", "coordinates": [ [ [ 104.121655218767046, -2.435014895153449, 0.000000000000114 ], [ 104.121039042767578, -2.434234599305178, 0.000000000000114 ], [ 104.120791477496567, -2.434494882275028, 0.000000000000114 ], [ 104.120416803250805, -2.434894247813439, 0.000000000000114 ], [ 104.120477616767445, -2.434998500738598, 0.000000000000114 ], [ 104.121032045615237, -2.435759296781001, 0.000000000000114 ], [ 104.121686689515712, -2.435059644130826, 0.000000000000114 ], [ 104.121655218767046, -2.435014895153449, 0.000000000000114 ] ] ] } },
{ "type": "Feature", "properties": { "FID": 83, "OBJECTID": 631, "NIB": "631", "NO": 631, "NAMA": "Rosmawani#2", "LOKASI_LAH": "IPPKH", "STATUS": "Belum Lunas", "Lokasi_2": "Timur", "NIB_1": "631", "KETERANGAN": " ", "Luas_Acad": 4.3796283732400001, "long": 104.11260085000001, "lat": -2.4351088889399999 }, "geometry": { "type": "Polygon", "coordinates": [ [ [ 104.113839784472617, -2.434234153343619, 8.9136 ], [ 104.113228240657591, -2.434188518796712, 22.2841000000044 ], [ 104.112967768323713, -2.434297897974413, 22.2841000000044 ], [ 104.111752861351789, -2.434811720523457, 22.2841000000044 ], [ 104.110771934452686, -2.435742814154197, 0.000000000000114 ], [ 104.111185545217253, -2.435896871490347, 0.000000000000114 ], [ 104.111770060762069, -2.436014857785421, 0.000000000000114 ], [ 104.112480808564939, -2.435644440187508, 0.000000000000114 ], [ 104.113655400433785, -2.435504460701797, 0.000000000000114 ], [ 104.114419812199159, -2.435411341890759, 0.000000000000114 ], [ 104.113988001124341, -2.434535679086798, 7.52516152552198 ], [ 104.113839784472617, -2.434234153343619, 8.9136 ] ] ] } },
{ "type": "Feature", "properties": { "FID": 84, "OBJECTID": 591, "NIB": "591", "NO": 591, "NAMA": "Suryati", "LOKASI_LAH": "IPPKH", "STATUS": " ", "Lokasi_2": "Timur", "NIB_1": "591", "KETERANGAN": " ", "Luas_Acad": 1.0946958168400001, "long": 104.118724701, "lat": -2.4348537404399999 }, "geometry": { "type": "Polygon", "coordinates": [ [ [ 104.11944474554879, -2.434961619240652, 0.000000000000114 ], [ 104.119084473013672, -2.434264536509352, 0.000000000000114 ], [ 104.117976530628198, -2.434806783114569, 0.000000000000114 ], [ 104.118273106500268, -2.435141682962104, 0.000000000000114 ], [ 104.118369433780614, -2.435440779987652, 0.000000000000114 ], [ 104.11944474554879, -2.434961619240652, 0.000000000000114 ] ] ] } },
{ "type": "Feature", "properties": { "FID": 85, "OBJECTID": 173, "NIB": "173", "NO": 173, "NAMA": "AINI#3", "LOKASI_LAH": "IPPKH", "STATUS": "Lunas", "Lokasi_2": "Barat", "NIB_1": "173", "KETERANGAN": " ", "Luas_Acad": 0.81870463027200002, "long": 104.10113214, "lat": -2.43456544408 }, "geometry": { "type": "Polygon", "coordinates": [ [ [ 104.101551246349644, -2.434122498596656, 0.0 ], [ 104.101167107795206, -2.434031030956109, 0.0 ], [ 104.10103485052224, -2.434174231474346, 0.0 ], [ 104.100877824305286, -2.434373473625057, 0.0 ], [ 104.100617444647298, -2.434743001290335, 0.0 ], [ 104.100833146631174, -2.434950978550758, 0.0 ], [ 104.101048045845388, -2.435041809138579, 0.0 ], [ 104.101188091735011, -2.435077827548334, 0.0 ], [ 104.101386098063145, -2.435019447826704, 0.0 ], [ 104.101483731057954, -2.434865996643027, 0.0 ], [ 104.101556868281492, -2.434539476589741, 0.0 ], [ 104.101543133366945, -2.434494258927401, 0.0 ], [ 104.101578973745674, -2.434274889474989, 0.0 ], [ 104.101551246349644, -2.434122498596656, 0.0 ] ] ] } },
{ "type": "Feature", "properties": { "FID": 86, "OBJECTID": 630, "NIB": "630", "NO": 630, "NAMA": "Medi", "LOKASI_LAH": "IPPKH", "STATUS": " ", "Lokasi_2": "Timur", "NIB_1": "630", "KETERANGAN": " ", "Luas_Acad": 1.9144206371300001, "long": 104.11476266, "lat": -2.4347695268399998 }, "geometry": { "type": "Polygon", "coordinates": [ [ [ 104.116048924169235, -2.43450685550293, 0.000000000000114 ], [ 104.115031449776779, -2.434443284790326, 0.000000000000114 ], [ 104.114676260195949, -2.434144245140882, 0.000000000000114 ], [ 104.113988001124341, -2.434535679086798, 8.9136 ], [ 104.114419812199159, -2.435411341890759, 0.000000000000114 ], [ 104.115059371154842, -2.435539631469992, 0.000000000000114 ], [ 104.114858237997467, -2.43534201440744, 0.000000000000114 ], [ 104.115679225924254, -2.434946804324876, 0.000000000000114 ], [ 104.116339603684636, -2.434631606128571, 0.000000000000114 ], [ 104.116090297395161, -2.43445762044798, 0.000000000000114 ], [ 104.116048924169235, -2.43450685550293, 0.000000000000114 ] ] ] } },
{ "type": "Feature", "properties": { "FID": 87, "OBJECTID": 172, "NIB": "172", "NO": 172, "NAMA": "AINI#2", "LOKASI_LAH": "IPPKH", "STATUS": "Lunas", "Lokasi_2": "Barat", "NIB_1": "172", "KETERANGAN": " ", "Luas_Acad": 0.84218671898599995, "long": 104.104849288, "lat": -2.4345863564500001 }, "geometry": { "type": "Polygon", "coordinates": [ [ [ 104.105195645401793, -2.43384452400762, 0.0 ], [ 104.104891794338243, -2.433835712150915, 0.0 ], [ 104.104645826645424, -2.434567150229471, 0.0 ], [ 104.104641372768285, -2.434582429638327, 0.0 ], [ 104.104427801622847, -2.435188889202054, 0.0 ], [ 104.104822195132357, -2.435241664895093, 0.0 ], [ 104.105097202034912, -2.435261107534881, 0.0 ], [ 104.105195645401793, -2.43384452400762, 0.0 ] ] ] } },
{ "type": "Feature", "properties": { "FID": 88, "OBJECTID": 594, "NIB": "594", "NO": 594, "NAMA": "Sugeng", "LOKASI_LAH": "IPPKH", "STATUS": " ", "Lokasi_2": "Timur", "NIB_1": "594", "KETERANGAN": " ", "Luas_Acad": 1.0056234963599999, "long": 104.121632922, "lat": -2.43435156923 }, "geometry": { "type": "Polygon", "coordinates": [ [ [ 104.122205804070234, -2.434329520827105, 0.000000000000114 ], [ 104.121403897276608, -2.433651134805504, 0.000000000000114 ], [ 104.12134087665838, -2.433750600437206, 0.000000000000114 ], [ 104.121070794869453, -2.434166543267516, 0.000000000000114 ], [ 104.121039042767578, -2.434234599305178, 0.000000000000114 ], [ 104.121655218767046, -2.435014895153449, 0.000000000000114 ], [ 104.122205804070234, -2.434329520827105, 0.000000000000114 ] ] ] } },
{ "type": "Feature", "properties": { "FID": 89, "OBJECTID": 535, "NIB": "535", "NO": 535, "NAMA": "Taufik Yulianto/Ahyudi", "LOKASI_LAH": "IPPKH", "STATUS": "Lunas", "Lokasi_2": "Timur", "NIB_1": "535", "KETERANGAN": " ", "Luas_Acad": 1.07590116137, "long": 104.118271111, "lat": -2.43427795799 }, "geometry": { "type": "Polygon", "coordinates": [ [ [ 104.118817860864951, -2.43395827349386, 0.000000000000114 ], [ 104.118449437024239, -2.433768972416324, 0.000000000000114 ], [ 104.117463655655229, -2.43425143110044, 0.000000000000114 ], [ 104.117976530628198, -2.434806783114569, 0.000000000000114 ], [ 104.119084473013672, -2.434264536509352, 0.000000000000114 ], [ 104.118817860864951, -2.43395827349386, 0.000000000000114 ] ] ] } },
{ "type": "Feature", "properties": { "FID": 90, "OBJECTID": 513, "NIB": "513", "NO": 513, "NAMA": "Sazali 2", "LOKASI_LAH": "IPPKH", "STATUS": "Lunas", "Lokasi_2": "Timur", "NIB_1": "513", "KETERANGAN": " ", "Luas_Acad": 1.00628468793, "long": 104.110317518, "lat": -2.4341578996500002 }, "geometry": { "type": "Polygon", "coordinates": [ [ [ 104.110844862784816, -2.434250263143569, 14.855999999999767 ], [ 104.110678011599191, -2.433569057714472, 19.32390000000305 ], [ 104.109769406230967, -2.433941596649362, 19.32390000000305 ], [ 104.109786653962232, -2.434707064416447, 0.0 ], [ 104.110949569208543, -2.434335823230222, 8.91359999999986 ], [ 104.110844862784816, -2.434250263143569, 14.855999999999767 ] ] ] } },
{ "type": "Feature", "properties": { "FID": 91, "OBJECTID": 645, "NIB": "645", "NO": 645, "NAMA": "Adi#4", "LOKASI_LAH": "IPPKH", "STATUS": "Lunas", "Lokasi_2": "Timur", "NIB_1": "645", "KETERANGAN": " ", "Luas_Acad": 8.0436937827699992, "long": 104.11780425000001, "lat": -2.4362688053400001 }, "geometry": { "type": "Polygon", "coordinates": [ [ [ 104.117463655655229, -2.43425143110044, 0.000000000000114 ], [ 104.116808174792524, -2.433530517905791, 0.000000000000114 ], [ 104.116090297395161, -2.43445762044798, 0.000000000000114 ], [ 104.116339603684636, -2.434631606128571, 0.000000000000114 ], [ 104.116744006477333, -2.434917432042427, 0.000000000000114 ], [ 104.1161831717518, -2.435426439993395, 0.000000000000114 ], [ 104.117009458854966, -2.436179025204374, 0.000000000000114 ], [ 104.11725090872828, -2.436027310976997, 0.000000000000114 ], [ 104.117744502855402, -2.437033886930948, 0.000000000000114 ], [ 104.11830710427293, -2.438181186516828, 0.000000000000114 ], [ 104.11848672050688, -2.438579332091917, 0.000000000000114 ], [ 104.118442525668414, -2.438768021821804, 0.000000000000114 ], [ 104.118615217176568, -2.439268945138056, 0.000000000000114 ], [ 104.118648219734496, -2.439176479410725, 0.000000000000114 ], [ 104.119008253107808, -2.438742504784883, 0.000000000000114 ], [ 104.119218687921745, -2.43854649690733, 0.000000000000114 ], [ 104.119503210389837, -2.438281480481511, 0.000000000000114 ], [ 104.119532643185821, -2.438245315526393, 0.000000000000114 ], [ 104.119287252027405, -2.437986734845702, 0.000000000000114 ], [ 104.118982396678234, -2.43740687184954, 0.000000000000114 ], [ 104.118604869425482, -2.436688780088991, 0.000000000000114 ], [ 104.118739360375088, -2.436589590848649, 0.000000000000114 ], [ 104.118369433780614, -2.435440779987635, 0.000000000000114 ], [ 104.118273106500268, -2.435141682962104, 0.000000000000114 ], [ 104.117976530628198, -2.434806783114569, 0.000000000000114 ], [ 104.117463655655229, -2.43425143110044, 0.000000000000114 ] ] ] } },
{ "type": "Feature", "properties": { "FID": 92, "OBJECTID": 597, "NIB": "597", "NO": 597, "NAMA": "Johar", "LOKASI_LAH": "IPPKH", "STATUS": " ", "Lokasi_2": "Timur", "NIB_1": "597", "KETERANGAN": " ", "Luas_Acad": 5.5185977986100001, "long": 104.124684254, "lat": -2.4351793164200002 }, "geometry": { "type": "Polygon", "coordinates": [ [ [ 104.126277583693422, -2.434693530747383, 0.000000000000114 ], [ 104.12438056674624, -2.433393221183924, 0.000000000000114 ], [ 104.123804584417243, -2.434647774807522, 0.000000000000114 ], [ 104.124137067099554, -2.435091250408255, 0.000000000000114 ], [ 104.124083028603735, -2.435208814262232, 0.000000000000114 ], [ 104.123954773928304, -2.435337664717122, 0.000000000000114 ], [ 104.123804075992894, -2.435434784179342, 0.000000000000114 ], [ 104.123609763189975, -2.435495403941167, 0.000000000000114 ], [ 104.123273344819239, -2.435588220636056, 0.000000000000114 ], [ 104.123551930553091, -2.436087195972632, 0.000000000000114 ], [ 104.124155816062824, -2.436993460740382, 0.000000000000114 ], [ 104.12498000908252, -2.436947684278966, 0.000000000000114 ], [ 104.124553927218315, -2.435646891121225, 0.000000000000114 ], [ 104.126277583693422, -2.434693530747383, 0.000000000000114 ] ] ] } },
{ "type": "Feature", "properties": { "FID": 93, "OBJECTID": 501, "NIB": "501", "NO": 501, "NAMA": "Supriadi + Anton", "LOKASI_LAH": "IPPKH", "STATUS": "Lunas", "Lokasi_2": "Timur", "NIB_1": "501", "KETERANGAN": " ", "Luas_Acad": 2.49816539003, "long": 104.112275404, "lat": -2.43405967657 }, "geometry": { "type": "Polygon", "coordinates": [ [ [ 104.113839784472617, -2.434234153343619, 8.9136 ], [ 104.112572260780752, -2.433328709062465, 11.142000000007101 ], [ 104.11084486278483, -2.434250263143551, 14.855999999999767 ], [ 104.110949569208557, -2.434335823230206, 8.9136 ], [ 104.11132127515036, -2.434639559428412, 22.2841000000044 ], [ 104.111752861351789, -2.434811720523457, 22.2841000000044 ], [ 104.112967768323713, -2.434297897974413, 22.2841000000044 ], [ 104.113228240657591, -2.434188518796712, 22.2841000000044 ], [ 104.113839784472617, -2.434234153343619, 8.9136 ] ] ] } },
{ "type": "Feature", "properties": { "FID": 94, "OBJECTID": 590, "NIB": "590", "NO": 590, "NAMA": "Samian", "LOKASI_LAH": "IPPKH", "STATUS": " ", "Lokasi_2": "Timur", "NIB_1": "590", "KETERANGAN": " ", "Luas_Acad": 0.88357949046200002, "long": 104.12028245400001, "lat": -2.4340597548699998 }, "geometry": { "type": "Polygon", "coordinates": [ [ [ 104.120791477496567, -2.434494882275028, 0.000000000000114 ], [ 104.120024977495277, -2.433291179867737, 0.000000000000114 ], [ 104.119731161496901, -2.433496254817583, 0.000000000000114 ], [ 104.120416803250805, -2.434894247813456, 0.000000000000114 ], [ 104.120791477496567, -2.434494882275028, 0.000000000000114 ] ] ] } },
{ "type": "Feature", "properties": { "FID": 95, "OBJECTID": 556, "NIB": "556", "NO": 556, "NAMA": "Untung Budiarto", "LOKASI_LAH": "IPPKH", "STATUS": "Lunas", "Lokasi_2": "Timur", "NIB_1": "556", "KETERANGAN": " ", "Luas_Acad": 2.2409955241300001, "long": 104.109449779, "lat": -2.4345615929600002 }, "geometry": { "type": "Polygon", "coordinates": [ [ [ 104.109702957342066, -2.433797202846202, 0.0 ], [ 104.109514558248605, -2.433082439528978, 26.226299999994808 ], [ 104.109127828796829, -2.433082182805713, 26.226299999994808 ], [ 104.108991283588949, -2.43631350850629, 0.0 ], [ 104.109190026875623, -2.436175615975246, 0.0 ], [ 104.109758571261054, -2.435542552910792, 0.0 ], [ 104.109719645164304, -2.434599047127348, 0.0 ], [ 104.109702957342066, -2.433797202846202, 0.0 ] ] ] } },
{ "type": "Feature", "properties": { "FID": 96, "OBJECTID": 589, "NIB": "589", "NO": 589, "NAMA": "Endri", "LOKASI_LAH": "IPPKH", "STATUS": "Lunas", "Lokasi_2": "Timur", "NIB_1": "589", "KETERANGAN": " ", "Luas_Acad": 0.62876574160300003, "long": 104.12056225800001, "lat": -2.4337121768199999 }, "geometry": { "type": "Polygon", "coordinates": [ [ [ 104.120621214815998, -2.433323660384828, 0.000000000000114 ], [ 104.120439765485443, -2.433031877584292, 0.000000000000114 ], [ 104.120024977495277, -2.433291179867737, 0.000000000000114 ], [ 104.120791477496567, -2.434494882275028, 0.000000000000114 ], [ 104.121039042767578, -2.434234599305178, 0.000000000000114 ], [ 104.121070794869453, -2.434166543267516, 0.000000000000114 ], [ 104.120621214815998, -2.433323660384828, 0.000000000000114 ] ] ] } },
{ "type": "Feature", "properties": { "FID": 97, "OBJECTID": 509, "NIB": "509", "NO": 509, "NAMA": "Mulyadi 1", "LOKASI_LAH": "IPPKH", "STATUS": "Lunas", "Lokasi_2": "Timur", "NIB_1": "509", "KETERANGAN": " ", "Luas_Acad": 1.86376577897, "long": 104.11588602800001, "lat": -2.4338191085299998 }, "geometry": { "type": "Polygon", "coordinates": [ [ [ 104.116709379179071, -2.433322393213181, 0.000000000000114 ], [ 104.116547674604746, -2.433041858533324, 0.000000000000114 ], [ 104.116205583185518, -2.433548213181773, 0.000000000000114 ], [ 104.115854869058651, -2.433484659590579, 0.000000000000114 ], [ 104.115333451100881, -2.433149611316307, 0.000000000000114 ], [ 104.115031449776779, -2.434443284790342, 0.000000000000114 ], [ 104.116052065131541, -2.434506995432883, 0.000000000000114 ], [ 104.116808174792524, -2.433530517905791, 0.000000000000114 ], [ 104.116709379179071, -2.433322393213181, 0.000000000000114 ] ] ] } },
{ "type": "Feature", "properties": { "FID": 98, "OBJECTID": 534, "NIB": "534", "NO": 534, "NAMA": "Agung Sutopo", "LOKASI_LAH": "IPPKH", "STATUS": "Lunas", "Lokasi_2": "Timur", "NIB_1": "534", "KETERANGAN": " ", "Luas_Acad": 2.4033491547499999, "long": 104.119648232, "lat": -2.43431201852 }, "geometry": { "type": "Polygon", "coordinates": [ [ [ 104.119731161496901, -2.433496254817583, 0.000000000000114 ], [ 104.119328587836307, -2.43301859855281, 0.000000000000114 ], [ 104.118817860864951, -2.43395827349386, 0.000000000000114 ], [ 104.119084473013672, -2.434264536509352, 0.000000000000114 ], [ 104.11944474554879, -2.434961619240652, 0.000000000000114 ], [ 104.119765792290778, -2.435567829590035, 0.000000000000114 ], [ 104.120475593278968, -2.435000119159221, 0.000000000000114 ], [ 104.120416803250805, -2.434894247813439, 0.000000000000114 ], [ 104.119731161496901, -2.433496254817583, 0.000000000000114 ] ] ] } },
{ "type": "Feature", "properties": { "FID": 99, "OBJECTID": 528, "NIB": "528", "NO": 528, "NAMA": "Anang 3", "LOKASI_LAH": "IPPKH", "STATUS": "Lunas", "Lokasi_2": "Timur", "NIB_1": "528", "KETERANGAN": " ", "Luas_Acad": 1.44339967184, "long": 104.117571199, "lat": -2.4336151578599998 }, "geometry": { "type": "Polygon", "coordinates": [ [ [ 104.118449437024239, -2.433768972416324, 0.000000000000114 ], [ 104.117725876364403, -2.43300644948787, 0.000000000000114 ], [ 104.116709379179071, -2.433322393213181, 0.000000000000114 ], [ 104.116808174792524, -2.433530517905791, 0.000000000000114 ], [ 104.117463655655229, -2.43425143110044, 0.000000000000114 ], [ 104.118449437024239, -2.433768972416324, 0.000000000000114 ] ] ] } },
{ "type": "Feature", "properties": { "FID": 100, "OBJECTID": 170, "NIB": "170", "NO": 170, "NAMA": "IWAN", "LOKASI_LAH": "IPPKH", "STATUS": "Lunas", "Lokasi_2": "Barat", "NIB_1": "170", "KETERANGAN": " ", "Luas_Acad": 0.69620970278799998, "long": 104.104787171, "lat": -2.4333745370500002 }, "geometry": { "type": "Polygon", "coordinates": [ [ [ 104.105030599579109, -2.433166113561356, 0.0 ], [ 104.105006012380485, -2.432908635926945, 0.0 ], [ 104.104732401003062, -2.432921725753042, 0.0 ], [ 104.104433901775977, -2.432995555742981, 0.0 ], [ 104.104415578773384, -2.433809442985807, 0.0 ], [ 104.104879216302436, -2.433834860665885, 0.0 ], [ 104.1052216397118, -2.433408334810748, 0.0 ], [ 104.105030599579109, -2.433166113561356, 0.0 ] ] ] } },
{ "type": "Feature", "properties": { "FID": 101, "OBJECTID": 171, "NIB": "171", "NO": 171, "NAMA": "SAHUR", "LOKASI_LAH": "IPPKH", "STATUS": "Lunas", "Lokasi_2": "Barat", "NIB_1": "171", "KETERANGAN": " ", "Luas_Acad": 3.0440346894200001, "long": 104.10568367800001, "lat": -2.4341152946000002 }, "geometry": { "type": "Polygon", "coordinates": [ [ [ 104.106088899574075, -2.434011108213908, 0.0 ], [ 104.106096560667993, -2.432855521722189, 0.0 ], [ 104.105006012380485, -2.432908635926945, 0.0 ], [ 104.105030599579109, -2.433166113561356, 0.0 ], [ 104.1052216397118, -2.433408334810748, 0.0 ], [ 104.105195645401793, -2.43384452400762, 0.0 ], [ 104.105108300275816, -2.435261114943756, 0.0 ], [ 104.106133300474909, -2.435363892476263, 0.0 ], [ 104.106200000361312, -2.434677776309866, 0.0 ], [ 104.106408299735278, -2.434397225381464, 0.0 ], [ 104.106088899574075, -2.434011108213908, 0.0 ] ] ] } },
{ "type": "Feature", "properties": { "FID": 102, "OBJECTID": 527, "NIB": "527", "NO": 527, "NAMA": "Anang 4", "LOKASI_LAH": "IPPKH", "STATUS": "Lunas", "Lokasi_2": "Timur", "NIB_1": "527", "KETERANGAN": " ", "Luas_Acad": 0.87085789326899998, "long": 104.114973147, "lat": -2.4336076222299998 }, "geometry": { "type": "Polygon", "coordinates": [ [ [ 104.115333451100881, -2.433149611316307, 0.000000000000114 ], [ 104.114677121849653, -2.432823366212422, 0.000000000000114 ], [ 104.114676260195949, -2.434144245140882, 0.000000000000114 ], [ 104.115031449776779, -2.434443284790326, 0.000000000000114 ], [ 104.115333451100881, -2.433149611316307, 0.000000000000114 ] ] ] } },
{ "type": "Feature", "properties": { "FID": 103, "OBJECTID": 517, "NIB": "517", "NO": 517, "NAMA": "Ansori 2", "LOKASI_LAH": "IPPKH", "STATUS": "Lunas", "Lokasi_2": "Timur", "NIB_1": "517", "KETERANGAN": " ", "Luas_Acad": 1.981050305, "long": 104.11156499499999, "lat": -2.4332959141899999 }, "geometry": { "type": "Polygon", "coordinates": [ [ [ 104.112572260780738, -2.433328709062482, 11.142000000007101 ], [ 104.112132107049163, -2.432505226345719, 0.0 ], [ 104.112051122235073, -2.432568495186922, 0.0 ], [ 104.111385344876979, -2.43293894290629, 14.493000000002212 ], [ 104.110656498622916, -2.433481223429481, 28.985899999999674 ], [ 104.110678011599191, -2.433569057714472, 19.32390000000305 ], [ 104.110844862784816, -2.434250263143569, 14.855999999999767 ], [ 104.112572260780738, -2.433328709062482, 11.142000000007101 ] ] ] } },
{ "type": "Feature", "properties": { "FID": 104, "OBJECTID": 512, "NIB": "512", "NO": 512, "NAMA": "Sazali 1", "LOKASI_LAH": "IPPKH", "STATUS": "Lunas", "Lokasi_2": "Timur", "NIB_1": "512", "KETERANGAN": " ", "Luas_Acad": 1.3796, "long": 104.11316836899999, "lat": -2.4333382377000001 }, "geometry": { "type": "Polygon", "coordinates": [ [ [ 104.113957015999716, -2.433754789372847, 0.0 ], [ 104.112222150629719, -2.432342456821872, 0.0 ], [ 104.112132107049163, -2.432505226345719, 0.0 ], [ 104.112572260780738, -2.433328709062482, 11.142000000007101 ], [ 104.113839784472603, -2.434234153343636, 8.91359999999986 ], [ 104.114253661283513, -2.433981136927688, 0.0 ], [ 104.113957015999716, -2.433754789372847, 0.0 ] ] ] } },
{ "type": "Feature", "properties": { "FID": 105, "OBJECTID": 516, "NIB": "516", "NO": 516, "NAMA": "Ansori 1", "LOKASI_LAH": "IPPKH", "STATUS": "Lunas", "Lokasi_2": "Timur", "NIB_1": "516", "KETERANGAN": " ", "Luas_Acad": 1.5520271484799999, "long": 104.114301466, "lat": -2.43313149401 }, "geometry": { "type": "Polygon", "coordinates": [ [ [ 104.114677121849653, -2.432823366212422, 0.000000000000114 ], [ 104.114650270709575, -2.432123311332341, 0.000000000000114 ], [ 104.114494665552627, -2.432242418715381, 0.000000000000114 ], [ 104.113885940201058, -2.432415924853039, 0.000000000000114 ], [ 104.113957015999731, -2.433754789372847, 0.000000000000114 ], [ 104.114253661283527, -2.433981136927688, 0.000000000000114 ], [ 104.114676260195949, -2.434144245140882, 0.000000000000114 ], [ 104.114677121849653, -2.432823366212422, 0.000000000000114 ] ] ] } },
{ "type": "Feature", "properties": { "FID": 106, "OBJECTID": 551, "NIB": "551", "NO": 551, "NAMA": "Ari Indra S", "LOKASI_LAH": "IPPKH", "STATUS": "Lunas", "Lokasi_2": "Timur", "NIB_1": "551", "KETERANGAN": " ", "Luas_Acad": 1.2421375969199999, "long": 104.115372222, "lat": -2.4327935581200002 }, "geometry": { "type": "Polygon", "coordinates": [ [ [ 104.115959639911907, -2.432671892640779, 0.000000000000114 ], [ 104.114650270709575, -2.432123311332341, 0.000000000000114 ], [ 104.114677121849653, -2.432823366212422, 0.000000000000114 ], [ 104.115333451100881, -2.433149611316307, 0.000000000000114 ], [ 104.115854869058651, -2.433484659590579, 0.000000000000114 ], [ 104.116123989030172, -2.432699387795477, 0.000000000000114 ], [ 104.115982400893969, -2.432638783005278, 0.000000000000114 ], [ 104.115959639911907, -2.432671892640779, 0.000000000000114 ] ] ] } },
{ "type": "Feature", "properties": { "FID": 107, "OBJECTID": 588, "NIB": "588", "NO": 588, "NAMA": "Ikrom", "LOKASI_LAH": "IPPKH", "STATUS": "Lunas", "Lokasi_2": "Timur", "NIB_1": "588", "KETERANGAN": " ", "Luas_Acad": 0.87816108262500003, "long": 104.121015751, "lat": -2.4331879443000002 }, "geometry": { "type": "Polygon", "coordinates": [ [ [ 104.12134087665838, -2.433750600437206, 0.000000000000114 ], [ 104.120767642507801, -2.432045048609709, 0.000000000000114 ], [ 104.12064916732686, -2.432501787955272, 0.000000000000114 ], [ 104.120757479813875, -2.432882959642418, 0.000000000000114 ], [ 104.12076575189748, -2.433017490984471, 0.000000000000114 ], [ 104.120727258836197, -2.433127887638444, 0.000000000000114 ], [ 104.120621214815998, -2.433323660384828, 0.000000000000114 ], [ 104.121070794869453, -2.434166543267533, 0.000000000000114 ], [ 104.12134087665838, -2.433750600437206, 0.000000000000114 ] ] ] } },
{ "type": "Feature", "properties": { "FID": 108, "OBJECTID": 545, "NIB": "545", "NO": 545, "NAMA": "Sugeng#1", "LOKASI_LAH": "IPPKH", "STATUS": "Lunas", "Lokasi_2": "Timur", "NIB_1": "545", "KETERANGAN": " ", "Luas_Acad": 1.5738744733000001, "long": 104.119940728, "lat": -2.43278613815 }, "geometry": { "type": "Polygon", "coordinates": [ [ [ 104.120743123404694, -2.433098599320665, 0.000000000000114 ], [ 104.12076575189748, -2.433017490984471, 0.000000000000114 ], [ 104.120756851909462, -2.432872747849467, 0.000000000000114 ], [ 104.12064916732686, -2.432501787955272, 0.000000000000114 ], [ 104.120076893353669, -2.432053372285366, 0.000000000000114 ], [ 104.119076715814813, -2.432717505251731, 0.000000000000114 ], [ 104.119074619829021, -2.432716806423202, 0.000000000000114 ], [ 104.119328587836307, -2.43301859855281, 0.000000000000114 ], [ 104.119731161496901, -2.433496254817583, 0.000000000000114 ], [ 104.120063103388375, -2.433264569101468, 0.000000000000114 ], [ 104.12043890869856, -2.43303237480613, 0.000000000000114 ], [ 104.120621214815998, -2.433323660384828, 0.000000000000114 ], [ 104.120743123404694, -2.433098599320665, 0.000000000000114 ] ] ] } },
{ "type": "Feature", "properties": { "FID": 109, "OBJECTID": 587, "NIB": "587", "NO": 587, "NAMA": "Ismail#1", "LOKASI_LAH": "IPPKH", "STATUS": "Lunas", "Lokasi_2": "Timur", "NIB_1": "587", "KETERANGAN": " ", "Luas_Acad": 7.5511772589500001, "long": 104.12287780299999, "lat": -2.4337399818500001 }, "geometry": { "type": "Polygon", "coordinates": [ [ [ 104.122989700378767, -2.432513216829136, 0.000000000000114 ], [ 104.122078751814811, -2.43195554478685, 0.000000000000114 ], [ 104.121467479955356, -2.432683245554128, 0.000000000000114 ], [ 104.121413330198465, -2.432972684760253, 0.000000000000114 ], [ 104.121414263812596, -2.433001743645031, 0.000000000000114 ], [ 104.121403897276608, -2.433651134805504, 0.000000000000114 ], [ 104.122205804070234, -2.434329520827089, 0.000000000000114 ], [ 104.123273344819239, -2.435588220636056, 0.000000000000114 ], [ 104.123622618486607, -2.435490860449277, 0.000000000000114 ], [ 104.123804075992894, -2.435434784179342, 0.000000000000114 ], [ 104.123954773928304, -2.435337664717122, 0.000000000000114 ], [ 104.124083028603735, -2.435208814262232, 0.000000000000114 ], [ 104.124137067099554, -2.435091250408255, 0.000000000000114 ], [ 104.123804584417243, -2.434647774807522, 0.000000000000114 ], [ 104.12438056674624, -2.433393221183924, 0.000000000000114 ], [ 104.122989700378767, -2.432513216829136, 0.000000000000114 ] ] ] } },
{ "type": "Feature", "properties": { "FID": 110, "OBJECTID": 554, "NIB": "554", "NO": 554, "NAMA": "Erwadi", "LOKASI_LAH": "IPPKH", "STATUS": "Lunas", "Lokasi_2": "Timur", "NIB_1": "554", "KETERANGAN": " ", "Luas_Acad": 2.2633320854200001, "long": 104.110406247, "lat": -2.43299592276 }, "geometry": { "type": "Polygon", "coordinates": [ [ [ 104.111385344876979, -2.43293894290629, 14.493000000002212 ], [ 104.110954321965636, -2.431907406830364, 19.32390000000305 ], [ 104.110754845649154, -2.432046689821744, 28.985899999999674 ], [ 104.110498947537849, -2.432225368947293, 28.985899999999674 ], [ 104.11050451916762, -2.432088029982698, 28.985899999999674 ], [ 104.110290785366175, -2.432158228650586, 14.493000000002212 ], [ 104.110260454933737, -2.432763547986686, 28.985899999999674 ], [ 104.10996438012728, -2.43287467872893, 38.647899999996298 ], [ 104.109616690909945, -2.432974029741431, 28.985899999999674 ], [ 104.109765913339615, -2.433797244631239, 57.971799999999348 ], [ 104.109769406230967, -2.433941596649362, 19.32390000000305 ], [ 104.110678011599191, -2.433569057714472, 19.32390000000305 ], [ 104.110656498622916, -2.433481223429481, 28.985899999999674 ], [ 104.111385344876979, -2.43293894290629, 14.493000000002212 ] ] ] } },
{ "type": "Feature", "properties": { "FID": 111, "OBJECTID": 553, "NIB": "553", "NO": 553, "NAMA": "Rawi/Hasan Asidi", "LOKASI_LAH": "IPPKH", "STATUS": "Lunas", "Lokasi_2": "Timur", "NIB_1": "553", "KETERANGAN": " ", "Luas_Acad": 0.89882629048399998, "long": 104.116237087, "lat": -2.4326751247699998 }, "geometry": { "type": "Polygon", "coordinates": [ [ [ 104.116566085891151, -2.43239055352553, 0.000000000000114 ], [ 104.116305721257959, -2.431693834672325, 0.000000000000114 ], [ 104.116026595480292, -2.432184402228675, 0.000000000000114 ], [ 104.116215389656546, -2.43229986193143, 0.000000000000114 ], [ 104.115982400893969, -2.432638783005278, 0.000000000000114 ], [ 104.116123989030172, -2.432699387795477, 0.000000000000114 ], [ 104.115854869058651, -2.433484659590579, 0.000000000000114 ], [ 104.116205583185518, -2.433548213181773, 0.000000000000114 ], [ 104.116547674604746, -2.433041858533324, 0.000000000000114 ], [ 104.116566085891151, -2.43239055352553, 0.000000000000114 ] ] ] } },
{ "type": "Feature", "properties": { "FID": 112, "OBJECTID": 555, "NIB": "555", "NO": 555, "NAMA": "Mulyadi - Lukman", "LOKASI_LAH": "IPPKH", "STATUS": " ", "Lokasi_2": "Timur", "NIB_1": "555", "KETERANGAN": " ", "Luas_Acad": 0.44206624644499998, "long": 104.109341509, "lat": -2.4324041999000001 }, "geometry": { "type": "Polygon", "coordinates": [ [ [ 104.109237341730832, -2.431643941177465, 52.452600000004168 ], [ 104.109191728396041, -2.43164390277067, 52.452600000004168 ], [ 104.109127828796829, -2.433082182805713, 26.226299999994808 ], [ 104.109514558248605, -2.433082439528978, 26.226299999994808 ], [ 104.109458815586223, -2.432441609931403, 52.452600000004168 ], [ 104.109237341730832, -2.431643941177465, 52.452600000004168 ] ] ] } },
{ "type": "Feature", "properties": { "FID": 113, "OBJECTID": 169, "NIB": "169", "NO": 169, "NAMA": "ROZAK", "LOKASI_LAH": "IPPKH", "STATUS": "Lunas", "Lokasi_2": "Barat", "NIB_1": "169", "KETERANGAN": " ", "Luas_Acad": 1.8682661897399999, "long": 104.106876075, "lat": -2.4325227438699999 }, "geometry": { "type": "Polygon", "coordinates": [ [ [ 104.107416695838964, -2.431972226129838, 0.000000000000114 ], [ 104.107416699230555, -2.431588007868819, 0.000000000000114 ], [ 104.107348913675708, -2.43160451616494, 0.000000000000114 ], [ 104.106998639742983, -2.431713962934923, 0.000000000000114 ], [ 104.10697220273444, -2.431722223387397, 0.000000000000114 ], [ 104.106750003889147, -2.431777781118907, 0.000000000000114 ], [ 104.106694402818079, -2.431888892902286, 0.000000000000114 ], [ 104.10661803999875, -2.431869799249989, 0.000000000000114 ], [ 104.106513685177987, -2.432203404082245, 0.000000000000114 ], [ 104.106443009045677, -2.432444002673626, 0.000000000000114 ], [ 104.106312954214218, -2.432845113647664, 0.000000000000114 ], [ 104.106096560667993, -2.432855521722189, 0.000000000000114 ], [ 104.106166698171478, -2.433336107958513, 0.000000000000114 ], [ 104.107694398479694, -2.433305554210453, 0.000000000000114 ], [ 104.106916698838035, -2.432888890504771, 0.000000000000114 ], [ 104.107305597605816, -2.432694443044731, 0.000000000000114 ], [ 104.107416695838964, -2.431972226129838, 0.000000000000114 ] ] ] } },
{ "type": "Feature", "properties": { "FID": 114, "OBJECTID": 552, "NIB": "552", "NO": 552, "NAMA": "Jamil", "LOKASI_LAH": "IPPKH", "STATUS": "Lunas", "Lokasi_2": "Timur", "NIB_1": "552", "KETERANGAN": " ", "Luas_Acad": 1.01207812035, "long": 104.115404578, "lat": -2.4321143041800002 }, "geometry": { "type": "Polygon", "coordinates": [ [ [ 104.116026595480292, -2.432184402228675, 0.000000000000114 ], [ 104.114956770197182, -2.43153011683289, 0.000000000000114 ], [ 104.114623660836116, -2.432054569066515, 0.000000000000114 ], [ 104.114650270709575, -2.432123311332341, 0.000000000000114 ], [ 104.115959639911907, -2.432671892640779, 0.000000000000114 ], [ 104.115982400893969, -2.432638783005278, 0.000000000000114 ], [ 104.116215389656546, -2.43229986193143, 0.000000000000114 ], [ 104.116026595480292, -2.432184402228675, 0.000000000000114 ] ] ] } },
{ "type": "Feature", "properties": { "FID": 115, "OBJECTID": 146, "NIB": "146", "NO": 146, "NAMA": "SULTON AIDIN", "LOKASI_LAH": "IPPKH", "STATUS": "Lunas", "Lokasi_2": "Barat", "NIB_1": "146", "KETERANGAN": "RENCANA AWR", "Luas_Acad": 2.0007423913100002, "long": 104.10075638399999, "lat": -2.4322308294399999 }, "geometry": { "type": "Polygon", "coordinates": [ [ [ 104.101562200430834, -2.432179851988892, 9.812000000005355 ], [ 104.101151472726698, -2.431484761123618, 7.35899999999674 ], [ 104.09927530314468, -2.432665725621562, 9.812000000005355 ], [ 104.099592080636853, -2.43317536535129, 9.812000000005355 ], [ 104.100738094876348, -2.432635682386093, 9.812000000005355 ], [ 104.100945560194234, -2.432539532707267, 5.887199999997392 ], [ 104.101600653952787, -2.432244928666308, 0.0 ], [ 104.101568592281012, -2.43219067080148, 0.0 ], [ 104.101562200430834, -2.432179851988892, 9.812000000005355 ] ] ] } },
{ "type": "Feature", "properties": { "FID": 116, "OBJECTID": 175, "NIB": "175", "NO": 175, "NAMA": "NAJAR/EDI", "LOKASI_LAH": "IPPKH", "STATUS": "Lunas", "Lokasi_2": "Barat", "NIB_1": "175", "KETERANGAN": " ", "Luas_Acad": 11.950405357, "long": 104.10308917, "lat": -2.43324695504 }, "geometry": { "type": "Polygon", "coordinates": [ [ [ 104.104197283639024, -2.431484009702071, 14.717999999993367 ], [ 104.104180542710878, -2.431460941983005, 4.906000000002678 ], [ 104.102373879740824, -2.432249444355735, 0.000000000000114 ], [ 104.102082559863192, -2.431962301101658, 0.000000000000114 ], [ 104.101568592281012, -2.43219067080148, 0.000000000000114 ], [ 104.101600653952801, -2.432244928666308, 0.000000000000114 ], [ 104.100945560194248, -2.432539532707233, 5.887199999997392 ], [ 104.101205803296608, -2.43314274546396, 7.35899999999674 ], [ 104.101213547777448, -2.433172607989694, 7.35899999999674 ], [ 104.101251004020142, -2.433598750104725, 7.35899999999674 ], [ 104.101347198214157, -2.433705557747384, 0.000000000000114 ], [ 104.101321009098967, -2.433723771577869, 7.35899999999674 ], [ 104.101334678586241, -2.433746907825479, 14.717999999993367 ], [ 104.101162225087919, -2.434006635960107, 9.812000000005355 ], [ 104.101161099583408, -2.434019448007132, 0.000000000000114 ], [ 104.101551246349644, -2.434122498596656, 0.000000000000114 ], [ 104.101578973745674, -2.434274889474989, 0.000000000000114 ], [ 104.10154313336696, -2.434494258927401, 0.000000000000114 ], [ 104.101556868281492, -2.434539476589741, 0.000000000000114 ], [ 104.101483731057954, -2.434865996643027, 0.000000000000114 ], [ 104.101395138570737, -2.435030254850432, 0.000000000000114 ], [ 104.101188091735011, -2.435077827548334, 0.000000000000114 ], [ 104.101427801350695, -2.43588889006893, 0.000000000000114 ], [ 104.101808303445694, -2.435786110803402, 0.000000000000114 ], [ 104.102426643166424, -2.434407483985439, 0.000000000000114 ], [ 104.102597481582322, -2.434470920579165, 0.000000000000114 ], [ 104.102624674334649, -2.434484140194198, 0.000000000000114 ], [ 104.102922120783177, -2.434628742192538, 0.000000000000114 ], [ 104.10299439649026, -2.434327779310966, 0.000000000000114 ], [ 104.104641372768285, -2.434582429638327, 0.000000000000114 ], [ 104.104645826645424, -2.434567150229471, 0.000000000000114 ], [ 104.104879216302436, -2.433834860665868, 0.000000000000114 ], [ 104.104415578773398, -2.43380944298579, 0.000000000000114 ], [ 104.104433901775977, -2.432995555742965, 0.000000000000114 ], [ 104.104732401003076, -2.432921725753009, 0.000000000000114 ], [ 104.104658060239188, -2.432925424829987, 0.000000000000114 ], [ 104.104634581631601, -2.432622176792401, 0.000000000000114 ], [ 104.104945728963372, -2.432373185778074, 2.79660000000149 ], [ 104.10497837917103, -2.432346670080899, 3.091700000004494 ], [ 104.104906311768246, -2.432032885358775, 7.35899999999674 ], [ 104.104728480485448, -2.43176256238511, 7.35899999999674 ], [ 104.104197283639024, -2.431484009702071, 14.717999999993367 ] ] ] } },
{ "type": "Feature", "properties": { "FID": 117, "OBJECTID": 586, "NIB": "586", "NO": 586, "NAMA": "Maman#2", "LOKASI_LAH": "IPPKH", "STATUS": " ", "Lokasi_2": "Timur", "NIB_1": "586", "KETERANGAN": " ", "Luas_Acad": 1.47239678056, "long": 104.121392976, "lat": -2.4323941221999998 }, "geometry": { "type": "Polygon", "coordinates": [ [ [ 104.122078751814811, -2.43195554478685, 0.000000000000114 ], [ 104.121710524769213, -2.431668548413273, 0.000000000000114 ], [ 104.121468164707764, -2.431624854260294, 0.000000000000114 ], [ 104.120801006694464, -2.431886569853701, 0.000000000000114 ], [ 104.12077400665396, -2.432030966926184, 0.000000000000114 ], [ 104.120767818782696, -2.432046529370233, 0.000000000000114 ], [ 104.12134087665838, -2.433750600437206, 0.000000000000114 ], [ 104.121403897276608, -2.433651134805504, 0.000000000000114 ], [ 104.121414263812596, -2.433001743645031, 0.000000000000114 ], [ 104.121413330198465, -2.432972684760253, 0.000000000000114 ], [ 104.121467479955356, -2.432683245554128, 0.000000000000114 ], [ 104.122078751814811, -2.43195554478685, 0.000000000000114 ] ] ] } },
{ "type": "Feature", "properties": { "FID": 118, "OBJECTID": 521, "NIB": "521", "NO": 521, "NAMA": "Jumini", "LOKASI_LAH": "IPPKH", "STATUS": "Lunas", "Lokasi_2": "Timur", "NIB_1": "521", "KETERANGAN": " ", "Luas_Acad": 2.0606, "long": 104.11699906, "lat": -2.4323665642200001 }, "geometry": { "type": "Polygon", "coordinates": [ [ [ 104.117725876364389, -2.433006449487904, 0.0 ], [ 104.117151324701652, -2.431395870621122, 0.0 ], [ 104.116602631573613, -2.431513108651004, 0.0 ], [ 104.116323726347247, -2.431666708311665, 0.0 ], [ 104.116305721257945, -2.431693834672325, 0.0 ], [ 104.116566085891151, -2.43239055352553, 0.0 ], [ 104.116547674604746, -2.433041858533324, 0.0 ], [ 104.116709379179071, -2.433322393213181, 0.0 ], [ 104.117725876364389, -2.433006449487904, 0.0 ] ] ] } },
{ "type": "Feature", "properties": { "FID": 119, "OBJECTID": 500, "NIB": "500", "NO": 500, "NAMA": "Wahyudi", "LOKASI_LAH": "IPPKH", "STATUS": "Lunas", "Lokasi_2": "Timur", "NIB_1": "500", "KETERANGAN": " ", "Luas_Acad": 1.2175799626899999, "long": 104.119330933, "lat": -2.43205019591 }, "geometry": { "type": "Polygon", "coordinates": [ [ [ 104.120072519655082, -2.43204789292144, 0.000000000000114 ], [ 104.119813418751363, -2.431469987050008, 0.000000000000114 ], [ 104.119723569457022, -2.431334236957032, 0.000000000000114 ], [ 104.118870169008062, -2.432025633745826, 0.000000000000114 ], [ 104.11876216192789, -2.432154717788037, 0.000000000000114 ], [ 104.118526758770003, -2.432328520162788, 0.000000000000114 ], [ 104.119074619829021, -2.432716806423202, 0.000000000000114 ], [ 104.120072519655082, -2.43204789292144, 0.000000000000114 ] ] ] } },
{ "type": "Feature", "properties": { "FID": 120, "OBJECTID": 550, "NIB": "550", "NO": 550, "NAMA": "Rosmawani#1", "LOKASI_LAH": "IPPKH", "STATUS": "Belum Lunas", "Lokasi_2": "Timur", "NIB_1": "550", "KETERANGAN": " ", "Luas_Acad": 2.51215, "long": 104.113169728, "lat": -2.4325224731900001 }, "geometry": { "type": "Polygon", "coordinates": [ [ [ 104.113868118070243, -2.432162623273976, 0.0 ], [ 104.113302022101124, -2.431384287970203, 0.0 ], [ 104.11255513076209, -2.432017018822201, 0.0 ], [ 104.112195210901774, -2.432279116577576, 0.0 ], [ 104.112222150629719, -2.432342456821872, 0.0 ], [ 104.113957015999716, -2.433754789372847, 0.0 ], [ 104.113885940201058, -2.432415924853039, 0.0 ], [ 104.113868118070243, -2.432162623273976, 0.0 ] ] ] } },
{ "type": "Feature", "properties": { "FID": 121, "OBJECTID": 168, "NIB": "168", "NO": 168, "NAMA": "AINI#1", "LOKASI_LAH": "IPPKH", "STATUS": "Lunas", "Lokasi_2": "Barat", "NIB_1": "168", "KETERANGAN": " ", "Luas_Acad": 0.70055650551899995, "long": 104.108003365, "lat": -2.4317261700600001 }, "geometry": { "type": "Polygon", "coordinates": [ [ [ 104.10861109734148, -2.431749998451731, 0.0 ], [ 104.10861109984009, -2.431361108682577, 0.0 ], [ 104.107689286934487, -2.431532619186576, 0.0 ], [ 104.107416699230527, -2.431588007868819, 0.0 ], [ 104.107416695838978, -2.431972226129838, 0.0 ], [ 104.107416702582753, -2.432111110122817, 0.0 ], [ 104.108555595816398, -2.431805558631579, 0.0 ], [ 104.10861109734148, -2.431749998451731, 0.0 ] ] ] } },
{ "type": "Feature", "properties": { "FID": 122, "OBJECTID": 174, "NIB": "174", "NO": 174, "NAMA": "ISNUR", "LOKASI_LAH": "IPPKH", "STATUS": "Lunas", "Lokasi_2": "Barat", "NIB_1": "174", "KETERANGAN": " ", "Luas_Acad": 1.0077110684499999, "long": 104.10330631799999, "lat": -2.4316415224100001 }, "geometry": { "type": "Polygon", "coordinates": [ [ [ 104.104180542710878, -2.431460941983005, 4.906000000002678 ], [ 104.103889003744172, -2.43110581609048, 0.000000000000114 ], [ 104.102082559863192, -2.431962301101658, 0.000000000000114 ], [ 104.102373879740824, -2.432249444355735, 0.000000000000114 ], [ 104.104180542710878, -2.431460941983005, 4.906000000002678 ] ] ] } },
{ "type": "Feature", "properties": { "FID": 123, "OBJECTID": 546, "NIB": "546", "NO": 546, "NAMA": "Andi Candra", "LOKASI_LAH": "IPPKH", "STATUS": "Lunas", "Lokasi_2": "Timur", "NIB_1": "546", "KETERANGAN": " ", "Luas_Acad": 1.0526212132599999, "long": 104.120358134, "lat": -2.4320184988600002 }, "geometry": { "type": "Polygon", "coordinates": [ [ [ 104.120801006694464, -2.431886569853701, 0.000000000000114 ], [ 104.12018731334588, -2.431158701665414, 0.000000000000114 ], [ 104.119813418751363, -2.431469987050008, 0.000000000000114 ], [ 104.120076893353669, -2.432053372285366, 0.000000000000114 ], [ 104.12064916732686, -2.432501787955272, 0.000000000000114 ], [ 104.120767818782696, -2.432046529370233, 0.000000000000114 ], [ 104.12077400665396, -2.432030966926184, 0.000000000000114 ], [ 104.120801006694464, -2.431886569853701, 0.000000000000114 ] ] ] } },
{ "type": "Feature", "properties": { "FID": 124, "OBJECTID": 518, "NIB": "518", "NO": 518, "NAMA": "Sidik", "LOKASI_LAH": "IPPKH", "STATUS": "Lunas", "Lokasi_2": "Timur", "NIB_1": "518", "KETERANGAN": " ", "Luas_Acad": 2.081, "long": 104.11170418499999, "lat": -2.4319953117300002 }, "geometry": { "type": "Polygon", "coordinates": [ [ [ 104.11255513076209, -2.432017018822201, 0.0 ], [ 104.112088149794033, -2.430958320932023, 0.0 ], [ 104.110954321965636, -2.431907406830364, 19.32390000000305 ], [ 104.111385344876979, -2.43293894290629, 14.493000000002212 ], [ 104.112051122235073, -2.432568495186922, 0.0 ], [ 104.112132107049163, -2.432505226345719, 0.0 ], [ 104.112222150629719, -2.432342456821872, 0.0 ], [ 104.112195210901774, -2.432279116577576, 0.0 ], [ 104.11255513076209, -2.432017018822201, 0.0 ] ] ] } },
{ "type": "Feature", "properties": { "FID": 125, "OBJECTID": 47, "NIB": "47", "NO": 47, "NAMA": "UJANG", "LOKASI_LAH": "APL", "STATUS": "Lunas", "Lokasi_2": "Barat", "NIB_1": "47", "KETERANGAN": " ", "Luas_Acad": 0.47496075408600003, "long": 104.106644417, "lat": -2.4314498865499998 }, "geometry": { "type": "Polygon", "coordinates": [ [ [ 104.106847018827366, -2.431137788050757, 0.000000000000114 ], [ 104.106805602280019, -2.430944441943882, 0.000000000000114 ], [ 104.106694403378384, -2.430944440346645, 0.000000000000114 ], [ 104.106249998436112, -2.431777773079082, 0.000000000000114 ], [ 104.10661803999875, -2.431869799249989, 0.000000000000114 ], [ 104.106694402818079, -2.431888892902286, 0.000000000000114 ], [ 104.106750003889147, -2.431777781118907, 0.000000000000114 ], [ 104.106969397875119, -2.43172146854445, 0.000000000000114 ], [ 104.106998639742983, -2.431713962934923, 0.000000000000114 ], [ 104.106856195493307, -2.431108451489883, 0.000000000000114 ], [ 104.106847018827366, -2.431137788050757, 0.000000000000114 ] ] ] } },
{ "type": "Feature", "properties": { "FID": 126, "OBJECTID": 585, "NIB": "585", "NO": 585, "NAMA": "Syaeful", "LOKASI_LAH": "IPPKH", "STATUS": "Lunas", "Lokasi_2": "Timur", "NIB_1": "585", "KETERANGAN": " ", "Luas_Acad": 1.72987601158, "long": 104.12245903500001, "lat": -2.4317103141900001 }, "geometry": { "type": "Polygon", "coordinates": [ [ [ 104.123382491648826, -2.431760652250131, 0.000000000000114 ], [ 104.123125077102159, -2.431504579871411, 0.000000000000114 ], [ 104.123022226096708, -2.431437546487242, 0.000000000000114 ], [ 104.122890404342499, -2.431373885296187, 0.000000000000114 ], [ 104.12253913981408, -2.431257284559458, 0.000000000000114 ], [ 104.122134286471606, -2.431166515701789, 0.000000000000114 ], [ 104.121817551632603, -2.431047950762576, 0.000000000000114 ], [ 104.121693823477656, -2.430964868216695, 0.000000000000114 ], [ 104.121503235347575, -2.431432216438413, 0.000000000000114 ], [ 104.121468164707764, -2.431624854260294, 0.000000000000114 ], [ 104.121710524769213, -2.431668548413273, 0.000000000000114 ], [ 104.122078751814811, -2.43195554478685, 0.000000000000114 ], [ 104.122989700378767, -2.432513216829136, 0.000000000000114 ], [ 104.123382491648826, -2.431760652250131, 0.000000000000114 ] ] ] } },
{ "type": "Feature", "properties": { "FID": 127, "OBJECTID": 522, "NIB": "522", "NO": 522, "NAMA": "Marsidi", "LOKASI_LAH": "IPPKH", "STATUS": "Lunas", "Lokasi_2": "Timur", "NIB_1": "522", "KETERANGAN": " ", "Luas_Acad": 0.98258585500399998, "long": 104.113724461, "lat": -2.4316316610199999 }, "geometry": { "type": "Polygon", "coordinates": [ [ [ 104.114494665552627, -2.432242418715381, 0.0 ], [ 104.113446257911747, -2.430868757578081, 0.0 ], [ 104.112933599121448, -2.430895557232733, 0.0 ], [ 104.113302022101124, -2.431384287970203, 0.0 ], [ 104.113868118070243, -2.432162623273976, 0.0 ], [ 104.113885940201058, -2.432415924853039, 0.0 ], [ 104.114494665552627, -2.432242418715381, 0.0 ] ] ] } },
{ "type": "Feature", "properties": { "FID": 128, "OBJECTID": 508, "NIB": "508", "NO": 508, "NAMA": "Iskandar", "LOKASI_LAH": "IPPKH", "STATUS": "Lunas", "Lokasi_2": "Timur", "NIB_1": "508", "KETERANGAN": " ", "Luas_Acad": 4.27958565545, "long": 104.11823701900001, "lat": -2.4323739716100001 }, "geometry": { "type": "Polygon", "coordinates": [ [ [ 104.118681990319999, -2.431610070524855, 0.000000000000114 ], [ 104.118291265633019, -2.430823210667487, 0.000000000000114 ], [ 104.117151324701666, -2.431395870621122, 0.000000000000114 ], [ 104.117725876364403, -2.43300644948787, 0.000000000000114 ], [ 104.118449437024239, -2.433768972416324, 0.000000000000114 ], [ 104.118817860864951, -2.43395827349386, 0.000000000000114 ], [ 104.119328587836307, -2.43301859855281, 0.000000000000114 ], [ 104.119074619829021, -2.432716806423202, 0.000000000000114 ], [ 104.118535442475064, -2.432334685632131, 0.000000000000114 ], [ 104.118528539607851, -2.432329783259992, 0.000000000000114 ], [ 104.118526758770003, -2.432328520162788, 0.000000000000114 ], [ 104.11876216192789, -2.432154717788037, 0.000000000000114 ], [ 104.118870169008062, -2.432025633745826, 0.000000000000114 ], [ 104.118681990319999, -2.431610070524855, 0.000000000000114 ] ] ] } },
{ "type": "Feature", "properties": { "FID": 129, "OBJECTID": 584, "NIB": "584", "NO": 584, "NAMA": "Kuswanto", "LOKASI_LAH": "IPPKH", "STATUS": "Lunas", "Lokasi_2": "Timur", "NIB_1": "584", "KETERANGAN": " ", "Luas_Acad": 0.98325289081599998, "long": 104.120838775, "lat": -2.4312606842000002 }, "geometry": { "type": "Polygon", "coordinates": [ [ [ 104.121468164707764, -2.431624854260294, 0.000000000000114 ], [ 104.121513250364686, -2.431443962093824, 0.000000000000114 ], [ 104.121154399614639, -2.431043385172234, 0.000000000000114 ], [ 104.120812672107334, -2.430638545197688, 0.000000000000114 ], [ 104.12018731334588, -2.431158701665414, 0.000000000000114 ], [ 104.120801006694464, -2.431886569853701, 0.000000000000114 ], [ 104.121468164707764, -2.431624854260294, 0.000000000000114 ] ] ] } },
{ "type": "Feature", "properties": { "FID": 130, "OBJECTID": 541, "NIB": "541", "NO": 541, "NAMA": "A. Sobirin#1", "LOKASI_LAH": "IPPKH", "STATUS": "Lunas", "Lokasi_2": "Timur", "NIB_1": "541", "KETERANGAN": " ", "Luas_Acad": 1.0262128687600001, "long": 104.114207561, "lat": -2.4314539323200002 }, "geometry": { "type": "Polygon", "coordinates": [ [ [ 104.114281623674714, -2.431371578934229, 0.000000000000114 ], [ 104.114138873424466, -2.43071543151979, 0.000000000000114 ], [ 104.113446257911775, -2.430868757578081, 0.000000000000114 ], [ 104.114494665552627, -2.432242418715381, 0.000000000000114 ], [ 104.114650270709575, -2.432123311332341, 0.000000000000114 ], [ 104.114623660836116, -2.432054569066515, 0.000000000000114 ], [ 104.114956770197182, -2.43153011683289, 0.000000000000114 ], [ 104.114281623674714, -2.431371578934229, 0.000000000000114 ] ] ] } },
{ "type": "Feature", "properties": { "FID": 131, "OBJECTID": 540, "NIB": "540", "NO": 540, "NAMA": "M. Amin 2", "LOKASI_LAH": "IPPKH", "STATUS": "Lunas", "Lokasi_2": "Timur", "NIB_1": "540", "KETERANGAN": " ", "Luas_Acad": 1.9050005271, "long": 104.11544372, "lat": -2.4313919931700001 }, "geometry": { "type": "Polygon", "coordinates": [ [ [ 104.115514716100833, -2.431014858595157, 0.000000000000114 ], [ 104.1148494409574, -2.430616393281405, 0.000000000000114 ], [ 104.114281623674714, -2.431371578934229, 0.000000000000114 ], [ 104.114956770197182, -2.43153011683289, 0.000000000000114 ], [ 104.116026592548181, -2.432184407381834, 0.000000000000114 ], [ 104.116305721257959, -2.431693834672325, 0.000000000000114 ], [ 104.116323726347261, -2.431666708311648, 0.000000000000114 ], [ 104.116602631573627, -2.431513108651004, 0.000000000000114 ], [ 104.116153140061257, -2.431214292495267, 0.000000000000114 ], [ 104.115514716100833, -2.431014858595157, 0.000000000000114 ] ] ] } },
{ "type": "Feature", "properties": { "FID": 132, "OBJECTID": 511, "NIB": "511", "NO": 511, "NAMA": "Mustakim", "LOKASI_LAH": "IPPKH", "STATUS": "Lunas", "Lokasi_2": "Timur", "NIB_1": "511", "KETERANGAN": " ", "Luas_Acad": 1.6894635920800001, "long": 104.111148047, "lat": -2.4313038317500002 }, "geometry": { "type": "Polygon", "coordinates": [ [ [ 104.110838297900344, -2.430541375313341, 0.0 ], [ 104.110577221112152, -2.430476199296985, 0.0 ], [ 104.11056814938388, -2.430519839609451, 0.0 ], [ 104.11050451916762, -2.432088029982698, 28.985899999999674 ], [ 104.110498947537849, -2.432225368947293, 28.985899999999674 ], [ 104.110754845649154, -2.432046689821744, 28.985899999999674 ], [ 104.110954321965636, -2.431907406830364, 19.32390000000305 ], [ 104.112088149794033, -2.430958320932023, 0.0 ], [ 104.111386771355555, -2.430758843708631, 0.0 ], [ 104.110838297900344, -2.430541375313341, 0.0 ] ] ] } },
{ "type": "Feature", "properties": { "FID": 133, "OBJECTID": 537, "NIB": "537", "NO": 537, "NAMA": "Imam Maksum", "LOKASI_LAH": "IPPKH", "STATUS": "Lunas", "Lokasi_2": "Timur", "NIB_1": "537", "KETERANGAN": " ", "Luas_Acad": 0.97807649716900003, "long": 104.11641689299999, "lat": -2.4309863544899999 }, "geometry": { "type": "Polygon", "coordinates": [ [ [ 104.1163805751589, -2.430465868947195, 12.174499999993714 ], [ 104.116378834632357, -2.430463476925577, 16.232699999993201 ], [ 104.115514727879756, -2.430996766465131, 0.0 ], [ 104.115514716100847, -2.431014858595191, 0.0 ], [ 104.116153140061257, -2.431214292495267, 0.0 ], [ 104.116602631573613, -2.431513108651004, 0.0 ], [ 104.117151324701652, -2.431395870621122, 0.0 ], [ 104.116809869326033, -2.430925250310399, 24.349000000001979 ], [ 104.116546675090007, -2.430643609581509, 12.174499999993714 ], [ 104.116382638380074, -2.430471303374817, 0.0 ], [ 104.1163805751589, -2.430465868947195, 12.174499999993714 ] ] ] } },
{ "type": "Feature", "properties": { "FID": 134, "OBJECTID": 544, "NIB": "544", "NO": 544, "NAMA": "Hadi", "LOKASI_LAH": "IPPKH", "STATUS": "Lunas", "Lokasi_2": "Timur", "NIB_1": "544", "KETERANGAN": " ", "Luas_Acad": 0.98026234054500005, "long": 104.118897729, "lat": -2.43096088866 }, "geometry": { "type": "Polygon", "coordinates": [ [ [ 104.119292363416804, -2.430574083622838, 0.000000000000114 ], [ 104.119133816790182, -2.430350208633055, 0.000000000000114 ], [ 104.118288291143159, -2.430823208714622, 0.000000000000114 ], [ 104.118681990319999, -2.431610070524855, 0.000000000000114 ], [ 104.11951698355908, -2.430917981883705, 0.000000000000114 ], [ 104.119292363416804, -2.430574083622838, 0.000000000000114 ] ] ] } },
{ "type": "Feature", "properties": { "FID": 135, "OBJECTID": 536, "NIB": "536", "NO": 536, "NAMA": "Arjim", "LOKASI_LAH": "IPPKH", "STATUS": "Lunas", "Lokasi_2": "Timur", "NIB_1": "536", "KETERANGAN": " ", "Luas_Acad": 1.04679396452, "long": 104.11756000699999, "lat": -2.4308051392199999 }, "geometry": { "type": "Polygon", "coordinates": [ [ [ 104.118291265633019, -2.43082321066752, 0.0 ], [ 104.11794355875945, -2.430184217280601, 24.349000000001979 ], [ 104.117700535422699, -2.430343066864873, 54.683099999994738 ], [ 104.117581089989528, -2.430452350009632, 62.619999999995343 ], [ 104.117526020338715, -2.43049425956968, 64.070000000006985 ], [ 104.117482192419175, -2.430502180462896, 67.328999999997905 ], [ 104.117422972301284, -2.430524494398811, 52.163000000000466 ], [ 104.117212214926937, -2.430662255136171, 73.046900000001187 ], [ 104.116809869326033, -2.430925250310399, 24.349000000001979 ], [ 104.117151324701652, -2.431395870621122, 0.0 ], [ 104.118291265633019, -2.43082321066752, 0.0 ] ] ] } },
{ "type": "Feature", "properties": { "FID": 136, "OBJECTID": 543, "NIB": "543", "NO": 543, "NAMA": "Ayub", "LOKASI_LAH": "IPPKH", "STATUS": "Lunas", "Lokasi_2": "Timur", "NIB_1": "543", "KETERANGAN": " ", "Luas_Acad": 1.93769147396, "long": 104.119754224, "lat": -2.43100018165 }, "geometry": { "type": "Polygon", "coordinates": [ [ [ 104.120469762746438, -2.430398085623994, 0.000000000000114 ], [ 104.120012594302196, -2.430077164263448, 0.000000000000114 ], [ 104.119292774774777, -2.430574226851944, 0.000000000000114 ], [ 104.11951739491721, -2.430918125112788, 0.000000000000114 ], [ 104.118681990319999, -2.431610070524855, 0.000000000000114 ], [ 104.11887058036632, -2.432025776975203, 0.000000000000114 ], [ 104.11972398081528, -2.431334380186105, 0.000000000000114 ], [ 104.119824698618331, -2.43146544531738, 0.000000000000114 ], [ 104.12018731334588, -2.431158701665414, 0.000000000000114 ], [ 104.120812672107334, -2.430638545197688, 0.000000000000114 ], [ 104.120469762746438, -2.430398085623994, 0.000000000000114 ] ] ] } },
{ "type": "Feature", "properties": { "FID": 137, "OBJECTID": 176, "NIB": "176", "NO": 176, "NAMA": "HASAN ASIDI", "LOKASI_LAH": "IPPKH", "STATUS": "Lunas", "Lokasi_2": "Barat", "NIB_1": "176", "KETERANGAN": " ", "Luas_Acad": 10.845001554, "long": 104.101831796, "lat": -2.4318139842000002 }, "geometry": { "type": "Polygon", "coordinates": [ [ [ 104.103850000758058, -2.430377773789635, 5.887199999997392 ], [ 104.102857415282983, -2.429840728194614, 7.35899999999674 ], [ 104.102773398793587, -2.430697975025677, 5.887199999997392 ], [ 104.102754072391136, -2.430919782713932, 3.67949999999837 ], [ 104.10248851304749, -2.430929641836322, 5.887199999997392 ], [ 104.102391280749941, -2.431057315027104, 14.717999999993367 ], [ 104.102276337610718, -2.431038702861005, 5.887199999997392 ], [ 104.102180601585985, -2.431036114107214, 0.000000000000114 ], [ 104.102180960607953, -2.431023602774805, 5.887199999997392 ], [ 104.102125654434431, -2.430072875358583, 2.676000000006866 ], [ 104.100474996001097, -2.431483331092168, 0.000000000000114 ], [ 104.100105600660441, -2.431466664100931, 0.000000000000114 ], [ 104.099770922508469, -2.431240034794746, 5.887199999997392 ], [ 104.099524559094448, -2.431135027927295, 14.717999999993367 ], [ 104.099003710839156, -2.431321225738338, 14.717999999993367 ], [ 104.098696345536169, -2.431556693895118, 14.717999999993367 ], [ 104.098739148050171, -2.4320739580882, 14.717999999993367 ], [ 104.098385059916339, -2.432787406547264, 14.717999999993367 ], [ 104.098639214867134, -2.433139939943363, 14.717999999993367 ], [ 104.09885685562304, -2.432900391738297, 14.717999999993367 ], [ 104.099518852366856, -2.433699733510175, 14.717999999993367 ], [ 104.099766227758792, -2.433402378348651, 14.717999999993367 ], [ 104.101162225087919, -2.434006635960107, 9.812000000005355 ], [ 104.101219401874559, -2.433794439862182, 0.000000000000114 ], [ 104.101321009098967, -2.433723771577869, 7.35899999999674 ], [ 104.101251004020142, -2.433598750104725, 7.35899999999674 ], [ 104.101213547777448, -2.433172607989694, 7.35899999999674 ], [ 104.101205803296608, -2.43314274546396, 7.35899999999674 ], [ 104.100945560194248, -2.432539532707233, 5.887199999997392 ], [ 104.100738094876377, -2.432635682386093, 9.812000000005355 ], [ 104.099592080636853, -2.433175365351272, 9.812000000005355 ], [ 104.09927530314468, -2.432665725621545, 9.812000000005355 ], [ 104.101151472726698, -2.431484761123618, 7.35899999999674 ], [ 104.101562200430848, -2.432179851988859, 9.812000000005355 ], [ 104.103889003744172, -2.43110581609048, 14.717999999993367 ], [ 104.104149720658057, -2.431423397408241, 14.717999999993367 ], [ 104.104180542710878, -2.431460941983005, 14.717999999993367 ], [ 104.104197283639024, -2.431484009702071, 14.717999999993367 ], [ 104.104728480485448, -2.43176256238511, 14.717999999993367 ], [ 104.104906311768246, -2.432032885358775, 7.35899999999674 ], [ 104.10497837917103, -2.432346670080899, 11.774399999994898 ], [ 104.105179720919367, -2.432184481228064, 9.812000000005355 ], [ 104.105693098028624, -2.431768221368188, 9.812000000005355 ], [ 104.104560412003025, -2.43098046067465, 14.717999999993367 ], [ 104.104597226025206, -2.430917438831816, 14.071557403098836 ], [ 104.103850000758058, -2.430377773789635, 5.887199999997392 ] ] ] } },
{ "type": "Feature", "properties": { "FID": 138, "OBJECTID": 542, "NIB": "542", "NO": 542, "NAMA": "Andi Aini", "LOKASI_LAH": "IPPKH", "STATUS": "Lunas", "Lokasi_2": "Timur", "NIB_1": "542", "KETERANGAN": " ", "Luas_Acad": 1.84073544, "long": 104.11250689800001, "lat": -2.4309276180800001 }, "geometry": { "type": "Polygon", "coordinates": [ [ [ 104.112933599121448, -2.430895557232733, 0.0 ], [ 104.112331166325035, -2.429827468842947, 0.0 ], [ 104.11172873886899, -2.430442457842678, 0.0 ], [ 104.112088149794033, -2.430958320932023, 0.0 ], [ 104.11255513076209, -2.432017018822201, 0.0 ], [ 104.113302022101124, -2.431384287970203, 0.0 ], [ 104.112933599121448, -2.430895557232733, 0.0 ] ] ] } },
{ "type": "Feature", "properties": { "FID": 139, "OBJECTID": 526, "NIB": "526", "NO": 526, "NAMA": "Sukadi", "LOKASI_LAH": "IPPKH", "STATUS": "Lunas", "Lokasi_2": "Timur", "NIB_1": "526", "KETERANGAN": " ", "Luas_Acad": 1.67188595, "long": 104.11328997, "lat": -2.4303534571699998 }, "geometry": { "type": "Polygon", "coordinates": [ [ [ 104.113060119112461, -2.429963896312665, 0.0 ], [ 104.112331166325035, -2.429827468842947, 0.0 ], [ 104.112933599121448, -2.430895557232733, 0.0 ], [ 104.113446257911747, -2.430868757578081, 0.0 ], [ 104.114138873424452, -2.430715431519807, 0.0 ], [ 104.114049502537796, -2.429846950287625, 0.0 ], [ 104.113186036770841, -2.429954933374181, 0.0 ], [ 104.113060119112461, -2.429963896312665, 0.0 ] ] ] } },
{ "type": "Feature", "properties": { "FID": 140, "OBJECTID": 502, "NIB": "502", "NO": 502, "NAMA": "Iwan / Irwansya", "LOKASI_LAH": "IPPKH", "STATUS": "Lunas", "Lokasi_2": "Timur", "NIB_1": "502", "KETERANGAN": " ", "Luas_Acad": 1.0381167972500001, "long": 104.118429362, "lat": -2.43022174641 }, "geometry": { "type": "Polygon", "coordinates": [ [ [ 104.118647178980879, -2.429765916318341, 24.349000000001979 ], [ 104.117979832995289, -2.429722891270239, 48.698000000003958 ], [ 104.117904381189646, -2.429722841736136, 48.698000000003958 ], [ 104.117871755867085, -2.429958018261558, 48.698000000003958 ], [ 104.11794355875945, -2.430184217280601, 24.349000000001979 ], [ 104.118291265633019, -2.43082321066752, 0.0 ], [ 104.119136791279672, -2.430350210583684, 0.0 ], [ 104.118647178980879, -2.429765916318341, 24.349000000001979 ] ] ] } },
{ "type": "Feature", "properties": { "FID": 141, "OBJECTID": 520, "NIB": "520", "NO": 520, "NAMA": "Ponijan", "LOKASI_LAH": "IPPKH", "STATUS": "Lunas", "Lokasi_2": "Timur", "NIB_1": "520", "KETERANGAN": " ", "Luas_Acad": 0.87455531371100004, "long": 104.110713723, "lat": -2.4302142869200001 }, "geometry": { "type": "Polygon", "coordinates": [ [ [ 104.111171311127052, -2.429716400715935, 0.0 ], [ 104.111116399113044, -2.429702822439142, 0.0 ], [ 104.110976204695433, -2.429933547992401, 0.0 ], [ 104.110814112520615, -2.429996337052674, 0.0 ], [ 104.110676731069191, -2.430052781259112, 0.0 ], [ 104.110037253814738, -2.429720978141744, 0.0 ], [ 104.110026323613141, -2.429723982333633, 0.0 ], [ 104.109948425773524, -2.429771871207719, 0.0 ], [ 104.109984210969131, -2.430061368689228, 0.0 ], [ 104.1102449569144, -2.430170094085476, 0.0 ], [ 104.110577221112152, -2.430476199296985, 0.0 ], [ 104.110838297900344, -2.430541375313341, 0.0 ], [ 104.111386771355555, -2.430758843708631, 0.0 ], [ 104.111171311127052, -2.429716400715935, 0.0 ] ] ] } },
{ "type": "Feature", "properties": { "FID": 142, "OBJECTID": 165, "NIB": "165", "NO": 165, "NAMA": "JAMIL#2", "LOKASI_LAH": "IPPKH", "STATUS": "Lunas", "Lokasi_2": "Barat", "NIB_1": "165", "KETERANGAN": " ", "Luas_Acad": 0.46459009960800002, "long": 104.106661766, "lat": -2.4301853979699999 }, "geometry": { "type": "Polygon", "coordinates": [ [ [ 104.106972200915521, -2.42997222018157, 0.0 ], [ 104.10633083756133, -2.429694993715892, 0.0 ], [ 104.106474602597117, -2.430366486926462, 0.0 ], [ 104.106531500369897, -2.430516781422686, 0.0 ], [ 104.106762367403036, -2.430691977805556, 0.0 ], [ 104.106738894957417, -2.430602772689873, 0.0 ], [ 104.106925099992694, -2.430530726243723, 0.0 ], [ 104.106972200915521, -2.42997222018157, 0.0 ] ] ] } },
{ "type": "Feature", "properties": { "FID": 143, "OBJECTID": 129, "NIB": "129", "NO": 129, "NAMA": "ROSMAWANI", "LOKASI_LAH": "IPPKH", "STATUS": "Lunas", "Lokasi_2": "Barat", "NIB_1": "129", "KETERANGAN": " ", "Luas_Acad": 5.6840168285099999, "long": 104.105691599, "lat": -2.43138900286 }, "geometry": { "type": "Polygon", "coordinates": [ [ [ 104.105409993062779, -2.429690085851933, 0.000000000000114 ], [ 104.105333608544541, -2.429639975992873, 0.000000000000114 ], [ 104.105084621826833, -2.430077545505386, 0.000000000000114 ], [ 104.104956580970523, -2.430302271559766, 0.000000000000114 ], [ 104.104597226025206, -2.430917438831816, 0.000000000000114 ], [ 104.104560412003025, -2.43098046067465, 0.000000000000114 ], [ 104.105693098028624, -2.431768221368188, 14.717999999993367 ], [ 104.105179720919367, -2.432184481228064, 9.812000000005355 ], [ 104.10497837917103, -2.432346670080899, 3.091700000004494 ], [ 104.104945728963372, -2.432373185778074, 2.79660000000149 ], [ 104.104634581631601, -2.432622176792417, 0.000000000000114 ], [ 104.104658060239188, -2.432925424829987, 0.000000000000114 ], [ 104.104732401003076, -2.432921725753026, 0.000000000000114 ], [ 104.105006012380485, -2.432908635926928, 0.000000000000114 ], [ 104.106096560667993, -2.432855521722189, 0.000000000000114 ], [ 104.106312954214218, -2.432845113647664, 0.000000000000114 ], [ 104.106443009045677, -2.432444002673626, 0.000000000000114 ], [ 104.106513685177987, -2.432203404082245, 0.000000000000114 ], [ 104.10661803999875, -2.431869799249989, 0.000000000000114 ], [ 104.106847018827366, -2.431137788050757, 0.000000000000114 ], [ 104.106856195493307, -2.431108451489883, 0.000000000000114 ], [ 104.10694383974203, -2.430828265028484, 0.000000000000114 ], [ 104.106762367403036, -2.430691977805556, 0.000000000000114 ], [ 104.106531500369925, -2.430516781422686, 0.000000000000114 ], [ 104.106178413644599, -2.430250057219614, 0.000000000000114 ], [ 104.105409993062779, -2.429690085851933, 0.000000000000114 ] ] ] } },
{ "type": "Feature", "properties": { "FID": 144, "OBJECTID": 160, "NIB": "160", "NO": 160, "NAMA": "KARNO#1", "LOKASI_LAH": "IPPKH", "STATUS": "Lunas", "Lokasi_2": "Barat", "NIB_1": "160", "KETERANGAN": " ", "Luas_Acad": 0.94216572992799996, "long": 104.10248823400001, "lat": -2.4304079436400001 }, "geometry": { "type": "Polygon", "coordinates": [ [ [ 104.102701146955269, -2.429743447682255, 0.0 ], [ 104.102499997979223, -2.429627778249361, 0.0 ], [ 104.102125654434431, -2.430072875358583, 2.676000000006752 ], [ 104.102180960607953, -2.431023602774805, 5.887199999997392 ], [ 104.102276337610718, -2.431038702861005, 5.887199999997392 ], [ 104.102386103530847, -2.431041670969199, 0.0 ], [ 104.102475000374042, -2.430927777463121, 0.0 ], [ 104.102488513047476, -2.430929641836322, 5.887199999997392 ], [ 104.102754072391136, -2.430919782713965, 3.67949999999837 ], [ 104.102773398793587, -2.430697975025711, 5.887199999997392 ], [ 104.10283293146756, -2.429824884897298, 0.0 ], [ 104.102694403633251, -2.429752780498622, 0.0 ], [ 104.102701146955269, -2.429743447682255, 0.0 ] ] ] } },
{ "type": "Feature", "properties": { "FID": 145, "OBJECTID": 145, "NIB": "145", "NO": 145, "NAMA": "ARSUKANDI", "LOKASI_LAH": "IPPKH", "STATUS": "Lunas", "Lokasi_2": "Barat", "NIB_1": "145", "KETERANGAN": "RENCANA AWR", "Luas_Acad": 2.3359802100599998, "long": 104.097510887, "lat": -2.4304904627199999 }, "geometry": { "type": "Polygon", "coordinates": [ [ [ 104.098500816815033, -2.430495355107828, 0.000000000000114 ], [ 104.098544507488313, -2.42967380785946, 0.000000000000114 ], [ 104.097856296093823, -2.429910576257366, 0.000000000000114 ], [ 104.096524736280529, -2.430148356982577, 0.000000000000114 ], [ 104.096662635768183, -2.430644752274822, 0.000000000000114 ], [ 104.096744681745591, -2.43131897521635, 0.000000000000114 ], [ 104.097421319055329, -2.431194425662488, 0.000000000000114 ], [ 104.097834871257078, -2.431119083714094, 0.000000000000114 ], [ 104.097734471698388, -2.430586912677552, 0.000000000000114 ], [ 104.098500816815033, -2.430495355107828, 0.000000000000114 ] ] ] } },
{ "type": "Feature", "properties": { "FID": 146, "OBJECTID": 539, "NIB": "539", "NO": 539, "NAMA": "Saeroji/Abi", "LOKASI_LAH": "IPPKH", "STATUS": "Lunas", "Lokasi_2": "Timur", "NIB_1": "539", "KETERANGAN": " ", "Luas_Acad": 2.04612411, "long": 104.114768227, "lat": -2.43037658658 }, "geometry": { "type": "Polygon", "coordinates": [ [ [ 104.115514727879756, -2.430996766465131, 0.0 ], [ 104.115344807273488, -2.429522145355545, 0.0 ], [ 104.114040526528726, -2.429819806172168, 0.0 ], [ 104.114049502537796, -2.429846950287625, 0.0 ], [ 104.114138873424452, -2.430715431519807, 0.0 ], [ 104.114281623674714, -2.431371578934229, 0.0 ], [ 104.114849440957386, -2.430616393281405, 0.0 ], [ 104.115514716100847, -2.431014858595191, 0.0 ], [ 104.115514727879756, -2.430996766465131, 0.0 ] ] ] } },
{ "type": "Feature", "properties": { "FID": 147, "OBJECTID": 514, "NIB": "514", "NO": 514, "NAMA": "Damsir", "LOKASI_LAH": "IPPKH", "STATUS": "Lunas", "Lokasi_2": "Timur", "NIB_1": "514", "KETERANGAN": " ", "Luas_Acad": 0.83356119105399995, "long": 104.116700954, "lat": -2.4302229161 }, "geometry": { "type": "Polygon", "coordinates": [ [ [ 104.116605001638519, -2.429621705991266, 21.060400000002119 ], [ 104.116672128130816, -2.429494125426533, 22.212599999998929 ], [ 104.116580025779868, -2.429587623873406, 58.4375 ], [ 104.116198914719234, -2.429975010947892, 32.465299999996205 ], [ 104.116378834632357, -2.430463476925577, 16.232699999993201 ], [ 104.1163805751589, -2.430465868947195, 12.174499999993714 ], [ 104.116546675090007, -2.430643609581509, 12.174499999993714 ], [ 104.116811696269608, -2.430921991307533, 0.0 ], [ 104.117229768591031, -2.430648826923149, 0.0 ], [ 104.117205044515984, -2.430606456053479, 14.355100000000675 ], [ 104.116602724263984, -2.429624732214174, 61.613500000006752 ], [ 104.116605001638519, -2.429621705991266, 21.060400000002119 ] ] ] } },
{ "type": "Feature", "properties": { "FID": 148, "OBJECTID": 167, "NIB": "167", "NO": 167, "NAMA": "SAMIDI", "LOKASI_LAH": "IPPKH", "STATUS": "Lunas", "Lokasi_2": "Barat", "NIB_1": "167", "KETERANGAN": " ", "Luas_Acad": 3.39702593119, "long": 104.107779358, "lat": -2.4306383679099999 }, "geometry": { "type": "Polygon", "coordinates": [ [ [ 104.10811096645827, -2.429473043958386, 0.0 ], [ 104.107972196236048, -2.429472221826177, 0.0 ], [ 104.107638894656844, -2.429888887723805, 0.0 ], [ 104.10752780147125, -2.430333336797444, 0.0 ], [ 104.106925099992694, -2.430530726243723, 0.0 ], [ 104.106916695260566, -2.43055555386576, 0.0 ], [ 104.10674999758065, -2.43061111238824, 0.0 ], [ 104.106762367403036, -2.430691977805556, 0.0 ], [ 104.106943839742016, -2.4308282650285, 0.0 ], [ 104.106856195493293, -2.431108451489883, 0.0 ], [ 104.106988904444123, -2.43168055935493, 0.0 ], [ 104.106998639742983, -2.431713962934923, 0.0 ], [ 104.107348913675693, -2.431604516164957, 0.0 ], [ 104.107416699230527, -2.431588007868819, 0.0 ], [ 104.107689286934487, -2.431532619186576, 0.0 ], [ 104.108672199743779, -2.431325000316265, 0.0 ], [ 104.108675003123054, -2.430794443079316, 0.0 ], [ 104.108638897226612, -2.43013055649, 0.0 ], [ 104.108413903567808, -2.429525000174244, 0.0 ], [ 104.10811096645827, -2.429473043958386, 0.0 ] ] ] } },
{ "type": "Feature", "properties": { "FID": 149, "OBJECTID": 515, "NIB": "515", "NO": 515, "NAMA": "Dulgoni", "LOKASI_LAH": "IPPKH", "STATUS": "Lunas", "Lokasi_2": "Timur", "NIB_1": "515", "KETERANGAN": " ", "Luas_Acad": 0.80429092119099999, "long": 104.117080731, "lat": -2.4299720961500002 }, "geometry": { "type": "Polygon", "coordinates": [ [ [ 104.116946914641929, -2.42937921557052, 70.789999999993597 ], [ 104.116872986601294, -2.429347029005255, 71.914999999993597 ], [ 104.116815570445652, -2.42937108457943, 74.160000000003492 ], [ 104.116679956020562, -2.429486178170575, 43.23420000000624 ], [ 104.116626977505376, -2.429593037155015, 78.236999999993714 ], [ 104.116605001638519, -2.429621705991266, 21.060400000002119 ], [ 104.117205044515984, -2.430606456053479, 14.355100000000675 ], [ 104.117422972301284, -2.430524494398811, 52.163000000000466 ], [ 104.117700535422699, -2.430343066864873, 54.683099999994738 ], [ 104.117737747435427, -2.430309020172232, 67.910000000003492 ], [ 104.117736992558065, -2.430279012942934, 68.368000000002212 ], [ 104.11773154505839, -2.430247161755385, 69.830000000001746 ], [ 104.117666766420953, -2.430145446760189, 67.546000000002095 ], [ 104.117398196607226, -2.429928732657783, 71.270000000004075 ], [ 104.117270848055711, -2.429763024431819, 69.759999999994761 ], [ 104.117184122350153, -2.42967065408198, 68.389999999999418 ], [ 104.117070296625684, -2.429510727038439, 71.270000000004075 ], [ 104.117024279457013, -2.429448365740153, 71.270000000004075 ], [ 104.116946914641929, -2.42937921557052, 70.789999999993597 ] ] ] } },
{ "type": "Feature", "properties": { "FID": 150, "OBJECTID": 133, "NIB": "133", "NO": 133, "NAMA": "NIJAR/DESTA", "LOKASI_LAH": " ", "STATUS": "Lunas", "Lokasi_2": "Barat", "NIB_1": "133", "KETERANGAN": "RENCANA AWR", "Luas_Acad": 1.38859820182, "long": 104.097487977, "lat": -2.4296491282299999 }, "geometry": { "type": "Polygon", "coordinates": [ [ [ 104.098544507488313, -2.42967380785946, 0.000000000000114 ], [ 104.098423303323045, -2.429095921324197, 0.000000000000114 ], [ 104.097870762558159, -2.429325545021703, 0.000000000000114 ], [ 104.096389265359591, -2.429683231752143, 0.000000000000114 ], [ 104.096524736280529, -2.430148356982577, 0.000000000000114 ], [ 104.097856296093823, -2.429910576257366, 0.000000000000114 ], [ 104.098544507488313, -2.42967380785946, 0.000000000000114 ] ] ] } },
{ "type": "Feature", "properties": { "FID": 151, "OBJECTID": 163, "NIB": "163", "NO": 163, "NAMA": "ANSORI", "LOKASI_LAH": "IPPKH", "STATUS": "Lunas", "Lokasi_2": "Barat", "NIB_1": "163", "KETERANGAN": " ", "Luas_Acad": 0.63786194325800005, "long": 104.105963041, "lat": -2.4298521317100001 }, "geometry": { "type": "Polygon", "coordinates": [ [ [ 104.105556275335459, -2.429331869414268, 0.0 ], [ 104.105545135788304, -2.429325000574748, 0.0 ], [ 104.105409993062764, -2.429690085851933, 0.0 ], [ 104.105649391964363, -2.429850430779545, 0.0 ], [ 104.106178413644599, -2.430250057219614, 0.0 ], [ 104.106252801185278, -2.430266670025759, 0.0 ], [ 104.106491702323922, -2.430441670950324, 0.0 ], [ 104.106474602597117, -2.430366486926462, 0.0 ], [ 104.10633083756133, -2.429694993715892, 0.0 ], [ 104.106326494469528, -2.429682747003193, 0.0 ], [ 104.105556275335459, -2.429331869414268, 0.0 ] ] ] } },
{ "type": "Feature", "properties": { "FID": 152, "OBJECTID": 161, "NIB": "161", "NO": 161, "NAMA": "KARNO#2", "LOKASI_LAH": "IPPKH", "STATUS": "Lunas", "Lokasi_2": "Barat", "NIB_1": "161", "KETERANGAN": " ", "Luas_Acad": 1.2288585347400001, "long": 104.103415433, "lat": -2.4297769015799999 }, "geometry": { "type": "Polygon", "coordinates": [ [ [ 104.103500001537981, -2.429277777030629, 0.0 ], [ 104.103313895074734, -2.429236113449221, 0.0 ], [ 104.103055595727952, -2.429252775750228, 0.0 ], [ 104.102701146955269, -2.429743447682255, 0.0 ], [ 104.10283293146756, -2.429824884897298, 0.0 ], [ 104.102857415282983, -2.429840728194647, 7.35899999999674 ], [ 104.103850000758044, -2.430377773789635, 5.887199999997392 ], [ 104.104244399487357, -2.429699999882659, 0.0 ], [ 104.104055598666136, -2.429558329691319, 0.0 ], [ 104.103908301821562, -2.42950000210395, 0.0 ], [ 104.103727801303279, -2.429361107321983, 0.0 ], [ 104.103500001537981, -2.429277777030629, 0.0 ] ] ] } },
{ "type": "Feature", "properties": { "FID": 153, "OBJECTID": 538, "NIB": "538", "NO": 538, "NAMA": "Sobirin", "LOKASI_LAH": "IPPKH", "STATUS": "Lunas", "Lokasi_2": "Timur", "NIB_1": "538", "KETERANGAN": " ", "Luas_Acad": 1.7273071583099999, "long": 104.11620931500001, "lat": -2.4299462426599998 }, "geometry": { "type": "Polygon", "coordinates": [ [ [ 104.116679956020562, -2.429486178170575, 43.23420000000624 ], [ 104.116954885467123, -2.429206591890262, 19.479200000001583 ], [ 104.115758617496098, -2.429368634550749, 0.0 ], [ 104.115344807273488, -2.429522145355545, 0.0 ], [ 104.115514727879756, -2.430996766465131, 0.0 ], [ 104.116378834632357, -2.430463476925577, 16.232699999993201 ], [ 104.116194359219705, -2.429975297425237, 0.0 ], [ 104.116674451372774, -2.429489715184503, 0.0 ], [ 104.116672128130816, -2.429494125426533, 22.212599999998929 ], [ 104.116679956020562, -2.429486178170575, 43.23420000000624 ] ] ] } },
{ "type": "Feature", "properties": { "FID": 154, "OBJECTID": 519, "NIB": "519", "NO": 519, "NAMA": "Tarso", "LOKASI_LAH": "IPPKH", "STATUS": "Lunas", "Lokasi_2": "Timur", "NIB_1": "519", "KETERANGAN": " ", "Luas_Acad": 1.22174716439, "long": 104.111652835, "lat": -2.4300562380400001 }, "geometry": { "type": "Polygon", "coordinates": [ [ [ 104.111562438860688, -2.42954570878359, 0.0 ], [ 104.111082044675726, -2.429139397633648, 0.0 ], [ 104.111064515668943, -2.429145365483508, 0.0 ], [ 104.111171311127052, -2.429716400715935, 0.0 ], [ 104.111386771355555, -2.430758843708631, 0.0 ], [ 104.112088149794033, -2.430958320932023, 0.0 ], [ 104.11172873886899, -2.430442457842678, 0.0 ], [ 104.112331166325035, -2.429827468842947, 0.0 ], [ 104.111562438860688, -2.42954570878359, 0.0 ] ] ] } },
{ "type": "Feature", "properties": { "FID": 155, "OBJECTID": 164, "NIB": "164", "NO": 164, "NAMA": "GANI", "LOKASI_LAH": "IPPKH", "STATUS": "Lunas", "Lokasi_2": "Barat", "NIB_1": "164", "KETERANGAN": " ", "Luas_Acad": 0.75807789337599996, "long": 104.106358288, "lat": -2.4295103871400001 }, "geometry": { "type": "Polygon", "coordinates": [ [ [ 104.106833300430154, -2.429333332134197, 0.000000000000114 ], [ 104.106000002215865, -2.429111113708168, 0.000000000000114 ], [ 104.10577780182939, -2.429277774950764, 0.000000000000114 ], [ 104.105567927543305, -2.429230712538637, 0.000000000000114 ], [ 104.105545135788304, -2.429325000574748, 0.000000000000114 ], [ 104.105556275335474, -2.429331869414268, 0.000000000000114 ], [ 104.106326494469542, -2.429682747003193, 0.000000000000114 ], [ 104.106972200915521, -2.42997222018157, 0.000000000000114 ], [ 104.107026875107351, -2.429262017806661, 0.000000000000114 ], [ 104.106833300430154, -2.429333332134197, 0.000000000000114 ] ] ] } },
{ "type": "Feature", "properties": { "FID": 156, "OBJECTID": 162, "NIB": "162", "NO": 162, "NAMA": "JAMIL#1", "LOKASI_LAH": "IPPKH", "STATUS": "Lunas", "Lokasi_2": "Barat", "NIB_1": "162", "KETERANGAN": " ", "Luas_Acad": 0.54848307017200004, "long": 104.105168339, "lat": -2.42953242962 }, "geometry": { "type": "Polygon", "coordinates": [ [ [ 104.104935257646389, -2.429070607832184, 0.0 ], [ 104.104912292602336, -2.429064680948024, 0.0 ], [ 104.104823304900535, -2.429287007785769, 0.0 ], [ 104.10490955341669, -2.42988378384583, 0.0 ], [ 104.105084621826819, -2.430077545505403, 0.0 ], [ 104.105333608544541, -2.42963997599289, 0.0 ], [ 104.105409993062764, -2.429690085851933, 0.0 ], [ 104.105545135788304, -2.429325000574748, 0.0 ], [ 104.105567927543305, -2.429230712538637, 0.0 ], [ 104.105277799496534, -2.429166664285038, 0.0 ], [ 104.104935257646389, -2.429070607832184, 0.0 ] ] ] } },
{ "type": "Feature", "properties": { "FID": 157, "OBJECTID": 199, "NIB": "199", "NO": 199, "NAMA": "JAMIL", "LOKASI_LAH": "IPPKH", "STATUS": "Lunas", "Lokasi_2": "Barat", "NIB_1": "199", "KETERANGAN": " ", "Luas_Acad": 1.7391828123, "long": 104.104481244, "lat": -2.4299054439000001 }, "geometry": { "type": "Polygon", "coordinates": [ [ [ 104.104500001915682, -2.429027777962289, 0.0 ], [ 104.104277880735751, -2.428925292073255, 0.0 ], [ 104.103972271034266, -2.428943393027418, 0.0 ], [ 104.104264110728082, -2.429704400353895, 0.0 ], [ 104.103868260484305, -2.430376628078693, 0.0 ], [ 104.104597226025192, -2.430917438831816, 0.0 ], [ 104.105084621826819, -2.430077545505403, 0.0 ], [ 104.10490955341669, -2.42988378384583, 0.0 ], [ 104.104823304900535, -2.429287007785769, 0.0 ], [ 104.104819399627559, -2.429277779125187, 0.0 ], [ 104.104901346213722, -2.429062233035058, 0.0 ], [ 104.104783953424317, -2.429036515644166, 0.0 ], [ 104.104683343347176, -2.429027780705364, 0.0 ], [ 104.104500001915682, -2.429027777962289, 0.0 ] ] ] } },
{ "type": "Feature", "properties": { "FID": 158, "OBJECTID": 200, "NIB": "200", "NO": 200, "NAMA": "MANAP", "LOKASI_LAH": "APL", "STATUS": "Lunas", "Lokasi_2": "Barat", "NIB_1": "200", "KETERANGAN": " ", "Luas_Acad": 0.72924007021299997, "long": 104.093868156, "lat": -2.4294898324499998 }, "geometry": { "type": "Polygon", "coordinates": [ [ [ 104.094268168796944, -2.429131400382776, 0.000000000000114 ], [ 104.09370033028874, -2.428892964436676, 0.000000000000114 ], [ 104.093476894887061, -2.429932768915031, 0.000000000000114 ], [ 104.094019345879857, -2.430069449247992, 0.000000000000114 ], [ 104.094268168796944, -2.429131400382776, 0.000000000000114 ] ] ] } },
{ "type": "Feature", "properties": { "FID": 159, "OBJECTID": 166, "NIB": "166", "NO": 166, "NAMA": "IGAN", "LOKASI_LAH": "IPPKH", "STATUS": "Lunas", "Lokasi_2": "Barat", "NIB_1": "166", "KETERANGAN": " ", "Luas_Acad": 1.4770048304000001, "long": 104.107616423, "lat": -2.4296039096 }, "geometry": { "type": "Polygon", "coordinates": [ [ [ 104.108361102360661, -2.429222220929952, 0.0 ], [ 104.108416696188627, -2.428749998732844, 0.0 ], [ 104.107080947410068, -2.429242097249189, 0.0 ], [ 104.106925099992694, -2.430530726243723, 0.0 ], [ 104.10751390295728, -2.430297223875397, 0.0 ], [ 104.107633297185913, -2.429866666003199, 0.0 ], [ 104.107969395792509, -2.429450002866854, 0.0 ], [ 104.10811096645827, -2.429473043958386, 0.0 ], [ 104.108361102360661, -2.429222220929952, 0.0 ] ] ] } },
{ "type": "Feature", "properties": { "FID": 160, "OBJECTID": 159, "NIB": "159", "NO": 159, "NAMA": "SUKIR", "LOKASI_LAH": "IPPKH", "STATUS": "Lunas", "Lokasi_2": "Barat", "NIB_1": "159", "KETERANGAN": " ", "Luas_Acad": 4.2432424982, "long": 104.100929708, "lat": -2.4303899093800001 }, "geometry": { "type": "Polygon", "coordinates": [ [ [ 104.101633299168341, -2.428697222324149, 0.000000000000114 ], [ 104.101174997130514, -2.428647226071856, 0.000000000000114 ], [ 104.100544396278224, -2.428866668064782, 0.000000000000114 ], [ 104.100416702525266, -2.429372219604618, 0.000000000000114 ], [ 104.100430595688863, -2.42976943926149, 0.000000000000114 ], [ 104.10083609874404, -2.429761108831545, 0.000000000000114 ], [ 104.101088896845525, -2.429794440750238, 0.000000000000114 ], [ 104.101408302061316, -2.429830558125354, 0.000000000000114 ], [ 104.100661096524817, -2.430444445682571, 0.000000000000114 ], [ 104.099524559094448, -2.431135027927295, 5.887199999997392 ], [ 104.099770922508469, -2.431240034794746, 5.887199999997392 ], [ 104.100105600660441, -2.431466664100931, 14.717999999993367 ], [ 104.100474996001097, -2.431483331092168, 14.717999999993367 ], [ 104.102125654434431, -2.430072875358583, 2.676000000006866 ], [ 104.102499997979223, -2.429627778249327, 0.000000000000114 ], [ 104.101808304048888, -2.42932777557773, 0.000000000000114 ], [ 104.101988899671227, -2.428697224748898, 0.000000000000114 ], [ 104.101633299168341, -2.428697222324149, 0.000000000000114 ] ] ] } },
{ "type": "Feature", "properties": { "FID": 161, "OBJECTID": 548, "NIB": "548", "NO": 548, "NAMA": "Ira", "LOKASI_LAH": "IPPKH", "STATUS": "Lunas", "Lokasi_2": "Timur", "NIB_1": "548", "KETERANGAN": " ", "Luas_Acad": 2.0905409286199998, "long": 104.114734226, "lat": -2.4291248045699998 }, "geometry": { "type": "Polygon", "coordinates": [ [ [ 104.114814567775724, -2.428924755701944, 0.000000000000114 ], [ 104.114796910147376, -2.428418164294571, 0.000000000000114 ], [ 104.113790142132785, -2.428592726097166, 0.000000000000114 ], [ 104.113870389181386, -2.428679889763112, 0.000000000000114 ], [ 104.114040526528726, -2.429819806172168, 0.000000000000114 ], [ 104.115344807273488, -2.429522145355545, 0.000000000000114 ], [ 104.115758617496112, -2.429368634550749, 0.000000000000114 ], [ 104.115677957175862, -2.428773902483066, 0.000000000000114 ], [ 104.114814567775724, -2.428924755701944, 0.000000000000114 ] ] ] } },
{ "type": "Feature", "properties": { "FID": 162, "OBJECTID": 157, "NIB": "157", "NO": 157, "NAMA": "MANAP", "LOKASI_LAH": "APL", "STATUS": "Lunas", "Lokasi_2": "Barat", "NIB_1": "157", "KETERANGAN": " ", "Luas_Acad": 1.2759897361000001, "long": 104.095367036, "lat": -2.4290452114300001 }, "geometry": { "type": "Polygon", "coordinates": [ [ [ 104.095666703713562, -2.428611110531659, 0.000000000000114 ], [ 104.095086124197735, -2.428255567684563, 0.000000000000114 ], [ 104.094936099464306, -2.428902777149636, 0.000000000000114 ], [ 104.094869403296713, -2.429602776435272, 0.000000000000114 ], [ 104.09491997438974, -2.429807061449272, 0.000000000000114 ], [ 104.095135852126688, -2.429761976767009, 0.000000000000114 ], [ 104.095400044211871, -2.429637632610886, 0.000000000000114 ], [ 104.095627215050357, -2.429530712737162, 0.000000000000114 ], [ 104.095797202537156, -2.429122226108379, 0.000000000000114 ], [ 104.095944399657824, -2.428666668023276, 0.000000000000114 ], [ 104.095666703713562, -2.428611110531659, 0.000000000000114 ] ] ] } },
{ "type": "Feature", "properties": { "FID": 163, "OBJECTID": 201, "NIB": "201", "NO": 201, "NAMA": "M. IMRON", "LOKASI_LAH": "APL", "STATUS": "Lunas", "Lokasi_2": "Barat", "NIB_1": "201", "KETERANGAN": " ", "Luas_Acad": 0.64411083215800002, "long": 104.094120633, "lat": -2.4286155173599999 }, "geometry": { "type": "Polygon", "coordinates": [ [ [ 104.094546672737494, -2.428311078098112, 0.000000000000114 ], [ 104.094473611739872, -2.428265120778636, 0.000000000000114 ], [ 104.093946143439766, -2.428110446262843, 0.000000000000114 ], [ 104.09370033028874, -2.428892964436676, 0.000000000000114 ], [ 104.094268168796944, -2.429131400382776, 0.000000000000114 ], [ 104.094400099268597, -2.428731792842822, 0.000000000000114 ], [ 104.094459123807709, -2.428560063217837, 0.000000000000114 ], [ 104.094546672737494, -2.428311078098112, 0.000000000000114 ] ] ] } },
{ "type": "Feature", "properties": { "FID": 164, "OBJECTID": 132, "NIB": "132", "NO": 132, "NAMA": "YUSUF", "LOKASI_LAH": " APL & IPPKH", "STATUS": "Lunas", "Lokasi_2": "Barat", "NIB_1": "132", "KETERANGAN": "RENCANA AWR", "Luas_Acad": 3.3370554751300001, "long": 104.097117697, "lat": -2.4288898092600002 }, "geometry": { "type": "Polygon", "coordinates": [ [ [ 104.098512446689256, -2.42906106274551, 0.000000000000114 ], [ 104.098255638200428, -2.428117018995715, 0.000000000000114 ], [ 104.097996800747836, -2.428057584848806, 0.000000000000114 ], [ 104.097357904908364, -2.428363137845464, 0.000000000000114 ], [ 104.096857901057817, -2.428474249031185, 0.000000000000114 ], [ 104.09628613816291, -2.428552265735971, 0.000000000000114 ], [ 104.095944399657824, -2.428666668023276, 0.000000000000114 ], [ 104.095797202537156, -2.429122226108379, 0.000000000000114 ], [ 104.095627215050357, -2.429530712737162, 0.000000000000114 ], [ 104.095711626377863, -2.429490983816766, 0.000000000000114 ], [ 104.096071438589817, -2.429391719685012, 0.000000000000114 ], [ 104.096296303924191, -2.429355686844169, 0.000000000000114 ], [ 104.096359103140585, -2.429590925641812, 0.000000000000114 ], [ 104.096389265359591, -2.429683231752143, 0.000000000000114 ], [ 104.097870762558159, -2.429325545021703, 0.000000000000114 ], [ 104.098512446689256, -2.42906106274551, 0.000000000000114 ] ] ] } },
{ "type": "Feature", "properties": { "FID": 165, "OBJECTID": 156, "NIB": "156", "NO": 156, "NAMA": "YAL", "LOKASI_LAH": "APL", "STATUS": "Lunas", "Lokasi_2": "Barat", "NIB_1": "156", "KETERANGAN": " ", "Luas_Acad": 0.69078488586999998, "long": 104.094752821, "lat": -2.4288091459699999 }, "geometry": { "type": "Polygon", "coordinates": [ [ [ 104.095086124197735, -2.428255567684563, 0.0 ], [ 104.094722207375682, -2.428044451862472, 0.0 ], [ 104.094544395768793, -2.4286916696527, 0.0 ], [ 104.094408304182338, -2.429163888607619, 0.0 ], [ 104.094869403296713, -2.429602776435272, 0.0 ], [ 104.094936099464306, -2.428902777149636, 0.0 ], [ 104.095086124197735, -2.428255567684563, 0.0 ] ] ] } },
{ "type": "Feature", "properties": { "FID": 166, "OBJECTID": 577, "NIB": "577", "NO": 577, "NAMA": "Adi#5", "LOKASI_LAH": "IPPKH", "STATUS": "Lunas", "Lokasi_2": "Timur", "NIB_1": "577", "KETERANGAN": " ", "Luas_Acad": 2.5366505412399998, "long": 104.11190192399999, "lat": -2.42904053 }, "geometry": { "type": "Polygon", "coordinates": [ [ [ 104.111896511800836, -2.428277623132052, 0.000000000000114 ], [ 104.111858072528321, -2.427988122897058, 0.000000000000114 ], [ 104.111212108353755, -2.42857308459698, 0.000000000000114 ], [ 104.110993648650265, -2.429077108614042, 0.000000000000114 ], [ 104.110814112520629, -2.429996337052674, 0.000000000000114 ], [ 104.110976204695447, -2.429933547992401, 0.000000000000114 ], [ 104.111116399113058, -2.429702822439125, 0.000000000000114 ], [ 104.111171311127052, -2.429716400715935, 0.000000000000114 ], [ 104.111064515668943, -2.429145365483492, 0.000000000000114 ], [ 104.111081246705055, -2.429124618560389, 0.000000000000114 ], [ 104.111562438860688, -2.42954570878359, 0.000000000000114 ], [ 104.112331166325035, -2.42982746884293, 0.000000000000114 ], [ 104.113060119112475, -2.429963896312665, 0.000000000000114 ], [ 104.112979924323611, -2.429689280884282, 0.000000000000114 ], [ 104.112388167637008, -2.429244602727704, 0.000000000000114 ], [ 104.112431399033312, -2.428678940340856, 0.000000000000114 ], [ 104.112290600163703, -2.428271349549923, 0.000000000000114 ], [ 104.111896511800836, -2.428277623132052, 0.000000000000114 ] ] ] } },
{ "type": "Feature", "properties": { "FID": 167, "OBJECTID": 547, "NIB": "547", "NO": 547, "NAMA": "Muklis", "LOKASI_LAH": "IPPKH", "STATUS": "Lunas", "Lokasi_2": "Timur", "NIB_1": "547", "KETERANGAN": " ", "Luas_Acad": 1.5896751840300001, "long": 104.116223097, "lat": -2.4286442303100002 }, "geometry": { "type": "Polygon", "coordinates": [ [ [ 104.116442955722988, -2.428111680756323, 32.465299999996432 ], [ 104.11566964525943, -2.427885020587061, 24.349000000002206 ], [ 104.115677957175862, -2.428773902483066, 0.000000000000114 ], [ 104.115758617496112, -2.429368634550749, 0.000000000000114 ], [ 104.116954885467123, -2.429206591890262, 19.479200000001811 ], [ 104.116442955722988, -2.428111680756323, 32.465299999996432 ] ] ] } },
{ "type": "Feature", "properties": { "FID": 168, "OBJECTID": 134, "NIB": "134", "NO": 134, "NAMA": "DESTA", "LOKASI_LAH": " ", "STATUS": "Lunas", "Lokasi_2": "Barat", "NIB_1": "134", "KETERANGAN": "RENCANA AWR", "Luas_Acad": 1.5400700089799999, "long": 104.099551568, "lat": -2.4286281009200001 }, "geometry": { "type": "Polygon", "coordinates": [ [ [ 104.100704328108321, -2.428047324982014, 0.000000000000114 ], [ 104.100651557488504, -2.427568326436618, 0.000000000000114 ], [ 104.100264970951514, -2.427851782582328, 0.000000000000114 ], [ 104.099358967364765, -2.428476858792628, 0.000000000000114 ], [ 104.098635000912964, -2.428976485252055, 0.000000000000114 ], [ 104.098512446689256, -2.42906106274551, 0.000000000000114 ], [ 104.098422896861479, -2.429097972432134, 0.000000000000114 ], [ 104.098544507488313, -2.42967380785946, 0.000000000000114 ], [ 104.098691274169312, -2.42956328345675, 0.000000000000114 ], [ 104.099654527262416, -2.428837893184383, 0.000000000000114 ], [ 104.100704328108321, -2.428047324982014, 0.000000000000114 ] ] ] } },
{ "type": "Feature", "properties": { "FID": 169, "OBJECTID": 203, "NIB": "203", "NO": 203, "NAMA": "M. KERI", "LOKASI_LAH": "APL", "STATUS": "Lunas", "Lokasi_2": "Barat", "NIB_1": "203", "KETERANGAN": " ", "Luas_Acad": 1.78169982005, "long": 104.092914088, "lat": -2.4282897823099998 }, "geometry": { "type": "Polygon", "coordinates": [ [ [ 104.093946143439766, -2.42811044626286, 0.0 ], [ 104.091974208475932, -2.427711080559105, 0.0 ], [ 104.091890893624196, -2.42838272858873, 0.0 ], [ 104.09370033028874, -2.428892964436676, 0.0 ], [ 104.093946143439766, -2.42811044626286, 0.0 ] ] ] } },
{ "type": "Feature", "properties": { "FID": 170, "OBJECTID": 182, "NIB": "182", "NO": 182, "NAMA": "NURON", "LOKASI_LAH": "IPPKH", "STATUS": "Lunas", "Lokasi_2": "Barat", "NIB_1": "182", "KETERANGAN": " ", "Luas_Acad": 2.0616452172300002, "long": 104.107428046, "lat": -2.42845306209 }, "geometry": { "type": "Polygon", "coordinates": [ [ [ 104.108416696188627, -2.428749998732844, 0.0 ], [ 104.107777803943918, -2.427694444388086, 0.0 ], [ 104.106386098415101, -2.427855552140399, 0.0 ], [ 104.10680559932652, -2.428333336460652, 0.0 ], [ 104.10699999850992, -2.42833332901216, 0.0 ], [ 104.107111102104696, -2.428805553174284, 0.0 ], [ 104.106833300430154, -2.429333332134197, 0.0 ], [ 104.107027798556615, -2.429250001649772, 0.0 ], [ 104.107026875107351, -2.429262017806677, 0.0 ], [ 104.107080947410068, -2.429242097249189, 0.0 ], [ 104.107083298820285, -2.429222222833981, 0.0 ], [ 104.108416696188627, -2.428749998732844, 0.0 ] ] ] } },
{ "type": "Feature", "properties": { "FID": 171, "OBJECTID": 135, "NIB": "135", "NO": 135, "NAMA": "ISWANDI", "LOKASI_LAH": " ", "STATUS": "Lunas", "Lokasi_2": "Barat", "NIB_1": "135", "KETERANGAN": "RENCANA AWR", "Luas_Acad": 1.50163499694, "long": 104.09917503699999, "lat": -2.42831344838 }, "geometry": { "type": "Polygon", "coordinates": [ [ [ 104.100264970951514, -2.427851782582328, 0.000000000000114 ], [ 104.099719119170416, -2.427685717121347, 0.000000000000114 ], [ 104.098255638200428, -2.428117018995715, 0.000000000000114 ], [ 104.098512446689256, -2.42906106274551, 0.000000000000114 ], [ 104.099121657019751, -2.428640632403356, 0.000000000000114 ], [ 104.100264970951514, -2.427851782582328, 0.000000000000114 ] ] ] } },
{ "type": "Feature", "properties": { "FID": 172, "OBJECTID": 202, "NIB": "202", "NO": 202, "NAMA": "ARBI", "LOKASI_LAH": "APL", "STATUS": "Lunas", "Lokasi_2": "Barat", "NIB_1": "202", "KETERANGAN": " ", "Luas_Acad": 0.39299835427199997, "long": 104.094323755, "lat": -2.4279735592399998 }, "geometry": { "type": "Polygon", "coordinates": [ [ [ 104.094598442858782, -2.427721680820208, 0.000000000000114 ], [ 104.094066443405694, -2.427630207103004, 0.000000000000114 ], [ 104.093946143439766, -2.428110446262843, 0.000000000000114 ], [ 104.094473611739872, -2.428265120778636, 0.000000000000114 ], [ 104.094598442858782, -2.427721680820208, 0.000000000000114 ] ] ] } },
{ "type": "Feature", "properties": { "FID": 173, "OBJECTID": 205, "NIB": "205", "NO": 205, "NAMA": "ADI DPD", "LOKASI_LAH": "APL", "STATUS": "Lunas", "Lokasi_2": "Barat", "NIB_1": "205", "KETERANGAN": " ", "Luas_Acad": 1.7431170540800001, "long": 104.089882006, "lat": -2.4281303240100001 }, "geometry": { "type": "Polygon", "coordinates": [ [ [ 104.091140229509165, -2.428118740608219, 0.000000000000114 ], [ 104.089429232551311, -2.42745807787307, 0.000000000000114 ], [ 104.088937028551157, -2.428138899521802, 0.000000000000114 ], [ 104.088892748933972, -2.428199891138826, 0.000000000000114 ], [ 104.089868382372117, -2.428758269074971, 0.000000000000114 ], [ 104.090298425904948, -2.4288922541523, 0.000000000000114 ], [ 104.090714135642884, -2.428487307885812, 0.000000000000114 ], [ 104.091140229509165, -2.428118740608219, 0.000000000000114 ] ] ] } },
{ "type": "Feature", "properties": { "FID": 174, "OBJECTID": 204, "NIB": "204", "NO": 204, "NAMA": "MAIMUNA", "LOKASI_LAH": "APL", "STATUS": "Lunas", "Lokasi_2": "Barat", "NIB_1": "204", "KETERANGAN": " ", "Luas_Acad": 0.50945610918499995, "long": 104.09172653500001, "lat": -2.4279967715700002 }, "geometry": { "type": "Polygon", "coordinates": [ [ [ 104.092002162106979, -2.427479878868369, 0.000000000000114 ], [ 104.091658456300735, -2.427436440299824, 0.000000000000114 ], [ 104.091650629650573, -2.427470704918606, 0.000000000000114 ], [ 104.091399729668268, -2.428363540803309, 0.000000000000114 ], [ 104.091758133686341, -2.428690276090236, 0.000000000000114 ], [ 104.091890893624196, -2.42838272858873, 0.000000000000114 ], [ 104.091974208475932, -2.427711080559105, 0.000000000000114 ], [ 104.092002162106979, -2.427479878868369, 0.000000000000114 ] ] ] } },
{ "type": "Feature", "properties": { "FID": 175, "OBJECTID": 578, "NIB": "578", "NO": 578, "NAMA": "Panut", "LOKASI_LAH": "IPPKH", "STATUS": "Lunas", "Lokasi_2": "Timur", "NIB_1": "578", "KETERANGAN": " ", "Luas_Acad": 1.94400660219, "long": 104.114096121, "lat": -2.42791664674 }, "geometry": { "type": "Polygon", "coordinates": [ [ [ 104.114796910147376, -2.428418164294571, 0.000000000000114 ], [ 104.114779452603372, -2.427604006723579, 0.000000000000114 ], [ 104.114724944998699, -2.427278318828963, 0.000000000000114 ], [ 104.114174235421956, -2.427290246096559, 0.000000000000114 ], [ 104.113825570224321, -2.427280252081146, 0.000000000000114 ], [ 104.113574458104168, -2.427358969213912, 0.000000000000114 ], [ 104.113466439626535, -2.427503635043275, 0.000000000000114 ], [ 104.113349871797922, -2.428045758359187, 0.000000000000114 ], [ 104.113790142132785, -2.428592726097166, 0.000000000000114 ], [ 104.114796910147376, -2.428418164294571, 0.000000000000114 ] ] ] } },
{ "type": "Feature", "properties": { "FID": 176, "OBJECTID": 579, "NIB": "579", "NO": 579, "NAMA": "Majid", "LOKASI_LAH": "IPPKH", "STATUS": "Lunas", "Lokasi_2": "Timur", "NIB_1": "579", "KETERANGAN": " ", "Luas_Acad": 1.19232368193, "long": 104.115217599, "lat": -2.4282789272 }, "geometry": { "type": "Polygon", "coordinates": [ [ [ 104.11566964525943, -2.427885020587061, 24.349000000002889 ], [ 104.114779452603372, -2.427604006723579, 0.000000000000114 ], [ 104.114796910147376, -2.428418164294571, 0.000000000000114 ], [ 104.114814567775724, -2.428924755701944, 0.000000000000114 ], [ 104.115677957175862, -2.428773902483066, 0.000000000000114 ], [ 104.11566964525943, -2.427885020587061, 24.349000000002889 ] ] ] } },
{ "type": "Feature", "properties": { "FID": 177, "OBJECTID": 549, "NIB": "549", "NO": 549, "NAMA": "Rizki", "LOKASI_LAH": "IPPKH", "STATUS": "Lunas", "Lokasi_2": "Timur", "NIB_1": "549", "KETERANGAN": " ", "Luas_Acad": 2.9877108370999998, "long": 104.11322997000001, "lat": -2.42876034837 }, "geometry": { "type": "Polygon", "coordinates": [ [ [ 104.114049502537796, -2.429846950287625, 0.000000000000114 ], [ 104.114040526528726, -2.429819806172168, 0.000000000000114 ], [ 104.113870389181386, -2.428679889763112, 0.000000000000114 ], [ 104.113790142132785, -2.428592726097166, 0.000000000000114 ], [ 104.113349871797922, -2.428045758359187, 0.000000000000114 ], [ 104.113466439626535, -2.427503635043275, 0.000000000000114 ], [ 104.112881968345434, -2.427322328356383, 0.000000000000114 ], [ 104.112800523779825, -2.428091189960859, 0.000000000000114 ], [ 104.113258942169836, -2.428489519190776, 0.000000000000114 ], [ 104.112431399033312, -2.428678940340856, 0.000000000000114 ], [ 104.112388167637008, -2.429244602727687, 0.000000000000114 ], [ 104.112979924323611, -2.429689280884282, 0.000000000000114 ], [ 104.113060119112475, -2.429963896312665, 0.000000000000114 ], [ 104.113186036770841, -2.429954933374164, 0.000000000000114 ], [ 104.114049502537796, -2.429846950287625, 0.000000000000114 ] ] ] } },
{ "type": "Feature", "properties": { "FID": 178, "OBJECTID": 180, "NIB": "180", "NO": 180, "NAMA": "PUR", "LOKASI_LAH": "IPPKH", "STATUS": "Lunas", "Lokasi_2": "Barat", "NIB_1": "180", "KETERANGAN": " ", "Luas_Acad": 0.82092402021400002, "long": 104.10715852600001, "lat": -2.42753431013 }, "geometry": { "type": "Polygon", "coordinates": [ [ [ 104.107873440504662, -2.427254715093804, 0.0 ], [ 104.107626855818964, -2.427254483660747, 0.0 ], [ 104.106618237185572, -2.427261846948768, 0.0 ], [ 104.106386098415101, -2.427855552140399, 0.0 ], [ 104.107950000900203, -2.427633334960399, 0.0 ], [ 104.107866701050852, -2.427469445772637, 0.0 ], [ 104.107873440504662, -2.427254715093804, 0.0 ] ] ] } },
{ "type": "Feature", "properties": { "FID": 179, "OBJECTID": 580, "NIB": "580", "NO": 580, "NAMA": "Dulgoni", "LOKASI_LAH": "IPPKH", "STATUS": "Lunas", "Lokasi_2": "Timur", "NIB_1": "580", "KETERANGAN": " ", "Luas_Acad": 4.7693511949299996, "long": 104.11728404900001, "lat": -2.4287410167700001 }, "geometry": { "type": "Polygon", "coordinates": [ [ [ 104.117768260526915, -2.428206323553941, 97.395900000003394 ], [ 104.11678529747924, -2.42721634452047, 97.395900000003394 ], [ 104.116308573314981, -2.427306492092007, 97.395900000003394 ], [ 104.11566964525943, -2.427885020587061, 24.349000000002889 ], [ 104.116442955722988, -2.428111680756323, 32.465299999996887 ], [ 104.116954885467123, -2.429206591890262, 19.47920000000272 ], [ 104.116679956020562, -2.429486178170559, 43.234200000007149 ], [ 104.116815570445652, -2.429371084579397, 74.160000000003492 ], [ 104.116872986601322, -2.429347029005239, 71.914999999993597 ], [ 104.116946914641943, -2.42937921557052, 70.789999999993597 ], [ 104.117024279457027, -2.429448365740153, 71.270000000004075 ], [ 104.117070296625684, -2.429510727038405, 71.270000000004075 ], [ 104.117184122350153, -2.42967065408198, 68.389999999999645 ], [ 104.117270848055711, -2.429763024431819, 69.759999999994989 ], [ 104.11739819660724, -2.42992873265775, 71.270000000004075 ], [ 104.117666766420953, -2.430145446760189, 67.546000000002095 ], [ 104.117731545058419, -2.430247161755385, 69.830000000001974 ], [ 104.117736992558065, -2.430279012942934, 68.368000000002212 ], [ 104.117737747435427, -2.430309020172232, 67.91000000000372 ], [ 104.117700535422699, -2.430343066864873, 54.683099999995193 ], [ 104.11794355875945, -2.430184217280567, 24.349000000002889 ], [ 104.1178717558671, -2.429958018261542, 48.69800000000464 ], [ 104.117904381189646, -2.429722841736103, 48.69800000000464 ], [ 104.117979832995303, -2.429722891270205, 48.69800000000464 ], [ 104.118647178980879, -2.429765916318341, 24.349000000002889 ], [ 104.118969935000138, -2.429429900988426, 24.568134864357944 ], [ 104.117768260526915, -2.428206323553941, 97.395900000003394 ] ] ] } },
{ "type": "Feature", "properties": { "FID": 180, "OBJECTID": 576, "NIB": "576", "NO": 576, "NAMA": "Maman#1", "LOKASI_LAH": "IPPKH", "STATUS": "Lunas", "Lokasi_2": "Timur", "NIB_1": "576", "KETERANGAN": " ", "Luas_Acad": 2.0736530251400001, "long": 104.112241981, "lat": -2.4278066376999998 }, "geometry": { "type": "Polygon", "coordinates": [ [ [ 104.112881968345434, -2.427322328356383, 0.000000000000114 ], [ 104.112035255820928, -2.427040675907244, 0.000000000000114 ], [ 104.111265418825468, -2.427105030421233, 0.000000000000114 ], [ 104.111204477531132, -2.427505891578338, 0.000000000000114 ], [ 104.111746983672433, -2.427589897873613, 0.000000000000114 ], [ 104.111858072528321, -2.427988122897058, 0.000000000000114 ], [ 104.111896511800836, -2.428277623132052, 0.000000000000114 ], [ 104.112290600163703, -2.428271349549923, 0.000000000000114 ], [ 104.112431399033312, -2.428678940340856, 0.000000000000114 ], [ 104.113258942169836, -2.428489519190776, 0.000000000000114 ], [ 104.112800523779825, -2.428091189960859, 0.000000000000114 ], [ 104.112881968345434, -2.427322328356383, 0.000000000000114 ] ] ] } },
{ "type": "Feature", "properties": { "FID": 181, "OBJECTID": 130, "NIB": "130", "NO": 130, "NAMA": "SUPARDI", "LOKASI_LAH": "IPPKH", "STATUS": "Lunas", "Lokasi_2": "Barat", "NIB_1": "130", "KETERANGAN": "Lahan Terendam", "Luas_Acad": 4.8423052059499998, "long": 104.099713073, "lat": -2.42731411789 }, "geometry": { "type": "Polygon", "coordinates": [ [ [ 104.101681133152681, -2.427085696785345, 0.000000000000114 ], [ 104.10167836901212, -2.426606703748611, 0.000000000000114 ], [ 104.101674258045804, -2.426430957252821, 0.000000000000114 ], [ 104.100772404263765, -2.426628142844661, 0.000000000000114 ], [ 104.097305599070808, -2.427472223109421, 0.000000000000114 ], [ 104.097861096284404, -2.427750001293115, 0.000000000000114 ], [ 104.097996800747836, -2.428057584848806, 0.000000000000114 ], [ 104.098255638200428, -2.428117018995715, 0.000000000000114 ], [ 104.098471442568353, -2.428053419080996, 0.000000000000114 ], [ 104.099719119170416, -2.427685717121347, 0.000000000000114 ], [ 104.100264970951514, -2.427851782582345, 0.000000000000114 ], [ 104.100651557488504, -2.427568326436618, 0.000000000000114 ], [ 104.100704328108321, -2.42804732498203, 0.000000000000114 ], [ 104.101683171764009, -2.427767145031711, 0.000000000000114 ], [ 104.101682539070808, -2.427329223327466, 0.000000000000114 ], [ 104.101681133152681, -2.427085696785345, 0.000000000000114 ] ] ] } },
{ "type": "Feature", "properties": { "FID": 182, "OBJECTID": 181, "NIB": "181", "NO": 181, "NAMA": "MAWI", "LOKASI_LAH": "IPPKH", "STATUS": "Lunas", "Lokasi_2": "Barat", "NIB_1": "181", "KETERANGAN": " ", "Luas_Acad": 0.99011917076099998, "long": 104.107254725, "lat": -2.4269264457499999 }, "geometry": { "type": "Polygon", "coordinates": [ [ [ 104.106796688463689, -2.426666062489032, 0.0 ], [ 104.106510563827001, -2.426532170093474, 0.0 ], [ 104.106618237185572, -2.427261846948768, 0.0 ], [ 104.107626855818964, -2.427254483660747, 0.0 ], [ 104.107873440504662, -2.427254715093804, 0.0 ], [ 104.10803294802129, -2.426717802067765, 0.0 ], [ 104.107188165704429, -2.426682303108383, 0.0 ], [ 104.106796688463689, -2.426666062489032, 0.0 ] ] ] } },
{ "type": "Feature", "properties": { "FID": 183, "OBJECTID": 206, "NIB": "206", "NO": 206, "NAMA": "ARI & YAl", "LOKASI_LAH": "APL", "STATUS": "Lunas", "Lokasi_2": "Barat", "NIB_1": "206", "KETERANGAN": " ", "Luas_Acad": 3.2806225164599998, "long": 104.090717299, "lat": -2.42730613242 }, "geometry": { "type": "Polygon", "coordinates": [ [ [ 104.091938978247285, -2.426592992528644, 0.000000000000114 ], [ 104.090139391260905, -2.426506533286587, 0.000000000000114 ], [ 104.090064819677565, -2.426608882739116, 0.000000000000114 ], [ 104.089429232551311, -2.42745807787307, 0.000000000000114 ], [ 104.090863333109311, -2.428015048361678, 0.000000000000114 ], [ 104.091140229509165, -2.428118740608219, 0.000000000000114 ], [ 104.091399729668268, -2.428363540803309, 0.000000000000114 ], [ 104.091650629650573, -2.427470704918606, 0.000000000000114 ], [ 104.091658456300735, -2.427436440299824, 0.000000000000114 ], [ 104.091796549324371, -2.427026865210043, 0.000000000000114 ], [ 104.091938978247285, -2.426592992528644, 0.000000000000114 ] ] ] } },
{ "type": "Feature", "properties": { "FID": 184, "OBJECTID": 147, "NIB": "147", "NO": 147, "NAMA": "HERI SURYANTO", "LOKASI_LAH": "APL", "STATUS": "Lunas", "Lokasi_2": "Barat", "NIB_1": "147", "KETERANGAN": " ", "Luas_Acad": 1.78633151159, "long": 104.09369767, "lat": -2.42708853759 }, "geometry": { "type": "Polygon", "coordinates": [ [ [ 104.093361554346487, -2.426668515642969, 16.644931032927275 ], [ 104.092659812180571, -2.426487208787506, 25.130000000004657 ], [ 104.092219796591237, -2.427760818397443, 25.130000000004657 ], [ 104.093946143439766, -2.428110446262843, 25.130000000004657 ], [ 104.094066443405694, -2.427630207103004, 25.130000000004657 ], [ 104.09424581523426, -2.426920613294891, 12.565000000002556 ], [ 104.093753636284518, -2.426769816421837, 12.565000000002556 ], [ 104.093361554346487, -2.426668515642969, 16.644931032927275 ] ] ] } },
{ "type": "Feature", "properties": { "FID": 185, "OBJECTID": 178, "NIB": "178", "NO": 178, "NAMA": "GANI", "LOKASI_LAH": "IPPKH", "STATUS": "Lunas", "Lokasi_2": "Barat", "NIB_1": "178", "KETERANGAN": " ", "Luas_Acad": 5.8594495792899997, "long": 104.10559539800001, "lat": -2.4277461594299998 }, "geometry": { "type": "Polygon", "coordinates": [ [ [ 104.106510563827001, -2.426532170093474, 0.000000000000114 ], [ 104.105750507015486, -2.426171878536894, 0.000000000000114 ], [ 104.105725252544872, -2.426172305008626, 0.000000000000114 ], [ 104.105722932303493, -2.426355558255414, 0.000000000000114 ], [ 104.105002801861843, -2.426730552638203, 0.000000000000114 ], [ 104.10496390076905, -2.426722223392871, 0.000000000000114 ], [ 104.103705599287409, -2.427022220724817, 0.000000000000114 ], [ 104.105150001838339, -2.427811110953185, 0.000000000000114 ], [ 104.105891702458763, -2.428450000977671, 0.000000000000114 ], [ 104.105222195980474, -2.428750002668195, 0.000000000000114 ], [ 104.105276173153754, -2.42915479931559, 0.000000000000114 ], [ 104.105277799496534, -2.429166664285038, 0.000000000000114 ], [ 104.105567927543305, -2.429230712538637, 0.000000000000114 ], [ 104.105580384384922, -2.429233904132699, 0.000000000000114 ], [ 104.10577780182939, -2.429277774950764, 0.000000000000114 ], [ 104.106000002215865, -2.429111113708168, 0.000000000000114 ], [ 104.106833300430154, -2.429333332134197, 0.000000000000114 ], [ 104.107111102104696, -2.428805553174284, 0.000000000000114 ], [ 104.10699999850992, -2.42833332901216, 0.000000000000114 ], [ 104.106805599326535, -2.428333336460652, 0.000000000000114 ], [ 104.106386098415101, -2.427855552140399, 0.000000000000114 ], [ 104.106618237185586, -2.42726184694875, 0.000000000000114 ], [ 104.106510563827001, -2.426532170093474, 0.000000000000114 ] ] ] } },
{ "type": "Feature", "properties": { "FID": 186, "OBJECTID": 136, "NIB": "136", "NO": 136, "NAMA": "AGUNG SUTOPO", "LOKASI_LAH": " ", "STATUS": "Lunas", "Lokasi_2": "Barat", "NIB_1": "136", "KETERANGAN": " ", "Luas_Acad": 2.4707895693599999, "long": 104.09579125800001, "lat": -2.4270268487200002 }, "geometry": { "type": "Polygon", "coordinates": [ [ [ 104.096609712115054, -2.427149995253961, 3.880000000004657 ], [ 104.09652519537498, -2.42616912213847, 4.076435775287109 ], [ 104.095380876675847, -2.426460344648496, 7.759999999994761 ], [ 104.094944403267036, -2.427750004293805, 7.759999999994761 ], [ 104.095611101004394, -2.427805552173901, 5.173299999995038 ], [ 104.09665018641364, -2.42761904786848, 5.173299999995038 ], [ 104.096609712115054, -2.427149995253961, 3.880000000004657 ] ] ] } },
{ "type": "Feature", "properties": { "FID": 187, "OBJECTID": 177, "NIB": "177", "NO": 177, "NAMA": "MUSMAN", "LOKASI_LAH": "IPPKH", "STATUS": "Lunas", "Lokasi_2": "Barat", "NIB_1": "177", "KETERANGAN": " ", "Luas_Acad": 7.7520160327100003, "long": 104.103788572, "lat": -2.42765762864 }, "geometry": { "type": "Polygon", "coordinates": [ [ [ 104.104379227494334, -2.426093529644366, 0.000000000000114 ], [ 104.104333298331014, -2.426072225495926, 0.000000000000114 ], [ 104.101682539070808, -2.427329223327466, 0.000000000000114 ], [ 104.101683171764009, -2.427767145031711, 0.000000000000114 ], [ 104.103341703836136, -2.428527781903469, 0.000000000000114 ], [ 104.10397227103428, -2.428943393027418, 0.000000000000114 ], [ 104.104277880735765, -2.428925292073255, 0.000000000000114 ], [ 104.104500001915682, -2.429027777962289, 0.000000000000114 ], [ 104.104683343347176, -2.429027780705364, 0.000000000000114 ], [ 104.104783953424317, -2.429036515644166, 0.000000000000114 ], [ 104.104901346213722, -2.429062233035058, 0.000000000000114 ], [ 104.104912292602336, -2.429064680948008, 0.000000000000114 ], [ 104.105277799496534, -2.429166664285038, 0.000000000000114 ], [ 104.105276173153754, -2.42915479931559, 0.000000000000114 ], [ 104.105222195980474, -2.428750002668195, 0.000000000000114 ], [ 104.105891702458763, -2.428450000977671, 0.000000000000114 ], [ 104.105150001838339, -2.427811110953185, 0.000000000000114 ], [ 104.103705599287409, -2.427022220724817, 0.000000000000114 ], [ 104.10496390076905, -2.426722223392871, 0.000000000000114 ], [ 104.105002801861843, -2.426730552638203, 0.000000000000114 ], [ 104.105080598239283, -2.426427779936415, 0.000000000000114 ], [ 104.105062182176823, -2.42641645651326, 0.000000000000114 ], [ 104.104363898894505, -2.426105553391324, 0.000000000000114 ], [ 104.104379227494334, -2.426093529644366, 0.000000000000114 ] ] ] } },
{ "type": "Feature", "properties": { "FID": 188, "OBJECTID": 198, "NIB": "198", "NO": 198, "NAMA": "JONI", "LOKASI_LAH": "APL", "STATUS": "Lunas", "Lokasi_2": "Barat", "NIB_1": "198", "KETERANGAN": " ", "Luas_Acad": 0.97585391230499996, "long": 104.094280619, "lat": -2.4266101637899999 }, "geometry": { "type": "Polygon", "coordinates": [ [ [ 104.094839492144075, -2.426221062947161, 0.000000000000114 ], [ 104.094059264778537, -2.425905319568251, 0.000000000000114 ], [ 104.093753636284518, -2.426769816421837, 12.565000000002556 ], [ 104.09424581523426, -2.426920613294891, 12.565000000002556 ], [ 104.09455847146819, -2.427028758788139, 0.000000000000114 ], [ 104.094839492144075, -2.426221062947161, 0.000000000000114 ] ] ] } },
{ "type": "Feature", "properties": { "FID": 189, "OBJECTID": 207, "NIB": "207", "NO": 207, "NAMA": "DARWAN", "LOKASI_LAH": "APL", "STATUS": "Lunas", "Lokasi_2": "Barat", "NIB_1": "207", "KETERANGAN": " ", "Luas_Acad": 1.3394448919499999, "long": 104.091156341, "lat": -2.4262230399 }, "geometry": { "type": "Polygon", "coordinates": [ [ [ 104.092139546450753, -2.425989649358578, 0.000000000000114 ], [ 104.090585191833469, -2.425833075388635, 0.000000000000114 ], [ 104.090490266693109, -2.426004348951103, 0.000000000000114 ], [ 104.090139391260905, -2.426506533286604, 0.000000000000114 ], [ 104.09193830871871, -2.426591776423745, 0.000000000000114 ], [ 104.092139546450753, -2.425989649358578, 0.000000000000114 ] ] ] } },
{ "type": "Feature", "properties": { "FID": 190, "OBJECTID": 137, "NIB": "137", "NO": 137, "NAMA": "EFRAN", "LOKASI_LAH": "Barat", "STATUS": "Lunas", "Lokasi_2": "Barat", "NIB_1": "137", "KETERANGAN": " ", "Luas_Acad": 2.36613109944, "long": 104.097768972, "lat": -2.4263771805999998 }, "geometry": { "type": "Polygon", "coordinates": [ [ [ 104.098776193516315, -2.426414028673209, 9.514400000000137 ], [ 104.098656989855897, -2.425965100958666, 3.354857315199411 ], [ 104.098591747073087, -2.425720749929612, 0.000000000000114 ], [ 104.09812435435127, -2.425828964683486, 0.000000000000114 ], [ 104.097827540512583, -2.425864949835919, 0.000000000000114 ], [ 104.097359793707284, -2.425982234494072, 0.000000000000114 ], [ 104.09652519537498, -2.42616912213847, 3.880000000004657 ], [ 104.096609712115054, -2.427149995253961, 2.586699999999837 ], [ 104.097437205084731, -2.426928670239624, 0.000000000000114 ], [ 104.097877976937738, -2.426758372654376, 0.000000000000114 ], [ 104.098776193516315, -2.426414028673209, 9.514400000000137 ] ] ] } },
{ "type": "Feature", "properties": { "FID": 191, "OBJECTID": 179, "NIB": "179", "NO": 179, "NAMA": "MZEIN", "LOKASI_LAH": "IPPKH", "STATUS": "Lunas", "Lokasi_2": "Barat", "NIB_1": "179", "KETERANGAN": " ", "Luas_Acad": 0.988840501441, "long": 104.105092412, "lat": -2.4261024234000002 }, "geometry": { "type": "Polygon", "coordinates": [ [ [ 104.105359698145776, -2.425805551555424, 0.000000000000114 ], [ 104.105095661497629, -2.425479974418736, 0.000000000000114 ], [ 104.10482398709766, -2.425740619225884, 0.000000000000114 ], [ 104.104833296552869, -2.425750003451432, 0.000000000000114 ], [ 104.104798226826503, -2.425764863578506, 0.000000000000114 ], [ 104.104379227494334, -2.426093529644366, 0.000000000000114 ], [ 104.104363898894505, -2.426105553391324, 0.000000000000114 ], [ 104.105062182176823, -2.42641645651326, 0.000000000000114 ], [ 104.105080598239283, -2.426427779936415, 0.000000000000114 ], [ 104.105002801861843, -2.426730552638203, 0.000000000000114 ], [ 104.105722932303493, -2.426355558255414, 0.000000000000114 ], [ 104.105725252544872, -2.426172305008626, 0.000000000000114 ], [ 104.105731028200367, -2.4260177101205, 0.000000000000114 ], [ 104.105359698145776, -2.425805551555424, 0.000000000000114 ] ] ] } },
{ "type": "Feature", "properties": { "FID": 192, "OBJECTID": 208, "NIB": "208", "NO": 208, "NAMA": "MANAP", "LOKASI_LAH": "APL", "STATUS": "Lunas", "Lokasi_2": "Barat", "NIB_1": "208", "KETERANGAN": " ", "Luas_Acad": 2.2405267848700001, "long": 104.08822087, "lat": -2.4267716499600001 }, "geometry": { "type": "Polygon", "coordinates": [ [ [ 104.088420151963703, -2.425586841103631, 0.000000000000114 ], [ 104.088158490752747, -2.425454200531981, 0.000000000000114 ], [ 104.087635835491952, -2.425612274373513, 0.000000000000114 ], [ 104.087622103990753, -2.425640547384733, 0.000000000000114 ], [ 104.087539831604531, -2.425809261926718, 0.000000000000114 ], [ 104.087537033916291, -2.426003496648246, 0.000000000000114 ], [ 104.087343804920209, -2.426293789231744, 0.000000000000114 ], [ 104.087224890640144, -2.426135279647196, 0.000000000000114 ], [ 104.087115187945173, -2.426113113085494, 0.000000000000114 ], [ 104.086751531417121, -2.425856881758278, 0.000000000000114 ], [ 104.086685973155625, -2.425867531421112, 0.000000000000114 ], [ 104.086767081888397, -2.42638238462265, 0.000000000000114 ], [ 104.088292674410908, -2.427621323607155, 0.000000000000114 ], [ 104.088937028551157, -2.428138899521802, 0.000000000000114 ], [ 104.089429232551311, -2.42745807787307, 0.000000000000114 ], [ 104.088028108561147, -2.426116187223093, 0.000000000000114 ], [ 104.088420151963703, -2.425586841103631, 0.000000000000114 ] ] ] } },
{ "type": "Feature", "properties": { "FID": 193, "OBJECTID": 209, "NIB": "209", "NO": 209, "NAMA": "ARBI HAMSA", "LOKASI_LAH": "APL", "STATUS": "Lunas", "Lokasi_2": "Barat", "NIB_1": "209", "KETERANGAN": " ", "Luas_Acad": 2.5380565715, "long": 104.08904602200001, "lat": -2.4263517670899999 }, "geometry": { "type": "Polygon", "coordinates": [ [ [ 104.089015175118277, -2.425586208228195, 0.0 ], [ 104.088656418189913, -2.425239449154465, 0.0 ], [ 104.088420151963703, -2.425586841103631, 0.0 ], [ 104.088028108561119, -2.426116187223093, 0.0 ], [ 104.089429232551311, -2.42745807787307, 0.0 ], [ 104.090064819677565, -2.426608882739134, 0.0 ], [ 104.089015175118277, -2.425586208228195, 0.0 ] ] ] } },
{ "type": "Feature", "properties": { "FID": 194, "OBJECTID": 83, "NIB": "83", "NO": 83, "NAMA": "M. ALI", "LOKASI_LAH": "IPPKH", "STATUS": "Lunas", "Lokasi_2": "Barat", "NIB_1": "83", "KETERANGAN": " ", "Luas_Acad": 0.57463880527, "long": 104.105547848, "lat": -2.4255406918800002 }, "geometry": { "type": "Polygon", "coordinates": [ [ [ 104.105742171711853, -2.4258706451085, 0.0 ], [ 104.106058298969771, -2.425127780331229, 0.0 ], [ 104.105925466079583, -2.42514324226479, 0.0 ], [ 104.105533298534567, -2.425188890411421, 0.0 ], [ 104.104983352050468, -2.425474999497325, 0.0 ], [ 104.105033297753053, -2.425530552803664, 0.0 ], [ 104.105095661497614, -2.425479974418736, 0.0 ], [ 104.105359698145762, -2.425805551555441, 0.0 ], [ 104.105731028200353, -2.4260177101205, 0.0 ], [ 104.105742171711853, -2.4258706451085, 0.0 ] ] ] } },
{ "type": "Feature", "properties": { "FID": 195, "OBJECTID": 210, "NIB": "210", "NO": 210, "NAMA": "HARI", "LOKASI_LAH": "APL", "STATUS": "Lunas", "Lokasi_2": "Barat", "NIB_1": "210", "KETERANGAN": " ", "Luas_Acad": 1.2254438566900001, "long": 104.08975167299999, "lat": -2.4258331763099998 }, "geometry": { "type": "Polygon", "coordinates": [ [ [ 104.090476407291561, -2.426011431653317, 0.0 ], [ 104.089462284772324, -2.425070636124986, 0.0 ], [ 104.089015175118277, -2.425586208228195, 0.0 ], [ 104.090064819677565, -2.426608882739134, 0.0 ], [ 104.090139391260905, -2.426506533286621, 0.0 ], [ 104.090476407291561, -2.426011431653317, 0.0 ] ] ] } },
{ "type": "Feature", "properties": { "FID": 196, "OBJECTID": 214, "NIB": "214", "NO": 214, "NAMA": "MANAP", "LOKASI_LAH": "APL", "STATUS": "Lunas", "Lokasi_2": "Barat", "NIB_1": "214", "KETERANGAN": " ", "Luas_Acad": 0.66103559709399995, "long": 104.087527475, "lat": -2.4255841838899999 }, "geometry": { "type": "Polygon", "coordinates": [ [ [ 104.087637045075553, -2.425262029436197, 0.0 ], [ 104.087678003731597, -2.425017738292341, 0.0 ], [ 104.08699737996632, -2.425078683803913, 0.0 ], [ 104.087060295290343, -2.425126133841006, 0.0 ], [ 104.087284445823798, -2.425521624064499, 0.0 ], [ 104.08722489064013, -2.426135279647213, 0.0 ], [ 104.087343804920224, -2.426293789231762, 0.0 ], [ 104.087537033916291, -2.426003496648246, 0.0 ], [ 104.087539831604531, -2.425809261926718, 0.0 ], [ 104.087622103990753, -2.425640547384733, 0.0 ], [ 104.087635835491952, -2.425612274373513, 0.0 ], [ 104.087641214274228, -2.425603319765673, 0.0 ], [ 104.088158490752733, -2.425454200531981, 0.0 ], [ 104.088063908130565, -2.425406502920693, 0.0 ], [ 104.08791624869734, -2.425334848998819, 0.0 ], [ 104.087637045075553, -2.425262029436197, 0.0 ] ] ] } },
{ "type": "Feature", "properties": { "FID": 197, "OBJECTID": 138, "NIB": "138", "NO": 138, "NAMA": "KADIR (KADUR TRIBEL)", "LOKASI_LAH": "Barat", "STATUS": "Lunas", "Lokasi_2": "Barat", "NIB_1": "138", "KETERANGAN": " ", "Luas_Acad": 2.87835171, "long": 104.096188232, "lat": -2.4257710881299999 }, "geometry": { "type": "Polygon", "coordinates": [ [ [ 104.097359793707284, -2.425982234494089, 0.000000000000114 ], [ 104.097531306408044, -2.424947520431445, 0.000000000000114 ], [ 104.095696506947831, -2.425176021915417, 0.000000000000114 ], [ 104.095534627760642, -2.425166867134479, 0.000000000000114 ], [ 104.09517947509984, -2.426506257068636, 0.000000000000114 ], [ 104.095380876675847, -2.426460344648496, 7.759999999994761 ], [ 104.096586227408594, -2.42615358980426, 3.880000000004657 ], [ 104.097359793707284, -2.425982234494089, 0.000000000000114 ] ] ] } },
{ "type": "Feature", "properties": { "FID": 198, "OBJECTID": 143, "NIB": "143", "NO": 143, "NAMA": "ALFA EDISON", "LOKASI_LAH": " ", "STATUS": "Lunas", "Lokasi_2": "Barat", "NIB_1": "143", "KETERANGAN": " ", "Luas_Acad": 1.1107205602300001, "long": 104.099591389, "lat": -2.4254090817499998 }, "geometry": { "type": "Polygon", "coordinates": [ [ [ 104.100358216344588, -2.424953234507247, 59.17949999999837 ], [ 104.100324084687429, -2.424890467513134, 45.911500000001979 ], [ 104.098571297158131, -2.425435748363234, 0.000000000000114 ], [ 104.098591747073087, -2.425720749929612, 0.000000000000114 ], [ 104.098656992375169, -2.425965099996997, 12.227442996118498 ], [ 104.10052688937246, -2.425251332581201, 25.160999999992782 ], [ 104.100358216344588, -2.424953234507247, 59.17949999999837 ] ] ] } },
{ "type": "Feature", "properties": { "FID": 199, "OBJECTID": 18, "NIB": "18", "NO": 18, "NAMA": "ISWADI", "LOKASI_LAH": "IPPKH", "STATUS": "Lunas", "Lokasi_2": "Barat", "NIB_1": "18", "KETERANGAN": " ", "Luas_Acad": 3.9877366511900001, "long": 104.10699103, "lat": -2.42583347919 }, "geometry": { "type": "Polygon", "coordinates": [ [ [ 104.10633253319854, -2.42488960450561, 0.0 ], [ 104.106176161157521, -2.42482297335161, 0.0 ], [ 104.106077187539043, -2.425126254142304, 0.0 ], [ 104.10589055099247, -2.425562277154429, 0.0 ], [ 104.10586801161746, -2.425608049646502, 0.0 ], [ 104.105742171711853, -2.4258706451085, 0.0 ], [ 104.105731028200353, -2.4260177101205, 0.0 ], [ 104.105725252544858, -2.426172305008643, 0.0 ], [ 104.105750507015486, -2.426171878536911, 0.0 ], [ 104.106510563827001, -2.426532170093474, 0.0 ], [ 104.106796688463689, -2.426666062489032, 0.0 ], [ 104.107188165704429, -2.426682303108383, 0.0 ], [ 104.10803294802129, -2.426717802067765, 0.0 ], [ 104.108139138657052, -2.426590604481917, 0.0 ], [ 104.108163115440902, -2.426397576734407, 0.0 ], [ 104.108226945070911, -2.426108235851901, 0.0 ], [ 104.108255299990333, -2.425725620223646, 0.0 ], [ 104.107846173608053, -2.425444663678646, 0.0 ], [ 104.106910263465252, -2.425134194113961, 0.0 ], [ 104.10633253319854, -2.42488960450561, 0.0 ] ] ] } },
{ "type": "Feature", "properties": { "FID": 200, "OBJECTID": 211, "NIB": "211", "NO": 211, "NAMA": "ARI", "LOKASI_LAH": "APL", "STATUS": "Lunas", "Lokasi_2": "Barat", "NIB_1": "211", "KETERANGAN": " ", "Luas_Acad": 0.62698613734300002, "long": 104.090055694, "lat": -2.42537982131 }, "geometry": { "type": "Polygon", "coordinates": [ [ [ 104.090629762622839, -2.425661742457522, 0.0 ], [ 104.089708904155131, -2.424758155773219, 0.0 ], [ 104.089462284772324, -2.425070636124986, 0.0 ], [ 104.090476407291561, -2.426011431653317, 0.0 ], [ 104.090585191833469, -2.425833075388635, 0.0 ], [ 104.090629762622839, -2.425661742457522, 0.0 ] ] ] } },
{ "type": "Feature", "properties": { "FID": 201, "OBJECTID": 215, "NIB": "215", "NO": 215, "NAMA": "IMRON", "LOKASI_LAH": "APL", "STATUS": "Lunas", "Lokasi_2": "Barat", "NIB_1": "215", "KETERANGAN": " ", "Luas_Acad": 1.41862858505, "long": 104.086638808, "lat": -2.4254279385099999 }, "geometry": { "type": "Polygon", "coordinates": [ [ [ 104.086801654469085, -2.424918329222699, 0.0 ], [ 104.086584520974981, -2.424742744737589, 0.0 ], [ 104.086141839445517, -2.424800904080115, 0.0 ], [ 104.086143411197412, -2.425085546479017, 0.0 ], [ 104.08596283170526, -2.425202965741382, 0.0 ], [ 104.086168892204768, -2.425524624796626, 0.0 ], [ 104.086223576063134, -2.425942645775627, 0.0 ], [ 104.086751531417107, -2.425856881758278, 0.0 ], [ 104.086784961963573, -2.425881752897589, 0.0 ], [ 104.087115187945173, -2.426113113085494, 0.0 ], [ 104.08722489064013, -2.426135279647213, 0.0 ], [ 104.087284445823798, -2.425521624064499, 0.0 ], [ 104.087060295290343, -2.425126133841006, 0.0 ], [ 104.08699737996632, -2.425078683803913, 0.0 ], [ 104.086801654469085, -2.424918329222699, 0.0 ] ] ] } },
{ "type": "Feature", "properties": { "FID": 202, "OBJECTID": 139, "NIB": "139", "NO": 139, "NAMA": "REDI TAUFIK", "LOKASI_LAH": "Barat", "STATUS": "Lunas", "Lokasi_2": "Barat", "NIB_1": "139", "KETERANGAN": " ", "Luas_Acad": 1.35481625757, "long": 104.097988593, "lat": -2.42536402086 }, "geometry": { "type": "Polygon", "coordinates": [ [ [ 104.098547453667564, -2.42510902695957, 0.000000000000114 ], [ 104.098520792819571, -2.424743706985037, 0.000000000000114 ], [ 104.097531306408044, -2.424947520431445, 0.000000000000114 ], [ 104.097359793707284, -2.425982234494089, 0.000000000000114 ], [ 104.097827540512583, -2.425864949835919, 0.000000000000114 ], [ 104.09812435435127, -2.425828964683486, 0.000000000000114 ], [ 104.098591747073087, -2.425720749929612, 0.000000000000114 ], [ 104.098571297158131, -2.425435748363234, 0.000000000000114 ], [ 104.098547453667564, -2.42510902695957, 0.000000000000114 ] ] ] } },
{ "type": "Feature", "properties": { "FID": 203, "OBJECTID": 131, "NIB": "131", "NO": 131, "NAMA": "ISKANDAR", "LOKASI_LAH": "Barat", "STATUS": "Lunas", "Lokasi_2": "Barat", "NIB_1": "131", "KETERANGAN": " ", "Luas_Acad": 0.63620044953300003, "long": 104.099528105, "lat": -2.4250174278099998 }, "geometry": { "type": "Polygon", "coordinates": [ [ [ 104.10031445170398, -2.424869894016649, 61.215299999996205 ], [ 104.100199496282613, -2.424652937667705, 30.607699999993201 ], [ 104.098547453667564, -2.42510902695957, 0.0 ], [ 104.098571297158117, -2.425435748363234, 0.0 ], [ 104.100324084687415, -2.424890467513134, 45.911500000001979 ], [ 104.10031445170398, -2.424869894016649, 61.215299999996205 ] ] ] } },
{ "type": "Feature", "properties": { "FID": 204, "OBJECTID": 216, "NIB": "216", "NO": 216, "NAMA": "KUSIM", "LOKASI_LAH": "APL", "STATUS": "Lunas", "Lokasi_2": "Barat", "NIB_1": "216", "KETERANGAN": " ", "Luas_Acad": 2.1044088376299999, "long": 104.08471833599999, "lat": -2.4253887653100001 }, "geometry": { "type": "Polygon", "coordinates": [ [ [ 104.084055087163222, -2.424719772703643, 0.000000000000114 ], [ 104.083722410791552, -2.424607092006772, 0.000000000000114 ], [ 104.083195003614961, -2.424745416138205, 0.000000000000114 ], [ 104.083139326223701, -2.42485610112907, 0.000000000000114 ], [ 104.083687788866257, -2.425276730298286, 0.000000000000114 ], [ 104.083686929661127, -2.425416299958031, 0.000000000000114 ], [ 104.08376348940547, -2.425442779565168, 0.000000000000114 ], [ 104.084421073398843, -2.425805917011453, 0.000000000000114 ], [ 104.08474389326723, -2.425943870012098, 0.000000000000114 ], [ 104.085487761930111, -2.426198966547596, 0.000000000000114 ], [ 104.085983967511638, -2.426144991822494, 0.000000000000114 ], [ 104.086223576063148, -2.42594264577561, 0.000000000000114 ], [ 104.086168892204768, -2.425524624796593, 0.000000000000114 ], [ 104.08596283170526, -2.425202965741382, 0.000000000000114 ], [ 104.085253280157389, -2.425665563568864, 0.000000000000114 ], [ 104.084832680255872, -2.425358659155441, 0.000000000000114 ], [ 104.084721657169112, -2.425280742893148, 0.000000000000114 ], [ 104.084055087163222, -2.424719772703643, 0.000000000000114 ] ] ] } },
{ "type": "Feature", "properties": { "FID": 205, "OBJECTID": 212, "NIB": "212", "NO": 212, "NAMA": "ARBI", "LOKASI_LAH": "APL", "STATUS": "Lunas", "Lokasi_2": "Barat", "NIB_1": "212", "KETERANGAN": " ", "Luas_Acad": 1.0594612695000001, "long": 104.08892940600001, "lat": -2.4250260968599999 }, "geometry": { "type": "Polygon", "coordinates": [ [ [ 104.089390129337318, -2.424468881445206, 0.0 ], [ 104.089348658804582, -2.424442150496679, 0.0 ], [ 104.088943091918537, -2.424637532160813, 0.0 ], [ 104.088063908130565, -2.425406502920693, 0.0 ], [ 104.088158490752733, -2.425454200531981, 0.0 ], [ 104.088420151963703, -2.425586841103631, 0.0 ], [ 104.088656418189913, -2.425239449154465, 0.0 ], [ 104.089015175118277, -2.425586208228195, 0.0 ], [ 104.089462284772324, -2.425070636124986, 0.0 ], [ 104.089708904155131, -2.424758155773219, 0.0 ], [ 104.089455397762919, -2.42451054715824, 0.0 ], [ 104.089439139167169, -2.42449433386352, 0.0 ], [ 104.089401376124641, -2.424574741782984, 0.0 ], [ 104.089390129337318, -2.424468881445206, 0.0 ] ] ] } },
{ "type": "Feature", "properties": { "FID": 206, "OBJECTID": 140, "NIB": "140", "NO": 140, "NAMA": "KURIM", "LOKASI_LAH": " ", "STATUS": "Lunas", "Lokasi_2": "Barat", "NIB_1": "140", "KETERANGAN": " ", "Luas_Acad": 1.4713503877, "long": 104.097118052, "lat": -2.4247599451899999 }, "geometry": { "type": "Polygon", "coordinates": [ [ [ 104.098520792819571, -2.424743706985037, 0.000000000000114 ], [ 104.098404109190056, -2.424390833777379, 0.000000000000114 ], [ 104.098338797189527, -2.424328976473126, 0.000000000000114 ], [ 104.095742587639251, -2.424791617669265, 0.000000000000114 ], [ 104.095723692031584, -2.424868475472333, 0.000000000000114 ], [ 104.095696506947831, -2.425176021915417, 0.000000000000114 ], [ 104.097531306408044, -2.424947520431445, 0.000000000000114 ], [ 104.098520792819571, -2.424743706985037, 0.000000000000114 ] ] ] } },
{ "type": "Feature", "properties": { "FID": 207, "OBJECTID": 213, "NIB": "213", "NO": 213, "NAMA": "ARBI", "LOKASI_LAH": "APL", "STATUS": "Lunas", "Lokasi_2": "Barat", "NIB_1": "213", "KETERANGAN": " ", "Luas_Acad": 1.17954501774, "long": 104.08807266300001, "lat": -2.4248791083499999 }, "geometry": { "type": "Polygon", "coordinates": [ [ [ 104.089348658804582, -2.424442150496679, 0.0 ], [ 104.089263381358748, -2.424368281944715, 0.0 ], [ 104.08894634409944, -2.424441068727537, 0.0 ], [ 104.087556215829565, -2.424717179281085, 0.0 ], [ 104.086801654469085, -2.424918329222699, 0.0 ], [ 104.08699737996632, -2.425078683803913, 0.0 ], [ 104.087678003731597, -2.425017738292341, 0.0 ], [ 104.087637045075553, -2.425262029436197, 0.0 ], [ 104.08791624869734, -2.425334848998819, 0.0 ], [ 104.088063908130565, -2.425406502920693, 0.0 ], [ 104.088943091918537, -2.424637532160813, 0.0 ], [ 104.089348658804582, -2.424442150496679, 0.0 ] ] ] } },
{ "type": "Feature", "properties": { "FID": 208, "OBJECTID": 17, "NIB": "17", "NO": 17, "NAMA": "SUBENI", "LOKASI_LAH": "IPPKH", "STATUS": "Lunas", "Lokasi_2": "Barat", "NIB_1": "17", "KETERANGAN": " ", "Luas_Acad": 1.3398164645499999, "long": 104.107305223, "lat": -2.4250254207899999 }, "geometry": { "type": "Polygon", "coordinates": [ [ [ 104.10845472484624, -2.425251251629299, 0.0 ], [ 104.106328181519544, -2.424346233606277, 0.0 ], [ 104.106176161157521, -2.42482297335161, 0.0 ], [ 104.10633253319854, -2.42488960450561, 0.0 ], [ 104.106910263465252, -2.425134194113961, 0.0 ], [ 104.107846173608053, -2.425444663678646, 0.0 ], [ 104.108255299990333, -2.425725620223646, 0.0 ], [ 104.108384694769896, -2.425486217155151, 0.0 ], [ 104.10845472484624, -2.425251251629299, 0.0 ] ] ] } },
{ "type": "Feature", "properties": { "FID": 209, "OBJECTID": 150, "NIB": "150", "NO": 150, "NAMA": "MANAP", "LOKASI_LAH": "APL", "STATUS": "Lunas", "Lokasi_2": "Barat", "NIB_1": "150", "KETERANGAN": " ", "Luas_Acad": 3.2765472565499998, "long": 104.091673289, "lat": -2.4251429385400001 }, "geometry": { "type": "Polygon", "coordinates": [ [ [ 104.091525066969083, -2.424338753944281, 0.000000000000114 ], [ 104.091280727703122, -2.424299248835068, 0.000000000000114 ], [ 104.090959247699388, -2.424321941771052, 0.000000000000114 ], [ 104.090629762622854, -2.425661742457505, 0.000000000000114 ], [ 104.090585191833469, -2.425833075388635, 0.000000000000114 ], [ 104.092139546450753, -2.425989649358562, 0.000000000000114 ], [ 104.092486312977684, -2.425272707249257, 0.000000000000114 ], [ 104.092847559594134, -2.424696294532116, 0.000000000000114 ], [ 104.092145650124863, -2.424445433231075, 0.000000000000114 ], [ 104.091524995938286, -2.424338890353272, 0.000000000000114 ], [ 104.091525066969083, -2.424338753944281, 0.000000000000114 ] ] ] } },
{ "type": "Feature", "properties": { "FID": 210, "OBJECTID": 81, "NIB": "81", "NO": 81, "NAMA": "JUANDA/ISWADI IDRIS", "LOKASI_LAH": "APL", "STATUS": "Lunas", "Lokasi_2": "Barat", "NIB_1": "81", "KETERANGAN": " ", "Luas_Acad": 2.83590120613, "long": 104.10125610599999, "lat": -2.4252738210699998 }, "geometry": { "type": "Polygon", "coordinates": [ [ [ 104.103228129228029, -2.424320517211156, 0.000000000000114 ], [ 104.103189980797382, -2.424322317772727, 18.064499999993131 ], [ 104.10188519533898, -2.424754494736599, 28.5341000000044 ], [ 104.10052688937246, -2.425251332581201, 25.160999999992782 ], [ 104.098656989855897, -2.425965100958666, 12.218437995719569 ], [ 104.098776193516315, -2.426414028673209, 9.514400000000137 ], [ 104.1024328018147, -2.425081024113683, 10.106299999999464 ], [ 104.103441735157404, -2.424577723483737, 0.740200000000186 ], [ 104.103433273407731, -2.424571699518708, 0.000000000000114 ], [ 104.103228129228029, -2.424320517211156, 0.000000000000114 ] ] ] } },
{ "type": "Feature", "properties": { "FID": 211, "OBJECTID": 19, "NIB": "19", "NO": 19, "NAMA": "MANAP 1", "LOKASI_LAH": "IPPKH", "STATUS": "Lunas", "Lokasi_2": "Barat", "NIB_1": "19", "KETERANGAN": " ", "Luas_Acad": 2.73989388147, "long": 104.105159851, "lat": -2.4248544825099998 }, "geometry": { "type": "Polygon", "coordinates": [ [ [ 104.106313513309672, -2.424340096983492, 0.0 ], [ 104.10548261333895, -2.424070886775924, 0.0 ], [ 104.104038144380851, -2.424581303793265, 0.0 ], [ 104.104130595675315, -2.425133328542103, 0.0 ], [ 104.104823987097646, -2.425740619225917, 0.0 ], [ 104.105033297753053, -2.425530552803664, 0.0 ], [ 104.104983352050468, -2.425474999497325, 0.0 ], [ 104.105533298534567, -2.425188890411421, 0.0 ], [ 104.105925466079583, -2.42514324226479, 0.0 ], [ 104.106058298969771, -2.425127780331229, 0.0 ], [ 104.106313513309672, -2.424340096983492, 0.0 ] ] ] } },
{ "type": "Feature", "properties": { "FID": 212, "OBJECTID": 23, "NIB": "23", "NO": 23, "NAMA": "EKO", "LOKASI_LAH": "IPPKH", "STATUS": "Lunas", "Lokasi_2": "Barat", "NIB_1": "23", "KETERANGAN": " ", "Luas_Acad": 1.39953446343, "long": 104.10184640200001, "lat": -2.4245814164900001 }, "geometry": { "type": "Polygon", "coordinates": [ [ [ 104.102941568584868, -2.424062257324677, 19.90189999999734 ], [ 104.102856235646726, -2.423968643634907, 53.071899999995367 ], [ 104.102596540746205, -2.424041126581582, 72.447499999994534 ], [ 104.100358216344588, -2.424953234507247, 59.17949999999837 ], [ 104.10052688937246, -2.425251332581201, 25.160999999992782 ], [ 104.102009728085449, -2.424740364931364, 28.5341000000044 ], [ 104.103228129228029, -2.424320517211156, 18.064499999993131 ], [ 104.102941568584868, -2.424062257324677, 19.90189999999734 ] ] ] } },
{ "type": "Feature", "properties": { "FID": 213, "OBJECTID": 16, "NIB": "16", "NO": 16, "NAMA": "LAILAN", "LOKASI_LAH": "IPPKH", "STATUS": "Lunas", "Lokasi_2": "Barat", "NIB_1": "16", "KETERANGAN": " ", "Luas_Acad": 0.99667819472899999, "long": 104.107391007, "lat": -2.4246018299699998 }, "geometry": { "type": "Polygon", "coordinates": [ [ [ 104.10754124915627, -2.424470032766442, 0.0 ], [ 104.106456799353651, -2.423961385213446, 0.0 ], [ 104.106328181519544, -2.424346233606277, 0.0 ], [ 104.10845472484624, -2.425251251629299, 0.0 ], [ 104.108484520755781, -2.424969735597573, 0.0 ], [ 104.107972014763462, -2.424672848444997, 0.0 ], [ 104.10754124915627, -2.424470032766442, 0.0 ] ] ] } },
{ "type": "Feature", "properties": { "FID": 214, "OBJECTID": 141, "NIB": "141", "NO": 141, "NAMA": "ALFA EDISON", "LOKASI_LAH": " ", "STATUS": "Lunas", "Lokasi_2": "Barat", "NIB_1": "141", "KETERANGAN": " ", "Luas_Acad": 1.5072616140399999, "long": 104.09706551399999, "lat": -2.4242284951699999 }, "geometry": { "type": "Polygon", "coordinates": [ [ [ 104.098338797189527, -2.424328976473126, 1.063876473047685 ], [ 104.097724049150983, -2.423746745371618, 9.407500000001278 ], [ 104.097748178614438, -2.423936175369017, 12.543300000004933 ], [ 104.096152185776944, -2.424164122442245, 12.543300000004933 ], [ 104.09588601549882, -2.424208224945153, 0.000000000000114 ], [ 104.095742587639251, -2.424791617669265, 0.000000000000114 ], [ 104.098338797189527, -2.424328976473126, 1.063876473047685 ] ] ] } },
{ "type": "Feature", "properties": { "FID": 215, "OBJECTID": 22, "NIB": "22", "NO": 22, "NAMA": "LAILAN", "LOKASI_LAH": "IPPKH", "STATUS": "Lunas", "Lokasi_2": "Barat", "NIB_1": "22", "KETERANGAN": " ", "Luas_Acad": 2.1601818015599998, "long": 104.100971098, "lat": -2.4242741535899999 }, "geometry": { "type": "Polygon", "coordinates": [ [ [ 104.102596540746205, -2.424041126581582, 72.447499999994534 ], [ 104.102398064563857, -2.423634492520488, 91.823000000003958 ], [ 104.101039582126802, -2.423876971900195, 61.215299999996205 ], [ 104.100320014397482, -2.42399408983428, 0.000000000000114 ], [ 104.099942221809684, -2.424038861307192, 61.215299999996205 ], [ 104.099843535230704, -2.423989469800846, 61.215299999996205 ], [ 104.100199496282613, -2.424652937667705, 30.607699999993201 ], [ 104.10031445170398, -2.424869894016649, 61.215299999996205 ], [ 104.100324084687429, -2.424890467513134, 45.911500000001979 ], [ 104.100358216344588, -2.424953234507247, 59.17949999999837 ], [ 104.102596540746205, -2.424041126581582, 72.447499999994534 ] ] ] } },
{ "type": "Feature", "properties": { "FID": 216, "OBJECTID": 217, "NIB": "217", "NO": 217, "NAMA": "HARDI HAMSA", "LOKASI_LAH": "APL", "STATUS": "Lunas", "Lokasi_2": "Barat", "NIB_1": "217", "KETERANGAN": " ", "Luas_Acad": 4.8197179272400001, "long": 104.08462027900001, "lat": -2.4245876751500002 }, "geometry": { "type": "Polygon", "coordinates": [ [ [ 104.084263597038515, -2.423980373033592, 0.0 ], [ 104.083464343065515, -2.423610074488919, 0.0 ], [ 104.082539421863586, -2.424576162371363, 0.0 ], [ 104.083139326223701, -2.42485610112907, 0.0 ], [ 104.083195003614946, -2.424745416138205, 0.0 ], [ 104.083722410791523, -2.424607092006772, 0.0 ], [ 104.084055087163236, -2.42471977270366, 0.0 ], [ 104.084721657169098, -2.425280742893148, 0.0 ], [ 104.084832680255872, -2.425358659155441, 0.0 ], [ 104.085253280157389, -2.425665563568881, 0.0 ], [ 104.08596283170526, -2.425202965741382, 0.0 ], [ 104.086143411197412, -2.425085546479017, 0.0 ], [ 104.086141839445517, -2.424800904080115, 0.0 ], [ 104.086393052848933, -2.424332080322894, 0.0 ], [ 104.086531790857421, -2.423858462680653, 0.0 ], [ 104.086384582727177, -2.423825046420829, 0.0 ], [ 104.086361100291981, -2.423833334717032, 0.0 ], [ 104.085720637150885, -2.424220200786632, 0.0 ], [ 104.085527797177818, -2.424249997615062, 0.0 ], [ 104.085163005813627, -2.424006819658289, 0.0 ], [ 104.084859621668087, -2.423817597498437, 0.0 ], [ 104.08455792012775, -2.424035608950649, 0.0 ], [ 104.084263597038515, -2.423980373033592, 0.0 ] ] ] } },
{ "type": "Feature", "properties": { "FID": 217, "OBJECTID": 149, "NIB": "149", "NO": 149, "NAMA": "RIZAL", "LOKASI_LAH": "APL", "STATUS": "Lunas", "Lokasi_2": "Barat", "NIB_1": "149", "KETERANGAN": " ", "Luas_Acad": 1.98165020985, "long": 104.090232869, "lat": -2.4245696313699998 }, "geometry": { "type": "Polygon", "coordinates": [ [ [ 104.090193523993847, -2.423564774984143, 0.0 ], [ 104.090180598303348, -2.423552780294163, 0.0 ], [ 104.089439139167169, -2.42449433386352, 0.0 ], [ 104.089455397762919, -2.42451054715824, 0.0 ], [ 104.089708904155131, -2.424758155773219, 0.0 ], [ 104.090624996767133, -2.425644444174726, 0.0 ], [ 104.090940704701396, -2.424313818601273, 0.0 ], [ 104.090193523993847, -2.423564774984143, 0.0 ] ] ] } },
{ "type": "Feature", "properties": { "FID": 218, "OBJECTID": 148, "NIB": "148", "NO": 148, "NAMA": "NURDIN", "LOKASI_LAH": "APL", "STATUS": "Lunas", "Lokasi_2": "Barat", "NIB_1": "148", "KETERANGAN": " ", "Luas_Acad": 0.75006007606900005, "long": 104.09097572500001, "lat": -2.4239417111899999 }, "geometry": { "type": "Polygon", "coordinates": [ [ [ 104.091713707615597, -2.423992015121167, 0.000000000000114 ], [ 104.090534646942842, -2.423524178002768, 0.000000000000114 ], [ 104.090193523993847, -2.423564774984143, 0.000000000000114 ], [ 104.090940704701396, -2.424313818601256, 0.000000000000114 ], [ 104.090947203274496, -2.424322217684679, 0.000000000000114 ], [ 104.090959247699388, -2.424321941771052, 0.000000000000114 ], [ 104.091280727703122, -2.424299248835068, 0.000000000000114 ], [ 104.091525002031787, -2.424338936209088, 0.000000000000114 ], [ 104.091713707615597, -2.423992015121167, 0.000000000000114 ] ] ] } },
{ "type": "Feature", "properties": { "FID": 219, "OBJECTID": 106, "NIB": "106", "NO": 106, "NAMA": "LAILAN", "LOKASI_LAH": " ", "STATUS": " ", "Lokasi_2": "Barat", "NIB_1": "106", "KETERANGAN": " ", "Luas_Acad": 0.7102, "long": 104.094359442, "lat": -2.42359280778 }, "geometry": { "type": "Polygon", "coordinates": [ [ [ 104.095139785740116, -2.423845882946276, 0.0 ], [ 104.094969261577631, -2.423312053244315, 0.0 ], [ 104.094204774914203, -2.423356769509742, 0.0 ], [ 104.093889854350408, -2.423573662110822, 0.0 ], [ 104.093395073588724, -2.423772341512385, 0.0 ], [ 104.095139785740116, -2.423845882946276, 0.0 ] ] ] } },
{ "type": "Feature", "properties": { "FID": 220, "OBJECTID": 9, "NIB": "9", "NO": 9, "NAMA": "SAFEI-JAMIL", "LOKASI_LAH": "IPPKH", "STATUS": "Lunas", "Lokasi_2": "Barat", "NIB_1": "9", "KETERANGAN": " ", "Luas_Acad": 1.12243999117, "long": 104.105859216, "lat": -2.4237681005299998 }, "geometry": { "type": "Polygon", "coordinates": [ [ [ 104.106175139912082, -2.423489863081621, 0.0 ], [ 104.105598314838602, -2.42318832830018, 0.0 ], [ 104.105159147595472, -2.423638737736151, 0.0 ], [ 104.105472203618362, -2.424027780884042, 0.0 ], [ 104.10548261333895, -2.424070886775924, 0.0 ], [ 104.106313513309672, -2.424340096983492, 0.0 ], [ 104.106328181519544, -2.424346233606277, 0.0 ], [ 104.106456799353651, -2.423961385213446, 0.0 ], [ 104.106363783475359, -2.42392574539219, 0.0 ], [ 104.1065359966193, -2.423579882697628, 0.0 ], [ 104.106175139912082, -2.423489863081621, 0.0 ] ] ] } },
{ "type": "Feature", "properties": { "FID": 221, "OBJECTID": 152, "NIB": "152", "NO": 152, "NAMA": "MAULANA", "LOKASI_LAH": "APL", "STATUS": "Lunas", "Lokasi_2": "Barat", "NIB_1": "152", "KETERANGAN": " ", "Luas_Acad": 1.66114736628, "long": 104.085854744, "lat": -2.4236758054899998 }, "geometry": { "type": "Polygon", "coordinates": [ [ [ 104.086833302853421, -2.423666665825813, 0.0 ], [ 104.086916703589125, -2.423166668595955, 0.0 ], [ 104.086277803224291, -2.423333333080761, 0.0 ], [ 104.085666700640758, -2.423250002842599, 0.0 ], [ 104.085027802953363, -2.423305553812953, 0.0 ], [ 104.084861094809739, -2.423805558281915, 0.0 ], [ 104.085163005813627, -2.424006819658289, 0.0 ], [ 104.085532761979749, -2.424237436099254, 0.0 ], [ 104.085720637150885, -2.424220200786632, 0.0 ], [ 104.086354284323235, -2.423818169001713, 0.0 ], [ 104.086384582727177, -2.423825046420829, 0.0 ], [ 104.086833302853421, -2.423666665825813, 0.0 ] ] ] } },
{ "type": "Feature", "properties": { "FID": 222, "OBJECTID": 158, "NIB": "158", "NO": 158, "NAMA": "Sadi/Jalan Hauling", "LOKASI_LAH": "APL & IPPKH", "STATUS": "Lunas", "Lokasi_2": "Barat", "NIB_1": "158", "KETERANGAN": " ", "Luas_Acad": 15.080377048100001, "long": 104.10048582899999, "lat": -2.4260428004199999 }, "geometry": { "type": "Polygon", "coordinates": [ [ [ 104.105159147595472, -2.423638737736151, 0.000000000000114 ], [ 104.104750010606722, -2.423163921280331, 0.000000000000114 ], [ 104.104554943969887, -2.423373491579627, 0.000000000000114 ], [ 104.104316694050411, -2.423629999260259, 0.000000000000114 ], [ 104.103441735157404, -2.424577723483737, 0.740200000000186 ], [ 104.103469837458377, -2.424597051873509, 9.514400000000137 ], [ 104.1024328018147, -2.425081024113683, 10.106299999999464 ], [ 104.102305725499178, -2.425127349603952, 11.893100000001141 ], [ 104.098776193516315, -2.426414028673209, 13.127131756258677 ], [ 104.09836672233007, -2.426566641578335, 0.000000000000114 ], [ 104.097458099822276, -2.426923087023356, 0.000000000000114 ], [ 104.097080299891473, -2.42702403767705, 0.000000000000114 ], [ 104.096609712115054, -2.427149995253961, 3.880000000004657 ], [ 104.096650136845227, -2.427619056765483, 5.173299999995038 ], [ 104.095611101004394, -2.427805552173901, 5.173299999995038 ], [ 104.094944403267036, -2.427750004293805, 7.759999999994761 ], [ 104.094722207375682, -2.428044451862472, 0.000000000000114 ], [ 104.095086124197735, -2.428255567684563, 0.000000000000114 ], [ 104.095666703713562, -2.428611110531659, 0.000000000000114 ], [ 104.095944399657824, -2.428666668023276, 0.000000000000114 ], [ 104.09628613816291, -2.428552265735971, 0.000000000000114 ], [ 104.096857901057817, -2.428474249031185, 0.000000000000114 ], [ 104.097357904908364, -2.428363137845464, 0.000000000000114 ], [ 104.097996800747836, -2.428057584848806, 0.000000000000114 ], [ 104.097861096284404, -2.427750001293115, 0.000000000000114 ], [ 104.097305599070808, -2.427472223109421, 0.000000000000114 ], [ 104.099132082034444, -2.427021323732963, 0.000000000000114 ], [ 104.099673645840326, -2.426890030415041, 0.000000000000114 ], [ 104.101677247988633, -2.426412473764784, 0.000000000000114 ], [ 104.10167836901212, -2.426606703748611, 0.000000000000114 ], [ 104.101682539070808, -2.427329223327466, 0.000000000000114 ], [ 104.104333298331014, -2.426072225495926, 0.000000000000114 ], [ 104.104379227494334, -2.426093529644366, 0.000000000000114 ], [ 104.104798226826503, -2.425764863578506, 0.000000000000114 ], [ 104.10482398709766, -2.425740619225884, 0.000000000000114 ], [ 104.104111103684957, -2.425138887931196, 0.000000000000114 ], [ 104.104090169927815, -2.424912161200094, 0.000000000000114 ], [ 104.104038144380866, -2.424581303793231, 0.000000000000114 ], [ 104.10548261333895, -2.424070886775907, 0.000000000000114 ], [ 104.105455497007753, -2.424034660159492, 0.000000000000114 ], [ 104.105472203618362, -2.424027780884042, 0.000000000000114 ], [ 104.105268942761512, -2.423785424443241, 0.000000000000114 ], [ 104.105159147595472, -2.423638737736151, 0.000000000000114 ] ] ] } },
{ "type": "Feature", "properties": { "FID": 223, "OBJECTID": 142, "NIB": "142", "NO": 142, "NAMA": "MAD RASID", "LOKASI_LAH": "APL", "STATUS": "Lunas", "Lokasi_2": "Barat", "NIB_1": "142", "KETERANGAN": " ", "Luas_Acad": 1.5920856919799999, "long": 104.096899482, "lat": -2.4236132011099998 }, "geometry": { "type": "Polygon", "coordinates": [ [ [ 104.097181875590962, -2.423033111159524, 13.086999999999534 ], [ 104.096911790156909, -2.423147083731783, 22.355299999995623 ], [ 104.09684356407864, -2.423184497579916, 22.355299999995623 ], [ 104.096703865617769, -2.423261436235907, 22.355299999995623 ], [ 104.096179804826889, -2.423526062626423, 22.355299999995623 ], [ 104.096086472331294, -2.423564849679608, 31.311252015225136 ], [ 104.096087953207416, -2.423613292623456, 37.630000000004657 ], [ 104.096152185776944, -2.424164122442245, 12.543300000004933 ], [ 104.097748178614438, -2.423936175369017, 12.543300000004933 ], [ 104.097724049150983, -2.423746745371618, 9.407500000001278 ], [ 104.097697802693631, -2.423280449604935, 18.815000000002783 ], [ 104.097181875590962, -2.423033111159524, 13.086999999999534 ] ] ] } },
{ "type": "Feature", "properties": { "FID": 224, "OBJECTID": 8, "NIB": "8", "NO": 8, "NAMA": "ROSMAWANI", "LOKASI_LAH": "IPPKH", "STATUS": "Lunas", "Lokasi_2": "Barat", "NIB_1": "8", "KETERANGAN": " ", "Luas_Acad": 6.7471291979199997, "long": 104.10829414600001, "lat": -2.4245669404200001 }, "geometry": { "type": "Polygon", "coordinates": [ [ [ 104.108343065532168, -2.422886761248083, 0.0 ], [ 104.108240051880088, -2.422873740029464, 0.0 ], [ 104.107877547362904, -2.423914544950497, 0.0 ], [ 104.1065359966193, -2.423579882697628, 0.0 ], [ 104.106363783475359, -2.42392574539219, 0.0 ], [ 104.106456799353651, -2.423961385213446, 0.0 ], [ 104.10754124915627, -2.424470032766442, 0.0 ], [ 104.107972014763462, -2.424672848444997, 0.0 ], [ 104.108484520755781, -2.424969735597573, 0.0 ], [ 104.10845472484624, -2.425251251629299, 0.0 ], [ 104.108384694769896, -2.425486217155151, 0.0 ], [ 104.108255299990333, -2.425725620223646, 0.0 ], [ 104.108226945070911, -2.426108235851901, 0.0 ], [ 104.108205957837853, -2.426251801778062, 0.0 ], [ 104.108304775507108, -2.426423742255522, 0.0 ], [ 104.108430769725757, -2.426297181025655, 0.0 ], [ 104.109456005806706, -2.426361182387131, 0.0 ], [ 104.109637801031838, -2.423421334735371, 0.0 ], [ 104.109305231272003, -2.423122595072015, 0.0 ], [ 104.109089428798001, -2.422995917079357, 0.0 ], [ 104.108343065532168, -2.422886761248083, 0.0 ] ] ] } },
{ "type": "Feature", "properties": { "FID": 225, "OBJECTID": 144, "NIB": "144", "NO": 144, "NAMA": "AGUS SANDRA", "LOKASI_LAH": "Barat", "STATUS": "Lunas", "Lokasi_2": "Barat", "NIB_1": "144", "KETERANGAN": " ", "Luas_Acad": 3.1417614705500001, "long": 104.09920301299999, "lat": -2.4241113594599999 }, "geometry": { "type": "Polygon", "coordinates": [ [ [ 104.099178743383689, -2.422938495828012, 0.000000000000114 ], [ 104.098871183524977, -2.422772169616786, 0.000000000000114 ], [ 104.098445913484241, -2.423567743047098, 0.000000000000114 ], [ 104.097697802693631, -2.423280449604935, 12.543300000004933 ], [ 104.097724049150983, -2.423746745371618, 9.407500000001278 ], [ 104.098404109190056, -2.424390833777379, 0.000000000000114 ], [ 104.098520792819571, -2.424743706985037, 0.000000000000114 ], [ 104.098547453667564, -2.42510902695957, 0.000000000000114 ], [ 104.100199496282613, -2.424652937667705, 30.607699999993201 ], [ 104.099879308804802, -2.424048195470117, 58.233796437263209 ], [ 104.099843535230704, -2.423989469800846, 61.215299999996205 ], [ 104.099626335373273, -2.424044577118143, 0.000000000000114 ], [ 104.099573431192169, -2.424058054731795, 0.000000000000114 ], [ 104.099500139793193, -2.424080116856954, 0.000000000000114 ], [ 104.099180306400797, -2.423825798192986, 0.000000000000114 ], [ 104.099063081492744, -2.423555805503835, 0.000000000000114 ], [ 104.099178743383689, -2.422938495828012, 0.000000000000114 ] ] ] } },
{ "type": "Feature", "properties": { "FID": 226, "OBJECTID": 108, "NIB": "108", "NO": 108, "NAMA": "HERI", "LOKASI_LAH": " ", "STATUS": " ", "Lokasi_2": "Barat", "NIB_1": "108", "KETERANGAN": " ", "Luas_Acad": 1.7163, "long": 104.09266645, "lat": -2.42342419533 }, "geometry": { "type": "Polygon", "coordinates": [ [ [ 104.093278313197715, -2.423537066527804, 0.0 ], [ 104.092388518642053, -2.422677096069946, 0.0 ], [ 104.091588040338181, -2.422748924741225, 0.0 ], [ 104.092028250496156, -2.423463856379682, 0.0 ], [ 104.093035016191635, -2.424242491837285, 0.0 ], [ 104.093395073588724, -2.423772341512385, 0.0 ], [ 104.093889854350408, -2.423573662110822, 0.0 ], [ 104.093278313197715, -2.423537066527804, 0.0 ] ] ] } },
{ "type": "Feature", "properties": { "FID": 227, "OBJECTID": 105, "NIB": "105", "NO": 105, "NAMA": "YASKON", "LOKASI_LAH": " ", "STATUS": " ", "Lokasi_2": "Barat", "NIB_1": "105", "KETERANGAN": " ", "Luas_Acad": 0.74000006000200003, "long": 104.09451486899999, "lat": -2.42294280588 }, "geometry": { "type": "Polygon", "coordinates": [ [ [ 104.094933743642486, -2.422624531933866, 78.071599999995669 ], [ 104.093998427044696, -2.422596765340288, 39.035799999997835 ], [ 104.094204774914203, -2.423356769509742, 0.0 ], [ 104.094969261577631, -2.423312053244315, 0.0 ], [ 104.094905135906387, -2.422865596362228, 0.0 ], [ 104.094933743642486, -2.422624531933866, 78.071599999995669 ] ] ] } },
{ "type": "Feature", "properties": { "FID": 228, "OBJECTID": 218, "NIB": "218", "NO": 218, "NAMA": "KORE'A", "LOKASI_LAH": "APL", "STATUS": "Lunas", "Lokasi_2": "Barat", "NIB_1": "218", "KETERANGAN": " ", "Luas_Acad": 1.2703294406800001, "long": 104.08786697399999, "lat": -2.42325213163 }, "geometry": { "type": "Polygon", "coordinates": [ [ [ 104.088270265737805, -2.423430956957079, 0.0 ], [ 104.088306998162025, -2.422558492172239, 0.0 ], [ 104.088133987851947, -2.422560756016232, 0.0 ], [ 104.08738889084583, -2.422583198596499, 0.0 ], [ 104.087360477812666, -2.423000357356023, 0.0 ], [ 104.087944515727756, -2.424027802382876, 0.0 ], [ 104.088111450558131, -2.424082694396355, 0.0 ], [ 104.088233647170625, -2.424026747102022, 0.0 ], [ 104.088238626217247, -2.423927011062914, 0.0 ], [ 104.088256007558485, -2.423719560006897, 0.0 ], [ 104.088270265737805, -2.423430956957079, 0.0 ] ] ] } },
{ "type": "Feature", "properties": { "FID": 229, "OBJECTID": 107, "NIB": "107", "NO": 107, "NAMA": "RASID", "LOKASI_LAH": " ", "STATUS": " ", "Lokasi_2": "Barat", "NIB_1": "107", "KETERANGAN": " ", "Luas_Acad": 1.5084, "long": 104.09341725500001, "lat": -2.4230398708699998 }, "geometry": { "type": "Polygon", "coordinates": [ [ [ 104.093440793754624, -2.422641620376532, 39.035799999997835 ], [ 104.092982198435166, -2.422523713581265, 0.0 ], [ 104.092388518642053, -2.422677096069946, 0.0 ], [ 104.093278313197715, -2.423537066527804, 0.0 ], [ 104.093889854350408, -2.423573662110822, 0.0 ], [ 104.094204774914203, -2.423356769509742, 0.0 ], [ 104.093998427044696, -2.422596765340288, 39.035799999997835 ], [ 104.093440793754624, -2.422641620376532, 39.035799999997835 ] ] ] } },
{ "type": "Feature", "properties": { "FID": 230, "OBJECTID": 7, "NIB": "7", "NO": 7, "NAMA": "KOWI", "LOKASI_LAH": "IPPKH", "STATUS": "Lunas", "Lokasi_2": "Barat", "NIB_1": "7", "KETERANGAN": " ", "Luas_Acad": 3.9516669360700001, "long": 104.10630646200001, "lat": -2.4231717210600001 }, "geometry": { "type": "Polygon", "coordinates": [ [ [ 104.106832259068725, -2.422695793553741, 0.0 ], [ 104.105216186298108, -2.42251514381139, 0.0 ], [ 104.104686714575294, -2.422585669696022, 0.0 ], [ 104.104647231918236, -2.422912497811288, 0.0 ], [ 104.10439397131762, -2.42323535371745, 0.0 ], [ 104.104211871618944, -2.423469606548221, 0.0 ], [ 104.104316694050411, -2.423629999260259, 0.0 ], [ 104.104554943969873, -2.423373491579627, 0.0 ], [ 104.104750010606722, -2.423163921280331, 0.0 ], [ 104.105159147595472, -2.423638737736151, 0.0 ], [ 104.105598314838602, -2.42318832830018, 0.0 ], [ 104.106175139912082, -2.423489863081621, 0.0 ], [ 104.1065359966193, -2.423579882697628, 0.0 ], [ 104.107877547362904, -2.423914544950497, 0.0 ], [ 104.108240051880088, -2.422873740029464, 0.0 ], [ 104.106832259068725, -2.422695793553741, 0.0 ] ] ] } },
{ "type": "Feature", "properties": { "FID": 231, "OBJECTID": 219, "NIB": "219", "NO": 219, "NAMA": "HARDI HaMSA (CATUK)", "LOKASI_LAH": "APL", "STATUS": "Lunas", "Lokasi_2": "Barat", "NIB_1": "219", "KETERANGAN": " ", "Luas_Acad": 1.90107350416, "long": 104.08876245800001, "lat": -2.4233691831200002 }, "geometry": { "type": "Polygon", "coordinates": [ [ [ 104.089311098818214, -2.423724998540566, 0.0 ], [ 104.089264002232852, -2.422499882547864, 0.0 ], [ 104.089170692473786, -2.422500390285265, 0.0 ], [ 104.089168890791527, -2.422557325525299, 0.0 ], [ 104.088333828569091, -2.422560093374924, 0.0 ], [ 104.088270265737805, -2.423430956957079, 0.0 ], [ 104.088256007558485, -2.423719560006897, 0.0 ], [ 104.08825280414375, -2.42392773258162, 0.0 ], [ 104.088250003143671, -2.424027774041407, 0.0 ], [ 104.088233647170625, -2.424026747102022, 0.0 ], [ 104.088220067801302, -2.424186565386252, 0.0 ], [ 104.088546872904658, -2.424289904720981, 0.0 ], [ 104.088711101033383, -2.424047218430173, 0.0 ], [ 104.088992724448687, -2.424072068376318, 0.0 ], [ 104.089311098818214, -2.423724998540566, 0.0 ] ] ] } },
{ "type": "Feature", "properties": { "FID": 232, "OBJECTID": 20, "NIB": "20", "NO": 20, "NAMA": "SOLHANA", "LOKASI_LAH": "IPPKH", "STATUS": "Lunas", "Lokasi_2": "Barat", "NIB_1": "20", "KETERANGAN": " ", "Luas_Acad": 2.19032745222, "long": 104.102158383, "lat": -2.4233239153300001 }, "geometry": { "type": "Polygon", "coordinates": [ [ [ 104.102661097125491, -2.423016671393519, 0.000000000000114 ], [ 104.10218437872912, -2.42243543900192, 0.000000000000114 ], [ 104.101993794780299, -2.422529749020471, 0.000000000000114 ], [ 104.101561892364415, -2.422846072378811, 0.000000000000114 ], [ 104.101408935207218, -2.422945476764734, 0.000000000000114 ], [ 104.101327932971799, -2.423035883088085, 0.000000000000114 ], [ 104.101210848857178, -2.423289093955245, 0.000000000000114 ], [ 104.101219752993927, -2.423424790416079, 0.000000000000114 ], [ 104.101039582126802, -2.423876971900195, 61.215299999996205 ], [ 104.102398064563857, -2.423634492520488, 91.823000000003958 ], [ 104.102596540746205, -2.424041126581582, 72.447499999994534 ], [ 104.102856235646726, -2.423968643634907, 53.071899999995367 ], [ 104.102941568584868, -2.424062257324677, 19.90189999999734 ], [ 104.103186699996215, -2.424067812932122, 0.000000000000114 ], [ 104.103226330693289, -2.424069767005049, 0.000000000000114 ], [ 104.102726634657458, -2.42314773786323, 0.000000000000114 ], [ 104.102661097125491, -2.423016671393519, 0.000000000000114 ] ] ] } },
{ "type": "Feature", "properties": { "FID": 233, "OBJECTID": 120, "NIB": "120", "NO": 120, "NAMA": "YAL", "LOKASI_LAH": " ", "STATUS": " ", "Lokasi_2": "Barat", "NIB_1": "120", "KETERANGAN": " ", "Luas_Acad": 2.04214756935, "long": 104.08981202, "lat": -2.42329212393 }, "geometry": { "type": "Polygon", "coordinates": [ [ [ 104.09038960900979, -2.423222208462434, 0.0 ], [ 104.090365836619895, -2.422279521525584, 0.0 ], [ 104.089282709340551, -2.422496538218284, 0.0 ], [ 104.089326850725243, -2.423733648125692, 0.0 ], [ 104.089313472586284, -2.423747341063738, 0.0 ], [ 104.089390129337318, -2.424468881445206, 0.0 ], [ 104.089439139167169, -2.42449433386352, 0.0 ], [ 104.090180598303348, -2.423552780294163, 0.0 ], [ 104.09038960900979, -2.423222208462434, 0.0 ] ] ] } },
{ "type": "Feature", "properties": { "FID": 234, "OBJECTID": 220, "NIB": "220", "NO": 220, "NAMA": "HARDI HAMSA", "LOKASI_LAH": "APL", "STATUS": "Lunas", "Lokasi_2": "Barat", "NIB_1": "220", "KETERANGAN": " ", "Luas_Acad": 0.58165775247600005, "long": 104.090684842, "lat": -2.4227282634099998 }, "geometry": { "type": "Polygon", "coordinates": [ [ [ 104.090918854159654, -2.422356101959216, 0.000000000000114 ], [ 104.090365836619895, -2.422279521525584, 0.000000000000114 ], [ 104.090389609009804, -2.423222208462434, 0.000000000000114 ], [ 104.090720944321802, -2.423194829150143, 0.000000000000114 ], [ 104.0908594008649, -2.422751122686969, 0.000000000000114 ], [ 104.091055601345801, -2.422750168628061, 0.000000000000114 ], [ 104.091060179704954, -2.422444392174904, 0.000000000000114 ], [ 104.091062788180636, -2.422410168357651, 0.000000000000114 ], [ 104.090918854159654, -2.422356101959216, 0.000000000000114 ] ] ] } },
{ "type": "Feature", "properties": { "FID": 235, "OBJECTID": 44, "NIB": "44", "NO": 44, "NAMA": "MANAP 2", "LOKASI_LAH": "APL", "STATUS": "Lunas", "Lokasi_2": "Barat", "NIB_1": "44", "KETERANGAN": " ", "Luas_Acad": 2.8924657970999998, "long": 104.10321464099999, "lat": -2.4237595306199999 }, "geometry": { "type": "Polygon", "coordinates": [ [ [ 104.103907697395343, -2.42294505497068, 0.000000000000114 ], [ 104.103160968190309, -2.422203665767346, 0.000000000000114 ], [ 104.102197512800743, -2.422428940033017, 0.000000000000114 ], [ 104.10218437872912, -2.422435439001938, 0.000000000000114 ], [ 104.102661097125491, -2.423016671393519, 0.000000000000114 ], [ 104.102726634657458, -2.42314773786323, 0.000000000000114 ], [ 104.102766805594257, -2.423199670786562, 0.000000000000114 ], [ 104.103186699996215, -2.424067812932122, 0.000000000000114 ], [ 104.102941568584868, -2.424062257324677, 19.90189999999734 ], [ 104.102989973622485, -2.424109482752423, 26.535900000002812 ], [ 104.103179315086834, -2.424280623921807, 18.064499999993131 ], [ 104.103228129228029, -2.424320517211156, 0.000000000000114 ], [ 104.103441735157404, -2.424577723483737, 0.740200000000186 ], [ 104.104297200087714, -2.42361943951642, 0.000000000000114 ], [ 104.104211871618944, -2.423469606548221, 0.000000000000114 ], [ 104.103917877726275, -2.422960803662755, 0.000000000000114 ], [ 104.103907697395343, -2.42294505497068, 0.000000000000114 ] ] ] } },
{ "type": "Feature", "properties": { "FID": 236, "OBJECTID": 153, "NIB": "153", "NO": 153, "NAMA": "DULGONI", "LOKASI_LAH": "APL", "STATUS": "Lunas", "Lokasi_2": "Barat", "NIB_1": "153", "KETERANGAN": " ", "Luas_Acad": 1.42870509014, "long": 104.085979718, "lat": -2.4228186940500001 }, "geometry": { "type": "Polygon", "coordinates": [ [ [ 104.085844451898467, -2.422268053939609, 0.000000000000114 ], [ 104.0856001411683, -2.42216356253982, 0.000000000000114 ], [ 104.085049997592549, -2.423294442314728, 0.000000000000114 ], [ 104.085652795982156, -2.423236107801794, 0.000000000000114 ], [ 104.086275001265207, -2.423313891332124, 0.000000000000114 ], [ 104.086908296754828, -2.423150000168144, 0.000000000000114 ], [ 104.086861100581814, -2.422649995827039, 0.000000000000114 ], [ 104.086580307157035, -2.422652898341177, 0.000000000000114 ], [ 104.08582702886811, -2.422660685396355, 0.000000000000114 ], [ 104.085786098779991, -2.422661108117978, 0.000000000000114 ], [ 104.085844451898467, -2.422268053939609, 0.000000000000114 ] ] ] } },
{ "type": "Feature", "properties": { "FID": 237, "OBJECTID": 27, "NIB": "27", "NO": 27, "NAMA": "KOSIM", "LOKASI_LAH": "IPPKH - APL", "STATUS": "Lunas", "Lokasi_2": "Barat", "NIB_1": "27", "KETERANGAN": " ", "Luas_Acad": 2.3259064708100001, "long": 104.098175485, "lat": -2.4228147260299999 }, "geometry": { "type": "Polygon", "coordinates": [ [ [ 104.098039656006478, -2.422230025361819, 0.000000000000114 ], [ 104.097599041056981, -2.422121178098348, 0.000000000000114 ], [ 104.097577126993045, -2.42215550123491, 9.812000000005355 ], [ 104.097181875590962, -2.423033111159524, 13.086999999999534 ], [ 104.097697802693631, -2.423280449604935, 12.543300000004933 ], [ 104.098445913484241, -2.423567743047098, 0.000000000000114 ], [ 104.098874038053893, -2.422773607585792, 0.000000000000114 ], [ 104.099054413867748, -2.422862781293752, 0.000000000000114 ], [ 104.099182277597933, -2.422936379894423, 0.000000000000114 ], [ 104.099439286634507, -2.422878617950802, 0.000000000000114 ], [ 104.099814358210963, -2.42267304165441, 0.000000000000114 ], [ 104.0990907310632, -2.422492611347062, 0.000000000000114 ], [ 104.099009696299035, -2.422456082266088, 0.000000000000114 ], [ 104.09875007939776, -2.422339052969621, 0.000000000000114 ], [ 104.09816559644446, -2.422184879505475, 0.000000000000114 ], [ 104.098039656006478, -2.422230025361819, 0.000000000000114 ] ] ] } },
{ "type": "Feature", "properties": { "FID": 238, "OBJECTID": 183, "NIB": "183", "NO": 183, "NAMA": "NUR", "LOKASI_LAH": "BATAS IPPKH", "STATUS": "Lunas", "Lokasi_2": "Barat", "NIB_1": "183", "KETERANGAN": " ", "Luas_Acad": 1.34465990087, "long": 104.108997218, "lat": -2.4224547833400001 }, "geometry": { "type": "Polygon", "coordinates": [ [ [ 104.109666700195817, -2.422052776077861, 0.0 ], [ 104.108168300719626, -2.421894634712208, 0.0 ], [ 104.108226615698129, -2.42217204606066, 0.0 ], [ 104.108415458343117, -2.422208355210325, 0.0 ], [ 104.108694077685129, -2.422488967152869, 0.0 ], [ 104.108625923742309, -2.422566204314103, 0.0 ], [ 104.108945621612563, -2.422914298036142, 0.0 ], [ 104.109089428798001, -2.422995917079357, 0.0 ], [ 104.10963059671937, -2.423077778878151, 0.0 ], [ 104.109666700195817, -2.422052776077861, 0.0 ] ] ] } },
{ "type": "Feature", "properties": { "FID": 239, "OBJECTID": 6, "NIB": "6", "NO": 6, "NAMA": "MUSTAR", "LOKASI_LAH": "IPPKH", "STATUS": "Lunas", "Lokasi_2": "Barat", "NIB_1": "6", "KETERANGAN": " ", "Luas_Acad": 1.62132189837, "long": 104.107748926, "lat": -2.4223628175599998 }, "geometry": { "type": "Polygon", "coordinates": [ [ [ 104.108168300719626, -2.421894634712208, 0.0 ], [ 104.107766336384685, -2.421852211383916, 0.0 ], [ 104.106997492591091, -2.421960228601347, 0.0 ], [ 104.106950848528498, -2.422094019519434, 0.0 ], [ 104.106844340820189, -2.4226344811118, 0.0 ], [ 104.108245510767048, -2.422857630814406, 0.0 ], [ 104.108353733604901, -2.422874671022118, 0.0 ], [ 104.108625923742309, -2.422566204314103, 0.0 ], [ 104.108694077685129, -2.422488967152869, 0.0 ], [ 104.108415458343117, -2.422208355210325, 0.0 ], [ 104.108226615698129, -2.42217204606066, 0.0 ], [ 104.108168300719626, -2.421894634712208, 0.0 ] ] ] } },
{ "type": "Feature", "properties": { "FID": 240, "OBJECTID": 44, "NIB": "44", "NO": 44, "NAMA": "MANAP 1", "LOKASI_LAH": "APL", "STATUS": "Lunas", "Lokasi_2": "Barat", "NIB_1": "44", "KETERANGAN": " ", "Luas_Acad": 1.82299089977, "long": 104.09682151200001, "lat": -2.4226476685899998 }, "geometry": { "type": "Polygon", "coordinates": [ [ [ 104.096838056940683, -2.421835589705915, 14.717999999993367 ], [ 104.096561656911504, -2.421716752316136, 14.717999999993367 ], [ 104.096394354681436, -2.421717486886644, 14.717999999993367 ], [ 104.096437197850548, -2.42181607473905, 14.717999999993367 ], [ 104.096445925963508, -2.421828565005986, 14.717999999993367 ], [ 104.096440116062396, -2.422082425985796, 14.717999999993367 ], [ 104.09649289902903, -2.422343792834755, 14.717999999993367 ], [ 104.096498081215856, -2.422358617313171, 14.717999999993367 ], [ 104.096557268057907, -2.422476849617615, 14.717999999993367 ], [ 104.095990351654933, -2.423286006955718, 14.717999999993367 ], [ 104.096179804826889, -2.423526062626423, 22.355299999995623 ], [ 104.096703865617769, -2.423261436235907, 22.355299999995623 ], [ 104.09684356407864, -2.423184497579916, 22.355299999995623 ], [ 104.096911790156909, -2.423147083731783, 22.355299999995623 ], [ 104.097181875590962, -2.423033111159524, 9.812000000005355 ], [ 104.097574272467583, -2.422154063264146, 9.812000000005355 ], [ 104.097527547824043, -2.421995284178161, 14.717999999993367 ], [ 104.097384885153701, -2.421910651732881, 14.717999999993367 ], [ 104.096838056940683, -2.421835589705915, 14.717999999993367 ] ] ] } },
{ "type": "Feature", "properties": { "FID": 241, "OBJECTID": 5, "NIB": "5", "NO": 5, "NAMA": "TAUFIK", "LOKASI_LAH": "IPPKH", "STATUS": "Lunas", "Lokasi_2": "Barat", "NIB_1": "5", "KETERANGAN": " ", "Luas_Acad": 1.44916323908, "long": 104.10608614, "lat": -2.4222255499499998 }, "geometry": { "type": "Polygon", "coordinates": [ [ [ 104.105456761638976, -2.421889783067079, 0.0 ], [ 104.105241039293347, -2.421699672943258, 0.0 ], [ 104.105224752441401, -2.422415553451531, 0.0 ], [ 104.105216186298108, -2.42251514381139, 0.0 ], [ 104.106832259068725, -2.422695793553741, 0.0 ], [ 104.106844340820189, -2.4226344811118, 0.0 ], [ 104.106950848528498, -2.422094019519434, 0.0 ], [ 104.106976637135389, -2.421963159272836, 0.0 ], [ 104.106077304005183, -2.42191733288963, 0.0 ], [ 104.105456761638976, -2.421889783067079, 0.0 ] ] ] } },
{ "type": "Feature", "properties": { "FID": 242, "OBJECTID": 43, "NIB": "43", "NO": 43, "NAMA": "ARBI", "LOKASI_LAH": "APL", "STATUS": "Lunas", "Lokasi_2": "Barat", "NIB_1": "43", "KETERANGAN": " ", "Luas_Acad": 1.59812509665, "long": 104.095854882, "lat": -2.4225954324400001 }, "geometry": { "type": "Polygon", "coordinates": [ [ [ 104.096394354681436, -2.421717486886644, 14.717999999993481 ], [ 104.096345359443987, -2.421610072325106, 14.717999999993481 ], [ 104.095991450827341, -2.421952588808857, 14.717999999993481 ], [ 104.095407733413893, -2.422652169193741, 14.717999999993481 ], [ 104.095101629948672, -2.422994492098243, 14.717999999993481 ], [ 104.095053048285521, -2.423050000217465, 14.717999999993481 ], [ 104.095373801160093, -2.423261024984553, 14.717999999993481 ], [ 104.095841889298768, -2.423481617990157, 14.717999999993481 ], [ 104.096557268057893, -2.422476849617615, 14.717999999993481 ], [ 104.096498081215856, -2.422358617313188, 14.717999999993481 ], [ 104.096492899029016, -2.422343792834755, 14.717999999993481 ], [ 104.096440116062396, -2.422082425985796, 14.717999999993481 ], [ 104.096432753270989, -2.422026364654964, 14.717999999993481 ], [ 104.096437197850548, -2.42181607473905, 14.717999999993481 ], [ 104.096394354681436, -2.421717486886644, 14.717999999993481 ] ] ] } },
{ "type": "Feature", "properties": { "FID": 243, "OBJECTID": 4, "NIB": "4", "NO": 4, "NAMA": "MUR", "LOKASI_LAH": "IPPKH", "STATUS": "Lunas", "Lokasi_2": "Barat", "NIB_1": "4", "KETERANGAN": " ", "Luas_Acad": 1.55082374209, "long": 104.10460891300001, "lat": -2.4222037618400001 }, "geometry": { "type": "Polygon", "coordinates": [ [ [ 104.105241039293347, -2.421699672943258, 0.0 ], [ 104.104161893835865, -2.421563265583814, 0.0 ], [ 104.104008800240294, -2.421870729262217, 0.0 ], [ 104.104071184937993, -2.42273919075035, 0.0 ], [ 104.104647231918236, -2.422912497811288, 0.0 ], [ 104.104686714575294, -2.422585669696022, 0.0 ], [ 104.105216186298108, -2.42251514381139, 0.0 ], [ 104.105224752441401, -2.422415553451531, 0.0 ], [ 104.105241039293347, -2.421699672943258, 0.0 ] ] ] } },
{ "type": "Feature", "properties": { "FID": 244, "OBJECTID": 114, "NIB": "114", "NO": 114, "NAMA": "SITO", "LOKASI_LAH": " ", "STATUS": " ", "Lokasi_2": "Barat", "NIB_1": "114", "KETERANGAN": " ", "Luas_Acad": 1.0779208, "long": 104.092014171, "lat": -2.42211557121 }, "geometry": { "type": "Polygon", "coordinates": [ [ [ 104.092388518642053, -2.422677096069946, 0.0 ], [ 104.092389170647678, -2.421519206871848, 0.0 ], [ 104.091669754056809, -2.421591090423747, 28.785600000002887 ], [ 104.091588040338181, -2.422748924741225, 0.0 ], [ 104.092388518642053, -2.422677096069946, 0.0 ] ] ] } },
{ "type": "Feature", "properties": { "FID": 245, "OBJECTID": 24, "NIB": "24", "NO": 24, "NAMA": "HAJI", "LOKASI_LAH": "IPPKH", "STATUS": "Lunas", "Lokasi_2": "Barat", "NIB_1": "24", "KETERANGAN": " ", "Luas_Acad": 0.898397764007, "long": 104.100320138, "lat": -2.4220760231199998 }, "geometry": { "type": "Polygon", "coordinates": [ [ [ 104.10079927524184, -2.421678815255727, 0.0 ], [ 104.100789389541077, -2.421407237679436, 0.0 ], [ 104.100058829523107, -2.42172865506881, 0.0 ], [ 104.100096619008568, -2.421804800847895, 0.0 ], [ 104.099979493099326, -2.422121333760844, 0.0 ], [ 104.099817243739352, -2.422673033314204, 0.0 ], [ 104.099790221076177, -2.422736337479807, 0.0 ], [ 104.100203975214228, -2.422664245583539, 0.0 ], [ 104.100293935263963, -2.422628121522696, 0.0 ], [ 104.100599962920597, -2.422257438455111, 0.0 ], [ 104.100591011075664, -2.422194110248176, 0.0 ], [ 104.100717029071873, -2.42203136573541, 0.0 ], [ 104.10078900184503, -2.421995229619225, 0.0 ], [ 104.10082347620461, -2.421686935740559, 0.0 ], [ 104.10079927524184, -2.421678815255727, 0.0 ] ] ] } },
{ "type": "Feature", "properties": { "FID": 246, "OBJECTID": 45, "NIB": "45", "NO": 45, "NAMA": "TUTIK", "LOKASI_LAH": "IPPKH - APL", "STATUS": "Lunas", "Lokasi_2": "Barat", "NIB_1": "45", "KETERANGAN": " ", "Luas_Acad": 0.90456728368899997, "long": 104.09706651899999, "lat": -2.4215737495899998 }, "geometry": { "type": "Polygon", "coordinates": [ [ [ 104.097616644097698, -2.421955601925495, 14.717999999993481 ], [ 104.09771372584278, -2.42117903209917, 14.717999999993481 ], [ 104.097142914532284, -2.421238591664281, 14.717999999993481 ], [ 104.096522654952366, -2.421384567963794, 14.717999999993481 ], [ 104.096374500097255, -2.421443747258565, 14.717999999993481 ], [ 104.09635036246155, -2.421463662181672, 14.717999999993481 ], [ 104.096319085219761, -2.421501952027193, 14.717999999993481 ], [ 104.096394354681436, -2.421717486886644, 14.717999999993481 ], [ 104.096561656911504, -2.421716752316136, 14.717999999993481 ], [ 104.096838056940697, -2.421835589705949, 14.717999999993481 ], [ 104.097384885153701, -2.421910651732881, 14.717999999993481 ], [ 104.097527547824043, -2.421995284178161, 14.717999999993481 ], [ 104.097616644097698, -2.421955601925495, 14.717999999993481 ] ] ] } },
{ "type": "Feature", "properties": { "FID": 247, "OBJECTID": 109, "NIB": "109", "NO": 109, "NAMA": "ISMA & RUDI", "LOKASI_LAH": " ", "STATUS": " ", "Lokasi_2": "Barat", "NIB_1": "109", "KETERANGAN": " ", "Luas_Acad": 1.94834471063, "long": 104.09307464600001, "lat": -2.4218109447999998 }, "geometry": { "type": "Polygon", "coordinates": [ [ [ 104.093612261467428, -2.421755226172386, 83.853799999997136 ], [ 104.093351952338082, -2.420995185829075, 82.53979999999865 ], [ 104.092777802497451, -2.421166664874084, 28.291299999997136 ], [ 104.09266670212088, -2.421361105640238, 0.0 ], [ 104.092389170647678, -2.421519206871848, 0.0 ], [ 104.092388518642053, -2.422677096069946, 0.0 ], [ 104.092982198435166, -2.422523713581265, 0.0 ], [ 104.093440793754624, -2.422641620376532, 39.035799999997835 ], [ 104.093612261467428, -2.421755226172386, 83.853799999997136 ] ] ] } },
{ "type": "Feature", "properties": { "FID": 248, "OBJECTID": 116, "NIB": "116", "NO": 116, "NAMA": "ALFA", "LOKASI_LAH": " ", "STATUS": " ", "Lokasi_2": "Barat", "NIB_1": "116", "KETERANGAN": " ", "Luas_Acad": 3.11056206118, "long": 104.090605044, "lat": -2.42186277885 }, "geometry": { "type": "Polygon", "coordinates": [ [ [ 104.090222197303618, -2.420999997082018, 0.000000000000114 ], [ 104.089722200078214, -2.420944442814287, 0.000000000000114 ], [ 104.089194396515694, -2.421694444371156, 0.000000000000114 ], [ 104.089170692473786, -2.422500390285265, 0.000000000000114 ], [ 104.089264002232852, -2.422499882547847, 0.000000000000114 ], [ 104.089282709340566, -2.422496538218284, 0.000000000000114 ], [ 104.090365836619895, -2.422279521525584, 0.000000000000114 ], [ 104.090920758768107, -2.422356817393507, 0.000000000000114 ], [ 104.091062788180636, -2.422410168357668, 0.000000000000114 ], [ 104.091060179704954, -2.422444392174921, 0.000000000000114 ], [ 104.091588040338195, -2.422748924741225, 0.000000000000114 ], [ 104.091669754056809, -2.421591090423747, 28.785600000003114 ], [ 104.091147884818497, -2.421952579075886, 43.178400000004558 ], [ 104.090321071995149, -2.421056466552935, 43.178400000004558 ], [ 104.090222197303618, -2.420999997082018, 0.000000000000114 ] ] ] } },
{ "type": "Feature", "properties": { "FID": 249, "OBJECTID": 104, "NIB": "104", "NO": 104, "NAMA": "ROBET", "LOKASI_LAH": " ", "STATUS": " ", "Lokasi_2": "Barat", "NIB_1": "104", "KETERANGAN": " ", "Luas_Acad": 2.02615, "long": 104.094221937, "lat": -2.4218792454 }, "geometry": { "type": "Polygon", "coordinates": [ [ [ 104.094933743642486, -2.422624531933866, 78.071599999995669 ], [ 104.094674064152173, -2.42091465998362, 128.671799999996438 ], [ 104.093612261467428, -2.421755226172386, 83.853799999997136 ], [ 104.093440793754624, -2.422641620376532, 39.035799999997835 ], [ 104.093998427044696, -2.422596765340288, 39.035799999997835 ], [ 104.094933743642486, -2.422624531933866, 78.071599999995669 ] ] ] } },
{ "type": "Feature", "properties": { "FID": 250, "OBJECTID": 117, "NIB": "117", "NO": 117, "NAMA": "MINSA", "LOKASI_LAH": " ", "STATUS": " ", "Lokasi_2": "Barat", "NIB_1": "117", "KETERANGAN": " ", "Luas_Acad": 3.5208099915800002, "long": 104.088017596, "lat": -2.4218080133900002 }, "geometry": { "type": "Polygon", "coordinates": [ [ [ 104.088972195044732, -2.421500004139374, 0.000000000000114 ], [ 104.087158262417859, -2.420901160482358, 0.000000000000114 ], [ 104.086998972594472, -2.421749569829043, 0.000000000000114 ], [ 104.08690250114158, -2.422564837710264, 0.000000000000114 ], [ 104.087824250635791, -2.422561782971836, 0.000000000000114 ], [ 104.088310203308694, -2.422537227188907, 0.000000000000114 ], [ 104.088336003345972, -2.422530316310497, 0.000000000000114 ], [ 104.089170692473786, -2.422500390285265, 0.000000000000114 ], [ 104.089194396515694, -2.421694444371156, 0.000000000000114 ], [ 104.088972195044732, -2.421500004139374, 0.000000000000114 ] ] ] } },
{ "type": "Feature", "properties": { "FID": 251, "OBJECTID": 25, "NIB": "25", "NO": 25, "NAMA": "SUDIRMAN", "LOKASI_LAH": "IPPKH", "STATUS": "Lunas", "Lokasi_2": "Barat", "NIB_1": "25", "KETERANGAN": " ", "Luas_Acad": 0.71116795387700005, "long": 104.100484585, "lat": -2.4212873303600002 }, "geometry": { "type": "Polygon", "coordinates": [ [ [ 104.100870582470151, -2.421027358399672, 25.382800000006682 ], [ 104.100367029959457, -2.420891332034321, 16.921900000001187 ], [ 104.099872434076644, -2.421163261290095, 0.0 ], [ 104.099873755674508, -2.421180317560385, 0.0 ], [ 104.099881136533725, -2.421252849046394, 0.0 ], [ 104.099970875616648, -2.42155142800479, 0.0 ], [ 104.100058829523107, -2.42172865506881, 0.0 ], [ 104.100789389541077, -2.421407237679436, 0.0 ], [ 104.10079927524184, -2.421678815255727, 0.0 ], [ 104.10082347620461, -2.421686935740559, 0.0 ], [ 104.100834382306289, -2.421589412295712, 0.0 ], [ 104.100837987671028, -2.421469631641738, 0.0 ], [ 104.100910177408494, -2.421310316708565, 0.0 ], [ 104.100940101709469, -2.421006252412639, 21.756699999998091 ], [ 104.100870582470151, -2.421027358399672, 25.382800000006682 ] ] ] } },
{ "type": "Feature", "properties": { "FID": 252, "OBJECTID": 2, "NIB": "2", "NO": 2, "NAMA": "DARMAWAN", "LOKASI_LAH": "IPPKH", "STATUS": "Lunas", "Lokasi_2": "Barat", "NIB_1": "2", "KETERANGAN": " ", "Luas_Acad": 1.1059950277699999, "long": 104.105787487, "lat": -2.4212812056400002 }, "geometry": { "type": "Polygon", "coordinates": [ [ [ 104.105749619033546, -2.420790149147425, 33.5966000000044 ], [ 104.105335206331048, -2.420758775777956, 0.0 ], [ 104.105241039293347, -2.421699672943258, 0.0 ], [ 104.105456761638976, -2.421889783067079, 0.0 ], [ 104.106077304005183, -2.42191733288963, 0.0 ], [ 104.106069395841089, -2.421866669782366, 0.0 ], [ 104.106178226646747, -2.420871993371012, 0.0 ], [ 104.106067783217853, -2.420849931029141, 41.995699999999488 ], [ 104.105781208235612, -2.42085874907665, 83.991399999998976 ], [ 104.105749619033546, -2.420790149147425, 33.5966000000044 ] ] ] } },
{ "type": "Feature", "properties": { "FID": 253, "OBJECTID": 46, "NIB": "46", "NO": 46, "NAMA": "JUNAIDI", "LOKASI_LAH": "APL", "STATUS": "Lunas", "Lokasi_2": "Barat", "NIB_1": "46", "KETERANGAN": " ", "Luas_Acad": 0.35741631930399997, "long": 104.09679052600001, "lat": -2.42101567995 }, "geometry": { "type": "Polygon", "coordinates": [ [ [ 104.097142914532284, -2.421238591664281, 14.717999999993481 ], [ 104.096881405999596, -2.420734176660384, 9.812000000005355 ], [ 104.096832640541379, -2.420744233032091, 0.0 ], [ 104.096568563057772, -2.420739136916537, 9.812000000005355 ], [ 104.096419706831284, -2.420783305708055, 14.717999999993481 ], [ 104.096613386526556, -2.421246654290897, 14.717999999993481 ], [ 104.096511331610955, -2.421330855040323, 14.717999999993481 ], [ 104.096522654952366, -2.421384567963794, 14.717999999993481 ], [ 104.097142914532284, -2.421238591664281, 14.717999999993481 ] ] ] } },
{ "type": "Feature", "properties": { "FID": 254, "OBJECTID": 15, "NIB": "15", "NO": 15, "NAMA": "MUS", "LOKASI_LAH": "IPPKH", "STATUS": "Lunas", "Lokasi_2": "Barat", "NIB_1": "15", "KETERANGAN": " ", "Luas_Acad": 1.25761724971, "long": 104.10657409300001, "lat": -2.4212675949300002 }, "geometry": { "type": "Polygon", "coordinates": [ [ [ 104.106402795884208, -2.420819440835515, 0.0 ], [ 104.106351646590937, -2.420736840948614, 0.0 ], [ 104.106309664800065, -2.420752641901864, 27.997099999993225 ], [ 104.106356811728176, -2.42084103855847, 83.991399999998976 ], [ 104.106181021514161, -2.420846447376781, 27.997099999993225 ], [ 104.106178226646747, -2.420871993371012, 0.0 ], [ 104.106203896485255, -2.420877121402496, 0.0 ], [ 104.106077304005183, -2.42191733288963, 0.0 ], [ 104.106976637135389, -2.421963159272836, 0.0 ], [ 104.107010817218566, -2.421773962088449, 0.0 ], [ 104.107166190255214, -2.420913943087364, 0.0 ], [ 104.107090250386364, -2.420888426365419, 0.0 ], [ 104.106991799412597, -2.420879495137876, 0.0 ], [ 104.106402795884208, -2.420819440835515, 0.0 ] ] ] } },
{ "type": "Feature", "properties": { "FID": 255, "OBJECTID": 1, "NIB": "1", "NO": 1, "NAMA": "BASRI", "LOKASI_LAH": "IPPKH", "STATUS": "Lunas", "Lokasi_2": "Barat", "NIB_1": "1", "KETERANGAN": " ", "Luas_Acad": 1.04203560572, "long": 104.10478805, "lat": -2.4212045304499998 }, "geometry": { "type": "Polygon", "coordinates": [ [ [ 104.105335206331048, -2.420758775777956, 0.0 ], [ 104.104591889148111, -2.420699686685379, 0.0 ], [ 104.104251948850859, -2.42138240457569, 0.0 ], [ 104.104161893835865, -2.421563265583814, 0.0 ], [ 104.105241039293347, -2.421699672943258, 0.0 ], [ 104.105335206331048, -2.420758775777956, 0.0 ] ] ] } },
{ "type": "Feature", "properties": { "FID": 256, "OBJECTID": 3, "NIB": "3", "NO": 3, "NAMA": "ISKANDAR", "LOKASI_LAH": "IPPKH", "STATUS": "Lunas", "Lokasi_2": "Barat", "NIB_1": "3", "KETERANGAN": " ", "Luas_Acad": 1.4808548406499999, "long": 104.10753274699999, "lat": -2.4212680424699999 }, "geometry": { "type": "Polygon", "coordinates": [ [ [ 104.108074378763035, -2.420675474143394, 0.0 ], [ 104.107033604814433, -2.420589055984801, 0.0 ], [ 104.107012743596343, -2.420734111856448, 0.0 ], [ 104.107004340582463, -2.420859559618102, 0.0 ], [ 104.107090250386364, -2.420888426365419, 0.0 ], [ 104.107205600456012, -2.420900002080078, 0.0 ], [ 104.107010817218566, -2.421773962088449, 0.0 ], [ 104.106976637135389, -2.421963159272836, 0.0 ], [ 104.106997492591091, -2.421960228601347, 0.0 ], [ 104.107766336384685, -2.421852211383916, 0.0 ], [ 104.108002005650803, -2.421819101409209, 0.0 ], [ 104.108074378763035, -2.420675474143394, 0.0 ] ] ] } },
{ "type": "Feature", "properties": { "FID": 257, "OBJECTID": 151, "NIB": "151", "NO": 151, "NAMA": "MURTI", "LOKASI_LAH": "APL", "STATUS": "Lunas", "Lokasi_2": "Barat", "NIB_1": "151", "KETERANGAN": " ", "Luas_Acad": 1.0118267854, "long": 104.09220073500001, "lat": -2.42099725426 }, "geometry": { "type": "Polygon", "coordinates": [ [ [ 104.092777802497451, -2.421166664874084, 28.291299999997136 ], [ 104.092361098545851, -2.420472219630597, 56.582699999999022 ], [ 104.092346221914838, -2.420480841324387, 26.68300000000454 ], [ 104.091483893023835, -2.421020470376473, 28.785600000002887 ], [ 104.091504372720564, -2.421083343998911, 28.785600000002887 ], [ 104.09177780065896, -2.421555558120642, 0.0 ], [ 104.09266670212088, -2.421361105640238, 0.0 ], [ 104.092777802497451, -2.421166664874084, 28.291299999997136 ] ] ] } },
{ "type": "Feature", "properties": { "FID": 258, "OBJECTID": 115, "NIB": "115", "NO": 115, "NAMA": "BAITI", "LOKASI_LAH": " ", "STATUS": " ", "Lokasi_2": "Barat", "NIB_1": "115", "KETERANGAN": " ", "Luas_Acad": 1.27935639772, "long": 104.091170408, "lat": -2.42116075694 }, "geometry": { "type": "Polygon", "coordinates": [ [ [ 104.091472298813201, -2.420984874654051, 83.202900000003865 ], [ 104.091328744890859, -2.420469155335352, 55.468599999992875 ], [ 104.090321071995135, -2.421056466552952, 43.178400000004331 ], [ 104.091147884818483, -2.421952579075902, 43.178400000004331 ], [ 104.091669754056809, -2.421591090423747, 28.785600000002887 ], [ 104.091504372720564, -2.421083343998911, 28.785600000002887 ], [ 104.091472199189724, -2.42102777891076, 0.0 ], [ 104.091483893023835, -2.421020470376473, 28.785600000002887 ], [ 104.091472298813201, -2.420984874654051, 83.202900000003865 ] ] ] } },
{ "type": "Feature", "properties": { "FID": 259, "OBJECTID": 31, "NIB": "31", "NO": 31, "NAMA": "DARMAWAN", "LOKASI_LAH": "IPPKH - APL", "STATUS": "Lunas", "Lokasi_2": "Barat", "NIB_1": "31", "KETERANGAN": "Lahan terendam", "Luas_Acad": 1.65878934501, "long": 104.098473023, "lat": -2.42161167098 }, "geometry": { "type": "Polygon", "coordinates": [ [ [ 104.098550232439848, -2.421025809150248, 0.000000000000114 ], [ 104.098154460154618, -2.421106958748842, 14.717999999993367 ], [ 104.098127216176223, -2.421504965725132, 0.000000000000114 ], [ 104.098162741917832, -2.422183441535701, 0.000000000000114 ], [ 104.098747224869797, -2.422337615000735, 0.000000000000114 ], [ 104.099006841770418, -2.422454644297592, 0.000000000000114 ], [ 104.099088880485681, -2.422491625942659, 0.000000000000114 ], [ 104.099233071132531, -2.422048466868794, 0.000000000000114 ], [ 104.099287331535663, -2.421596201627253, 0.000000000000114 ], [ 104.099152678362671, -2.421216178400929, 0.000000000000114 ], [ 104.099134732973212, -2.421152844202262, 0.000000000000114 ], [ 104.098956401055574, -2.421089402834272, 0.000000000000114 ], [ 104.098918928308223, -2.421089377792371, 0.000000000000114 ], [ 104.098604223938139, -2.420980615102245, 0.000000000000114 ], [ 104.098603952060998, -2.420963329769277, 0.000000000000114 ], [ 104.098550232439848, -2.421025809150248, 0.000000000000114 ] ] ] } },
{ "type": "Feature", "properties": { "FID": 260, "OBJECTID": 10, "NIB": "10", "NO": 10, "NAMA": "QORIAH/ZAM ZAM", "LOKASI_LAH": "IPPKH", "STATUS": "Lunas", "Lokasi_2": "Barat", "NIB_1": "10", "KETERANGAN": " ", "Luas_Acad": 11.108547705199999, "long": 104.101121412, "lat": -2.42265707482 }, "geometry": { "type": "Polygon", "coordinates": [ [ [ 104.09978575527731, -2.420769666679062, 0.000000000000114 ], [ 104.099530953109664, -2.420393242286692, 0.000000000000114 ], [ 104.099431975746057, -2.420465544446899, 0.000000000000114 ], [ 104.099377960405519, -2.420546922652251, 0.000000000000114 ], [ 104.099315011172067, -2.420537834583404, 0.000000000000114 ], [ 104.099126109728473, -2.420591984593615, 0.000000000000114 ], [ 104.099027180124821, -2.420591918505709, 0.000000000000114 ], [ 104.098901221928728, -2.420664202585477, 0.000000000000114 ], [ 104.098658221409892, -2.42092637502608, 0.000000000000114 ], [ 104.09900003645339, -2.421089079198016, 0.000000000000114 ], [ 104.098956401055574, -2.421089402834272, 0.000000000000114 ], [ 104.099134732973212, -2.421152844202262, 0.000000000000114 ], [ 104.099287331535663, -2.421596201627253, 0.000000000000114 ], [ 104.099233071132531, -2.422048466868794, 0.000000000000114 ], [ 104.099088880485681, -2.422491625942659, 0.000000000000114 ], [ 104.099812767487094, -2.422671918452562, 0.000000000000114 ], [ 104.099428697392426, -2.422881398661314, 0.000000000000114 ], [ 104.099179409577516, -2.422939215396635, 0.000000000000114 ], [ 104.099063081492744, -2.423555805503835, 0.000000000000114 ], [ 104.099180306400797, -2.423825798192986, 0.000000000000114 ], [ 104.099500139793193, -2.424080116856954, 0.000000000000114 ], [ 104.099576049504648, -2.424057387703225, 0.000000000000114 ], [ 104.099626335373273, -2.424044577118143, 0.000000000000114 ], [ 104.099843535230704, -2.423989469800846, 0.000000000000114 ], [ 104.099879308804802, -2.424048195470117, 61.215299999996205 ], [ 104.099942221809684, -2.424038861307192, 61.215299999996205 ], [ 104.101039582126802, -2.423876971900195, 61.215299999996205 ], [ 104.101219752993927, -2.423424790416079, 0.000000000000114 ], [ 104.101210848857178, -2.423289093955245, 0.000000000000114 ], [ 104.101327932971799, -2.423035883088085, 0.000000000000114 ], [ 104.101408935207218, -2.422945476764734, 0.000000000000114 ], [ 104.101561892364415, -2.422846072378811, 0.000000000000114 ], [ 104.101993794780299, -2.422529749020471, 0.000000000000114 ], [ 104.10218437872912, -2.42243543900192, 0.000000000000114 ], [ 104.102166700666572, -2.4224138840867, 0.000000000000114 ], [ 104.103141694818518, -2.422175003229886, 0.000000000000114 ], [ 104.103907697395343, -2.42294505497068, 0.000000000000114 ], [ 104.103917877726275, -2.422960803662755, 0.000000000000114 ], [ 104.104214613295042, -2.423453923439082, 0.000000000000114 ], [ 104.104393971317606, -2.42323535371745, 0.000000000000114 ], [ 104.104647231918236, -2.422912497811288, 0.000000000000114 ], [ 104.104071184937993, -2.42273919075035, 0.000000000000114 ], [ 104.104008800240308, -2.421870729262183, 0.000000000000114 ], [ 104.104161893835879, -2.421563265583814, 0.000000000000114 ], [ 104.104251948850845, -2.42138240457569, 0.000000000000114 ], [ 104.104464320426786, -2.420689546396219, 0.000000000000114 ], [ 104.104432421009889, -2.420468874131673, 0.000000000000114 ], [ 104.104427515855008, -2.420429192216053, 0.000000000000114 ], [ 104.103364724920354, -2.421031540365721, 0.000000000000114 ], [ 104.103127883533361, -2.421173598356547, 0.000000000000114 ], [ 104.103102577502995, -2.421180114572958, 0.000000000000114 ], [ 104.103045013082834, -2.42121273971893, 0.000000000000114 ], [ 104.102328832448279, -2.421380829665033, 0.000000000000114 ], [ 104.10179818580734, -2.421592295511469, 0.000000000000114 ], [ 104.101582281128287, -2.4218262051516, 0.000000000000114 ], [ 104.101314937026814, -2.421851837084861, 0.000000000000114 ], [ 104.101130387180433, -2.421788931835655, 0.000000000000114 ], [ 104.10082347620461, -2.421686935740525, 0.000000000000114 ], [ 104.100789001845044, -2.421995229619225, 0.000000000000114 ], [ 104.100717029071888, -2.422031365735377, 0.000000000000114 ], [ 104.100591011075664, -2.422194110248159, 0.000000000000114 ], [ 104.100599962920612, -2.422257438455111, 0.000000000000114 ], [ 104.100293935263963, -2.422628121522696, 0.000000000000114 ], [ 104.100203975214242, -2.422664245583539, 0.000000000000114 ], [ 104.099790221076191, -2.422736337479807, 0.000000000000114 ], [ 104.099818049860232, -2.422664418412521, 0.000000000000114 ], [ 104.09997949309934, -2.42212133376081, 0.000000000000114 ], [ 104.100096619008582, -2.421804800847895, 0.000000000000114 ], [ 104.100058829523107, -2.42172865506881, 0.000000000000114 ], [ 104.099970875616648, -2.42155142800479, 0.000000000000114 ], [ 104.099881136533725, -2.421252849046394, 0.000000000000114 ], [ 104.099873755674508, -2.421180317560369, 0.000000000000114 ], [ 104.099872434076644, -2.421163261290095, 0.000000000000114 ], [ 104.100367029959472, -2.420891332034321, 16.921900000001187 ], [ 104.100214010534799, -2.420721420529535, 25.38280000000691 ], [ 104.100197720101576, -2.420723255955333, 0.000000000000114 ], [ 104.09978575527731, -2.420769666679062, 0.000000000000114 ] ] ] } },
{ "type": "Feature", "properties": { "FID": 261, "OBJECTID": 42, "NIB": "42", "NO": 42, "NAMA": "TARMIJI", "LOKASI_LAH": "APL", "STATUS": " ", "Lokasi_2": "Barat", "NIB_1": "42", "KETERANGAN": " ", "Luas_Acad": 2.6721218258300001, "long": 104.095828262, "lat": -2.4213862767399998 }, "geometry": { "type": "Polygon", "coordinates": [ [ [ 104.096140650830023, -2.420302591273872, 4.906000000002678 ], [ 104.095946068876103, -2.420206409299664, 6.690000000002328 ], [ 104.094957182262348, -2.421385456527071, 14.717999999993481 ], [ 104.095077722378747, -2.421968576922453, 14.717999999993481 ], [ 104.095044245605408, -2.422717704162487, 14.717999999993481 ], [ 104.095101629948672, -2.422994492098243, 14.717999999993481 ], [ 104.096319085219761, -2.421501952027193, 14.717999999993481 ], [ 104.096308822506543, -2.42146954500835, 14.717999999993481 ], [ 104.096374500097255, -2.421443747258565, 14.717999999993481 ], [ 104.096511331610955, -2.421330855040323, 14.717999999993481 ], [ 104.096391356133452, -2.420791718509309, 14.717999999993481 ], [ 104.096419706831284, -2.420783305708055, 14.717999999993481 ], [ 104.096397878877355, -2.420731086483252, 7.35899999999674 ], [ 104.09634399393083, -2.420734859656545, 0.0 ], [ 104.096077666577486, -2.420354646916347, 0.0 ], [ 104.096156495860924, -2.420320068856726, 4.906000000002678 ], [ 104.096148358367515, -2.420306624632687, 14.717999999993481 ], [ 104.096140650830023, -2.420302591273872, 4.906000000002678 ] ] ] } },
{ "type": "Feature", "properties": { "FID": 262, "OBJECTID": 154, "NIB": "154", "NO": 154, "NAMA": "JAWAWI", "LOKASI_LAH": "APL", "STATUS": "Lunas", "Lokasi_2": "Barat", "NIB_1": "154", "KETERANGAN": " ", "Luas_Acad": 3.1890188751899999, "long": 104.08524833200001, "lat": -2.4209777243400001 }, "geometry": { "type": "Polygon", "coordinates": [ [ [ 104.085104921660587, -2.419989064125738, 0.000000000000114 ], [ 104.085023417808443, -2.420137818223905, 0.000000000000114 ], [ 104.084888898279146, -2.420383332042182, 0.000000000000114 ], [ 104.084797200475762, -2.421052772873024, 0.000000000000114 ], [ 104.084277798945081, -2.421594447956209, 0.000000000000114 ], [ 104.0856001411683, -2.42216356253982, 0.000000000000114 ], [ 104.085844451898467, -2.422268053939609, 0.000000000000114 ], [ 104.086010211912253, -2.420459927686049, 0.000000000000114 ], [ 104.08595829504668, -2.420169441826409, 0.000000000000114 ], [ 104.085858300514047, -2.419947221572968, 0.000000000000114 ], [ 104.085566490442048, -2.419805014574839, 0.000000000000114 ], [ 104.085202803599202, -2.419627780151861, 0.000000000000114 ], [ 104.085104921660587, -2.419989064125738, 0.000000000000114 ] ] ] } },
{ "type": "Feature", "properties": { "FID": 263, "OBJECTID": 14, "NIB": "14", "NO": 14, "NAMA": "EDI", "LOKASI_LAH": "IPPKH", "STATUS": "Lunas", "Lokasi_2": "Barat", "NIB_1": "14", "KETERANGAN": " ", "Luas_Acad": 0.43858259953700002, "long": 104.105282015, "lat": -2.4204429566900001 }, "geometry": { "type": "Polygon", "coordinates": [ [ [ 104.105251071194473, -2.420116621728895, 83.991399999998976 ], [ 104.105198100306268, -2.420100599515908, 27.997099999993225 ], [ 104.105120959654599, -2.420127585160643, 27.997099999993225 ], [ 104.104916402874892, -2.420321803698778, 27.997099999993225 ], [ 104.104826986341024, -2.420431775913085, 0.0 ], [ 104.104705886363007, -2.420519531710721, 20.997900000002119 ], [ 104.105340621792507, -2.420704674069593, 0.0 ], [ 104.105749619033546, -2.420790149147425, 33.5966000000044 ], [ 104.105736305367543, -2.420759212791226, 83.991399999998976 ], [ 104.105386629250759, -2.420142730780989, 27.997099999993225 ], [ 104.105251071194473, -2.420116621728895, 83.991399999998976 ] ] ] } },
{ "type": "Feature", "properties": { "FID": 264, "OBJECTID": 103, "NIB": "103", "NO": 103, "NAMA": "SAMIR 1", "LOKASI_LAH": " ", "STATUS": " ", "Lokasi_2": "Barat", "NIB_1": "103", "KETERANGAN": " ", "Luas_Acad": 1.500416095, "long": 104.093962523, "lat": -2.4209341662799999 }, "geometry": { "type": "Polygon", "coordinates": [ [ [ 104.094674064152173, -2.42091465998362, 128.671799999996438 ], [ 104.094488021229154, -2.420054889235329, 116.319000000003143 ], [ 104.093694051251134, -2.420479792882806, 110.996899999998277 ], [ 104.093351952338082, -2.420995185829075, 82.53979999999865 ], [ 104.093612261467428, -2.421755226172386, 83.853799999997136 ], [ 104.094674064152173, -2.42091465998362, 128.671799999996438 ] ] ] } },
{ "type": "Feature", "properties": { "FID": 265, "OBJECTID": 113, "NIB": "113", "NO": 113, "NAMA": "ZILI", "LOKASI_LAH": " ", "STATUS": " ", "Lokasi_2": "Barat", "NIB_1": "113", "KETERANGAN": " ", "Luas_Acad": 0.70678399999800001, "long": 104.09190423699999, "lat": -2.4204104220299998 }, "geometry": { "type": "Polygon", "coordinates": [ [ [ 104.092372018396006, -2.420442719789674, 96.607199999998556 ], [ 104.09192270648505, -2.41989061062144, 68.315799999996671 ], [ 104.091328744890859, -2.420469155335352, 55.468599999992875 ], [ 104.091472298813201, -2.420984874654051, 83.202900000003865 ], [ 104.092346221914838, -2.420480841324387, 26.68300000000454 ], [ 104.092372018396006, -2.420442719789674, 96.607199999998556 ] ] ] } },
{ "type": "Feature", "properties": { "FID": 266, "OBJECTID": 33, "NIB": "33", "NO": 33, "NAMA": "HASAN ASIDI", "LOKASI_LAH": "IPPKH - APL", "STATUS": "Lunas", "Lokasi_2": "Barat", "NIB_1": "33", "KETERANGAN": " ", "Luas_Acad": 1.83334422142, "long": 104.097166965, "lat": -2.4203059154100002 }, "geometry": { "type": "Polygon", "coordinates": [ [ [ 104.098406735334464, -2.420419629331847, 0.0 ], [ 104.098828462624283, -2.419723366936811, 0.0 ], [ 104.098461157069565, -2.419723121536077, 0.0 ], [ 104.097498687212806, -2.419957674698083, 0.0 ], [ 104.096999944776016, -2.419945283488556, 0.0 ], [ 104.096156495860924, -2.420320068856726, 4.906000000002678 ], [ 104.096381375691905, -2.420691604913108, 14.717999999993481 ], [ 104.096397878877355, -2.420731086483252, 7.35899999999674 ], [ 104.096802514544621, -2.420669718847502, 9.812000000005355 ], [ 104.096842210081689, -2.420660829671134, 9.812000000005355 ], [ 104.098079650137635, -2.420487079449372, 0.0 ], [ 104.098406735334464, -2.420419629331847, 0.0 ] ] ] } },
{ "type": "Feature", "properties": { "FID": 267, "OBJECTID": 32, "NIB": "32", "NO": 32, "NAMA": "DARMAWAN", "LOKASI_LAH": "IPPKH", "STATUS": "Lunas", "Lokasi_2": "Barat", "NIB_1": "32", "KETERANGAN": " ", "Luas_Acad": 1.33724886478, "long": 104.099220911, "lat": -2.4203571771800001 }, "geometry": { "type": "Polygon", "coordinates": [ [ [ 104.099831317425668, -2.420308095288792, 0.0 ], [ 104.099261586941893, -2.419723656183281, 0.0 ], [ 104.098828462624283, -2.419723366936811, 0.0 ], [ 104.098406735334464, -2.420419629331847, 0.0 ], [ 104.098415023551397, -2.42043911820759, 0.0 ], [ 104.098424710575401, -2.420437733404001, 0.0 ], [ 104.098436584383549, -2.420481961945137, 0.0 ], [ 104.098603952060998, -2.420963329769277, 0.0 ], [ 104.098956401055574, -2.421089402834272, 0.0 ], [ 104.09900003645339, -2.421089079198016, 0.0 ], [ 104.098658221409892, -2.42092637502608, 0.0 ], [ 104.098901221928713, -2.420664202585511, 0.0 ], [ 104.099027180124821, -2.420591918505709, 0.0 ], [ 104.099126109728459, -2.420591984593615, 0.0 ], [ 104.099315011172052, -2.420537834583404, 0.0 ], [ 104.099377960405519, -2.420546922652285, 0.0 ], [ 104.099431975746057, -2.420465544446899, 0.0 ], [ 104.099530953109664, -2.420393242286692, 0.0 ], [ 104.09978575527731, -2.420769666679062, 0.0 ], [ 104.10019772010159, -2.420723255955333, 0.0 ], [ 104.099831317425668, -2.420308095288792, 0.0 ] ] ] } },
{ "type": "Feature", "properties": { "FID": 268, "OBJECTID": 40, "NIB": "40", "NO": 40, "NAMA": "EFENDI", "LOKASI_LAH": "APL", "STATUS": " ", "Lokasi_2": "Barat", "NIB_1": "40", "KETERANGAN": " ", "Luas_Acad": 1.1656603156200001, "long": 104.095355251, "lat": -2.4204385360399998 }, "geometry": { "type": "Polygon", "coordinates": [ [ [ 104.095946068876103, -2.420206409299664, 6.690000000002328 ], [ 104.095525844676672, -2.419698037914465, 2.943599999998696 ], [ 104.095456792269133, -2.419755829161955, 8.830799999996088 ], [ 104.094770158765428, -2.420364555574796, 14.717999999993481 ], [ 104.094957182262348, -2.421385456527071, 14.717999999993481 ], [ 104.095946068876103, -2.420206409299664, 6.690000000002328 ] ] ] } },
{ "type": "Feature", "properties": { "FID": 269, "OBJECTID": 110, "NIB": "110", "NO": 110, "NAMA": "SAMIR 2", "LOKASI_LAH": " ", "STATUS": " ", "Lokasi_2": "Barat", "NIB_1": "110", "KETERANGAN": " ", "Luas_Acad": 1.53858533722, "long": 104.093113265, "lat": -2.4203844329800002 }, "geometry": { "type": "Polygon", "coordinates": [ [ [ 104.093631462655253, -2.419927943837075, 108.17160000000149 ], [ 104.093505834876638, -2.419502696676538, 94.30439999999362 ], [ 104.092361098545851, -2.420472219630597, 56.582699999999022 ], [ 104.092777802497451, -2.421166664874084, 28.291299999997136 ], [ 104.093351952338082, -2.420995185829075, 82.53979999999865 ], [ 104.093694051251134, -2.420479792882806, 110.996899999998277 ], [ 104.093631462655253, -2.419927943837075, 108.17160000000149 ] ] ] } },
{ "type": "Feature", "properties": { "FID": 270, "OBJECTID": 102, "NIB": "102", "NO": 102, "NAMA": "MAN", "LOKASI_LAH": " ", "STATUS": " ", "Lokasi_2": "Barat", "NIB_1": "102", "KETERANGAN": " ", "Luas_Acad": 0.57569196499899999, "long": 104.094105287, "lat": -2.4199945663800002 }, "geometry": { "type": "Polygon", "coordinates": [ [ [ 104.094488021229154, -2.420054889235329, 116.319000000003143 ], [ 104.094423186080249, -2.419494266677422, 105.674700000003213 ], [ 104.093631462655253, -2.419927943837075, 108.17160000000149 ], [ 104.093694051251134, -2.420479792882806, 110.996899999998277 ], [ 104.094488021229154, -2.420054889235329, 116.319000000003143 ] ] ] } },
{ "type": "Feature", "properties": { "FID": 271, "OBJECTID": 41, "NIB": "41", "NO": 41, "NAMA": "JAWAWI / AWI", "LOKASI_LAH": "APL", "STATUS": " ", "Lokasi_2": "Barat", "NIB_1": "41", "KETERANGAN": " ", "Luas_Acad": 0.44232148934400001, "long": 104.095029181, "lat": -2.4198613975000001 }, "geometry": { "type": "Polygon", "coordinates": [ [ [ 104.095456792269133, -2.419755829161955, 8.830799999996088 ], [ 104.095160905375337, -2.419387559041159, 6.307700000004843 ], [ 104.094687835529527, -2.419814729431391, 14.717999999993481 ], [ 104.094743151532796, -2.420080420990244, 14.717999999993481 ], [ 104.094770158765428, -2.420364555574796, 14.717999999993481 ], [ 104.095456792269133, -2.419755829161955, 8.830799999996088 ] ] ] } },
{ "type": "Feature", "properties": { "FID": 272, "OBJECTID": 119, "NIB": "119", "NO": 119, "NAMA": "RISNAWATI", "LOKASI_LAH": "APL", "STATUS": "Lunas", "Lokasi_2": "Barat", "NIB_1": "119", "KETERANGAN": " ", "Luas_Acad": 4.2630480205600003, "long": 104.08632594, "lat": -2.42108658152 }, "geometry": { "type": "Polygon", "coordinates": [ [ [ 104.085968664598028, -2.419686063344034, 0.000000000000114 ], [ 104.085654430607818, -2.419524536783563, 0.000000000000114 ], [ 104.085460907308274, -2.4194785976042, 0.000000000000114 ], [ 104.085397646684314, -2.41972273237579, 0.000000000000114 ], [ 104.085306273164548, -2.420075362022233, 0.000000000000114 ], [ 104.085636019260946, -2.420157744031836, 0.000000000000114 ], [ 104.085859125131734, -2.42046623939089, 0.000000000000114 ], [ 104.085889352411726, -2.420489225854776, 0.000000000000114 ], [ 104.086028758589265, -2.421163172438758, 0.000000000000114 ], [ 104.08585856695224, -2.422275318402995, 0.000000000000114 ], [ 104.085786098779991, -2.422661108117978, 0.000000000000114 ], [ 104.086861100581814, -2.422649995827022, 0.000000000000114 ], [ 104.086884465503616, -2.422637193480013, 0.000000000000114 ], [ 104.08690250114158, -2.422564837710264, 0.000000000000114 ], [ 104.086998972594472, -2.421749569829043, 0.000000000000114 ], [ 104.087107982858228, -2.421159827448623, 0.000000000000114 ], [ 104.087224401435591, -2.420561211232889, 0.000000000000114 ], [ 104.087052386850175, -2.420190039657311, 0.000000000000114 ], [ 104.086670400332579, -2.419977524844287, 0.000000000000114 ], [ 104.086094736628752, -2.41975157030217, 0.000000000000114 ], [ 104.085968664598028, -2.419686063344034, 0.000000000000114 ] ] ] } },
{ "type": "Feature", "properties": { "FID": 273, "OBJECTID": 11, "NIB": "11", "NO": 11, "NAMA": "SUDIRMAN", "LOKASI_LAH": "IPPKH", "STATUS": "Lunas", "Lokasi_2": "Barat", "NIB_1": "11", "KETERANGAN": " ", "Luas_Acad": 3.6779675499, "long": 104.102498212, "lat": -2.4207460472500002 }, "geometry": { "type": "Polygon", "coordinates": [ [ [ 104.104425193262927, -2.420395606334546, 41.995699999999488 ], [ 104.103865974663293, -2.41930268744625, 80.069900000002235 ], [ 104.103836801773127, -2.41938949107505, 76.148300000000745 ], [ 104.10374139349625, -2.419591583210761, 76.148300000000745 ], [ 104.103506846202066, -2.419775475414425, 76.148300000000745 ], [ 104.103396226025026, -2.419943371494954, 76.148300000000745 ], [ 104.103236132709768, -2.420056749462186, 76.148300000000745 ], [ 104.102890706757961, -2.420379992573317, 76.148300000000745 ], [ 104.102670352695199, -2.420509569801136, 76.148300000000745 ], [ 104.102579576905086, -2.420544607125609, 76.148300000000745 ], [ 104.102548480529904, -2.420618533273537, 76.148300000000745 ], [ 104.1024703638342, -2.420669075778846, 76.148300000000745 ], [ 104.102372795705449, -2.420796229794161, 76.148300000000745 ], [ 104.102132825099446, -2.420811736870464, 76.148300000000745 ], [ 104.102064484457557, -2.42084722419967, 76.148300000000745 ], [ 104.101740060616279, -2.420853960915553, 76.148300000000745 ], [ 104.101716349336016, -2.420846555413636, 76.148300000000745 ], [ 104.101637871024877, -2.420822046270612, 76.148300000000745 ], [ 104.101494985052781, -2.420826085111674, 76.148300000000745 ], [ 104.101429161100413, -2.420854316444785, 76.148300000000745 ], [ 104.101378295098286, -2.420852848752291, 38.074200000002747 ], [ 104.101231107744624, -2.420904277779564, 38.074200000002747 ], [ 104.101042926120357, -2.421002843672406, 76.148300000000745 ], [ 104.100984748056078, -2.420988117743295, 38.074200000002747 ], [ 104.100940101709469, -2.421006252412639, 21.756699999998091 ], [ 104.100910177408494, -2.421310316708565, 0.0 ], [ 104.100837987671028, -2.421469631641738, 0.0 ], [ 104.100834382306289, -2.421589412295712, 0.0 ], [ 104.101130387180433, -2.421788931835671, 0.0 ], [ 104.101535585112359, -2.421823852814667, 0.0 ], [ 104.10179818580734, -2.421592295511469, 0.0 ], [ 104.10191933586637, -2.421484803472563, 0.0 ], [ 104.102328832448279, -2.421380829665033, 0.0 ], [ 104.103102577502995, -2.421180114572958, 0.0 ], [ 104.103364724920354, -2.421031540365721, 0.0 ], [ 104.104425193262927, -2.420395606334546, 41.995699999999488 ] ] ] } },
{ "type": "Feature", "properties": { "FID": 274, "OBJECTID": 101, "NIB": "101", "NO": 101, "NAMA": "SORI", "LOKASI_LAH": " ", "STATUS": " ", "Lokasi_2": "Barat", "NIB_1": "101", "KETERANGAN": " ", "Luas_Acad": 0.46015, "long": 104.093995785, "lat": -2.4195133523800001 }, "geometry": { "type": "Polygon", "coordinates": [ [ [ 104.094423186080249, -2.419494266677422, 105.674700000003213 ], [ 104.094342501905643, -2.419105233745416, 75.443499999993946 ], [ 104.093505834876638, -2.419502696676538, 94.30439999999362 ], [ 104.093631462655253, -2.419927943837075, 108.17160000000149 ], [ 104.094423186080249, -2.419494266677422, 105.674700000003213 ] ] ] } },
{ "type": "Feature", "properties": { "FID": 275, "OBJECTID": 155, "NIB": "155", "NO": 155, "NAMA": "NUNGCI", "LOKASI_LAH": "APL", "STATUS": "Lunas", "Lokasi_2": "Barat", "NIB_1": "155", "KETERANGAN": " ", "Luas_Acad": 1.5810455962300001, "long": 104.089520236, "lat": -2.4203352876299999 }, "geometry": { "type": "Polygon", "coordinates": [ [ [ 104.090318892393654, -2.421055221735588, 0.000000000000114 ], [ 104.0901390975814, -2.420583426481025, 0.000000000000114 ], [ 104.089944562868624, -2.42041681181635, 0.000000000000114 ], [ 104.089555515064575, -2.419621137466895, 0.000000000000114 ], [ 104.089582838216558, -2.419447227325429, 0.000000000000114 ], [ 104.088944354072282, -2.41897238655852, 0.000000000000114 ], [ 104.088917988573399, -2.419019293506096, 0.000000000000114 ], [ 104.088777801131386, -2.419249995889437, 0.000000000000114 ], [ 104.088805597482192, -2.419388888915512, 0.000000000000114 ], [ 104.089166701872301, -2.419666664159485, 0.000000000000114 ], [ 104.089500002366023, -2.42019444314967, 0.000000000000114 ], [ 104.089305599676692, -2.420972222225632, 0.000000000000114 ], [ 104.088972195044732, -2.421500004139374, 0.000000000000114 ], [ 104.089194396515694, -2.421694444371156, 0.000000000000114 ], [ 104.089722200078214, -2.420944442814287, 0.000000000000114 ], [ 104.090222197303618, -2.420999997082001, 0.000000000000114 ], [ 104.090318892393654, -2.421055221735588, 0.000000000000114 ] ] ] } },
{ "type": "Feature", "properties": { "FID": 276, "OBJECTID": 13, "NIB": "13", "NO": 13, "NAMA": "BEDUR", "LOKASI_LAH": "APL", "STATUS": "Lunas", "Lokasi_2": "Barat", "NIB_1": "13", "KETERANGAN": " ", "Luas_Acad": 5.6485335495699998, "long": 104.106716323, "lat": -2.4197094128000001 }, "geometry": { "type": "Polygon", "coordinates": [ [ [ 104.108838900415961, -2.419691669390335, 0.000000000000114 ], [ 104.107465603476371, -2.418798651809641, 0.000000000000114 ], [ 104.107264513982884, -2.418518934860967, 0.000000000000114 ], [ 104.107208296161119, -2.418524999626482, 0.000000000000114 ], [ 104.107172089102676, -2.418726710734581, 0.000000000000114 ], [ 104.105263894375938, -2.419086112907945, 0.000000000000114 ], [ 104.105226932582468, -2.419100989046247, 0.000000000000114 ], [ 104.105546174661214, -2.419530004972867, 0.000000000000114 ], [ 104.106035697641829, -2.420233491311799, 20.997900000002119 ], [ 104.106046400618965, -2.420253213360324, 20.997900000002119 ], [ 104.106351646590937, -2.420736840948597, 0.000000000000114 ], [ 104.106402795884208, -2.420819440835515, 0.000000000000114 ], [ 104.106991799412611, -2.420879495137876, 0.000000000000114 ], [ 104.107012743596357, -2.420734111856448, 0.000000000000114 ], [ 104.107022505450516, -2.420588190165461, 0.000000000000114 ], [ 104.107033604814433, -2.420589055984801, 0.000000000000114 ], [ 104.107047207533526, -2.420494444218555, 0.000000000000114 ], [ 104.107873049388417, -2.42058720800727, 0.000000000000114 ], [ 104.108838900415961, -2.419691669390335, 0.000000000000114 ] ] ] } },
{ "type": "Feature", "properties": { "FID": 277, "OBJECTID": 111, "NIB": "111", "NO": 111, "NAMA": "TAUFIK", "LOKASI_LAH": " ", "STATUS": " ", "Lokasi_2": "Barat", "NIB_1": "111", "KETERANGAN": " ", "Luas_Acad": 1.44249757, "long": 104.092760957, "lat": -2.41969656823 }, "geometry": { "type": "Polygon", "coordinates": [ [ [ 104.093505834876638, -2.419502696676538, 94.30439999999362 ], [ 104.093245513759854, -2.418760748495553, 37.721799999999348 ], [ 104.09192270648505, -2.41989061062144, 68.315799999996671 ], [ 104.092372018396006, -2.420442719789674, 96.607199999998556 ], [ 104.092361098545851, -2.420472219630597, 56.582699999999022 ], [ 104.093505834876638, -2.419502696676538, 94.30439999999362 ] ] ] } },
{ "type": "Feature", "properties": { "FID": 278, "OBJECTID": 28, "NIB": "28", "NO": 28, "NAMA": "ROJAL 1", "LOKASI_LAH": "IPPKH", "STATUS": "Lunas", "Lokasi_2": "Barat", "NIB_1": "28", "KETERANGAN": " ", "Luas_Acad": 5.7838660840299996, "long": 104.10177427000001, "lat": -2.419932389 }, "geometry": { "type": "Polygon", "coordinates": [ [ [ 104.103897297066382, -2.418822551581774, 53.3799 ], [ 104.103544592228545, -2.418626609870572, 38.074200000002747 ], [ 104.102579438688053, -2.419553992546834, 94.136899999997695 ], [ 104.102022419317166, -2.420033061900077, 94.136899999997695 ], [ 104.100995559509357, -2.419236202056841, 88.140700000003562 ], [ 104.100550716176755, -2.418890996636468, 85.142600000006496 ], [ 104.099584063584459, -2.420025767355829, 57.111199999999371 ], [ 104.09996862251451, -2.420448945889109, 38.074200000002747 ], [ 104.100232239234089, -2.420719367482765, 0.0 ], [ 104.100367029959457, -2.420891332034321, 16.921900000001187 ], [ 104.100870582470151, -2.421027358399672, 25.382800000006682 ], [ 104.100940101709469, -2.421006252412639, 21.756699999998091 ], [ 104.100942928443061, -2.420977532233911, 76.148300000000745 ], [ 104.100984748056078, -2.420988117743295, 38.074200000002747 ], [ 104.101231107744624, -2.420904277779564, 38.074200000002747 ], [ 104.101299190592911, -2.420850566187498, 76.148300000000745 ], [ 104.101378295098286, -2.420852848752291, 38.074200000002747 ], [ 104.101527264831418, -2.420801645233991, 0.0 ], [ 104.102012907776327, -2.420820060789719, 0.0 ], [ 104.103677563620209, -2.419545676473473, 0.0 ], [ 104.103796027240747, -2.419166511633529, 40.034899999998743 ], [ 104.103767784740214, -2.419111526414015, 80.069900000002235 ], [ 104.103897297066382, -2.418822551581774, 53.3799 ] ] ] } },
{ "type": "Feature", "properties": { "FID": 279, "OBJECTID": 185, "NIB": "185", "NO": 185, "NAMA": "HENI", "LOKASI_LAH": "LUAR IPPKH", "STATUS": "Lunas", "Lokasi_2": "Barat", "NIB_1": "185", "KETERANGAN": " ", "Luas_Acad": 1.7014994597899999, "long": 104.10845206, "lat": -2.4190050465600001 }, "geometry": { "type": "Polygon", "coordinates": [ [ [ 104.10930280301119, -2.418811107971915, 0.0 ], [ 104.109580587445976, -2.418514039680411, 0.0 ], [ 104.107271650867062, -2.41852344942518, 0.0 ], [ 104.107347553627562, -2.418634458479308, 0.0 ], [ 104.107465603476371, -2.418798651809658, 0.0 ], [ 104.108838900415947, -2.419691669390335, 0.0 ], [ 104.108966696140286, -2.419358335232756, 0.0 ], [ 104.10930280301119, -2.418811107971915, 0.0 ] ] ] } },
{ "type": "Feature", "properties": { "FID": 280, "OBJECTID": 184, "NIB": "184", "NO": 184, "NAMA": "GUN", "LOKASI_LAH": "LUAR IPPKH", "STATUS": "Lunas", "Lokasi_2": "Barat", "NIB_1": "184", "KETERANGAN": " ", "Luas_Acad": 2.3832060569300002, "long": 104.109061064, "lat": -2.4196615870099998 }, "geometry": { "type": "Polygon", "coordinates": [ [ [ 104.109830596922293, -2.419647221352798, 0.0 ], [ 104.109898181098472, -2.418513637637981, 0.0 ], [ 104.10930280301119, -2.418811107971915, 0.0 ], [ 104.108966696140286, -2.419358335232756, 0.0 ], [ 104.108838900415947, -2.419691669390335, 0.0 ], [ 104.107925001752989, -2.420591664083049, 0.0 ], [ 104.108458299536636, -2.420591663940667, 0.0 ], [ 104.109766699917856, -2.420400001039051, 0.0 ], [ 104.109830596922293, -2.419647221352798, 0.0 ] ] ] } },
{ "type": "Feature", "properties": { "FID": 281, "OBJECTID": 36, "NIB": "36", "NO": 36, "NAMA": "MINSA", "LOKASI_LAH": "APL", "STATUS": "Lunas", "Lokasi_2": "Barat", "NIB_1": "36", "KETERANGAN": " ", "Luas_Acad": 0.84494823409300002, "long": 104.096793711, "lat": -2.4190012262499998 }, "geometry": { "type": "Polygon", "coordinates": [ [ [ 104.096781377712588, -2.419756732906689, 0.0 ], [ 104.097240836047149, -2.418309676383353, 0.0 ], [ 104.096665400753267, -2.418336429503726, 0.0 ], [ 104.096375035877443, -2.419561911598963, 0.0 ], [ 104.096647724223573, -2.419692420268589, 0.0 ], [ 104.096781377712588, -2.419756732906689, 0.0 ] ] ] } },
{ "type": "Feature", "properties": { "FID": 282, "OBJECTID": 66, "NIB": "66", "NO": 66, "NAMA": "ANANG MUSTAR 4", "LOKASI_LAH": "Perbatasan APL", "STATUS": "Lunas", "Lokasi_2": "Barat", "NIB_1": "66", "KETERANGAN": " ", "Luas_Acad": 0.66318720623799998, "long": 104.097203196, "lat": -2.41908235458 }, "geometry": { "type": "Polygon", "coordinates": [ [ [ 104.097652660486787, -2.418320446932745, 0.0 ], [ 104.097240836047149, -2.418309676383353, 0.0 ], [ 104.096781377712588, -2.419756732906689, 0.0 ], [ 104.096999944776016, -2.419945283488556, 0.0 ], [ 104.097652660486787, -2.418320446932745, 0.0 ] ] ] } },
{ "type": "Feature", "properties": { "FID": 283, "OBJECTID": 38, "NIB": "38", "NO": 38, "NAMA": "NURHAYATI", "LOKASI_LAH": "APL", "STATUS": "Lunas", "Lokasi_2": "Barat", "NIB_1": "38", "KETERANGAN": " ", "Luas_Acad": 3.1396140487799999, "long": 104.09583118800001, "lat": -2.4192202708699999 }, "geometry": { "type": "Polygon", "coordinates": [ [ [ 104.096665400753267, -2.418336429503726, 0.0 ], [ 104.095678273652481, -2.418123955967892, 0.0 ], [ 104.095584312632667, -2.418678921609173, 0.0 ], [ 104.095485322175961, -2.418781935586685, 0.0 ], [ 104.095291281349532, -2.418558976714001, 0.0 ], [ 104.095055771168163, -2.418409337880353, 4.528600000005099 ], [ 104.094717485945253, -2.418714308354602, 2.102599999998347 ], [ 104.095160905375337, -2.419387559041159, 6.307700000004843 ], [ 104.095456792269133, -2.419755829161955, 8.830799999996088 ], [ 104.095525844676672, -2.419698037914465, 2.943599999998696 ], [ 104.095946068876103, -2.420206409299664, 6.690000000002328 ], [ 104.096140650830023, -2.420302591273872, 4.906000000002678 ], [ 104.096999944776016, -2.419945283488556, 0.0 ], [ 104.096647724223573, -2.419692420268589, 0.0 ], [ 104.096375035877443, -2.419561911598963, 0.0 ], [ 104.096665400753267, -2.418336429503726, 0.0 ] ] ] } },
{ "type": "Feature", "properties": { "FID": 284, "OBJECTID": 12, "NIB": "12", "NO": 12, "NAMA": "ADSITO 1", "LOKASI_LAH": "IPPKH", "STATUS": "Lunas", "Lokasi_2": "Barat", "NIB_1": "12", "KETERANGAN": " ", "Luas_Acad": 3.3902926386500001, "long": 104.10496620399999, "lat": -2.4195789311499998 }, "geometry": { "type": "Polygon", "coordinates": [ [ [ 104.10454198074487, -2.418315764198731, 27.997099999993225 ], [ 104.104298073503045, -2.418068685209067, 27.997099999993225 ], [ 104.104208529675859, -2.418278030366117, 0.000000000000114 ], [ 104.103962788796807, -2.418816610203284, 0.000000000000114 ], [ 104.103935147161835, -2.418802587673539, 0.000000000000114 ], [ 104.103916703585625, -2.418833332875317, 0.000000000000114 ], [ 104.103897297066396, -2.418822551581774, 53.3799 ], [ 104.103767784740214, -2.419111526414015, 80.069900000002463 ], [ 104.103796027240747, -2.419166511633529, 40.034899999999425 ], [ 104.103817574426799, -2.419097546257493, 0.000000000000114 ], [ 104.104258593976681, -2.419600473387087, 0.000000000000114 ], [ 104.10441403222201, -2.42000910583125, 0.000000000000114 ], [ 104.104436643871693, -2.42040529501307, 41.995699999999488 ], [ 104.104439129134718, -2.420422610789668, 27.997099999993225 ], [ 104.104493811668561, -2.420668584587389, 27.997099999993225 ], [ 104.104669582187256, -2.420543652405216, 0.000000000000114 ], [ 104.104684212497929, -2.420514271521968, 0.000000000000114 ], [ 104.104705886363021, -2.420519531710721, 20.997900000002119 ], [ 104.104916402874906, -2.420321803698778, 27.997099999993225 ], [ 104.105055779656652, -2.420150387702966, 0.000000000000114 ], [ 104.105120959654585, -2.420127585160643, 27.997099999993225 ], [ 104.10516115286562, -2.420089423946569, 83.991399999999203 ], [ 104.105198100306268, -2.420100599515874, 27.997099999993225 ], [ 104.105274617556063, -2.420073831461802, 0.000000000000114 ], [ 104.105386629250788, -2.420142730780956, 27.997099999993225 ], [ 104.105481523138693, -2.420199690627198, 0.000000000000114 ], [ 104.105654508712817, -2.4205528996511, 0.000000000000114 ], [ 104.105871092128794, -2.420801375328924, 0.000000000000114 ], [ 104.105749619033546, -2.420790149147425, 33.596600000004628 ], [ 104.106067783217867, -2.420849931029141, 41.995699999999488 ], [ 104.106181021514146, -2.420846447376781, 27.997099999993225 ], [ 104.106186103662225, -2.420800001101602, 0.000000000000114 ], [ 104.106309664800065, -2.420752641901847, 27.997099999993225 ], [ 104.106046400618965, -2.420253213360324, 20.997900000002119 ], [ 104.106035697641829, -2.420233491311799, 20.997900000002119 ], [ 104.105636286653564, -2.419656918318067, 41.995699999999488 ], [ 104.105546174661214, -2.419530004972867, 41.995699999999488 ], [ 104.105531454690833, -2.419508234046377, 41.995699999999488 ], [ 104.105230189445351, -2.419105365807742, 36.505079586391048 ], [ 104.104901251593589, -2.418696160682793, 31.738404053510294 ], [ 104.104721510031439, -2.418497028500174, 27.997099999993225 ], [ 104.10454198074487, -2.418315764198731, 27.997099999993225 ] ] ] } },
{ "type": "Feature", "properties": { "FID": 285, "OBJECTID": 39, "NIB": "39", "NO": 39, "NAMA": "HAMZAH", "LOKASI_LAH": "APL", "STATUS": " ", "Lokasi_2": "Barat", "NIB_1": "39", "KETERANGAN": " ", "Luas_Acad": 0.27287466344299999, "long": 104.09533275299999, "lat": -2.4183880397199999 }, "geometry": { "type": "Polygon", "coordinates": [ [ [ 104.095678273652481, -2.418123955967892, 0.0 ], [ 104.095548324701213, -2.418074796057072, 0.0 ], [ 104.095055771168163, -2.418409337880353, 4.528600000005099 ], [ 104.095291281349532, -2.418558976714001, 0.0 ], [ 104.095485322175961, -2.418781935586685, 0.0 ], [ 104.095584312632667, -2.418678921609173, 0.0 ], [ 104.095678273652481, -2.418123955967892, 0.0 ] ] ] } },
{ "type": "Feature", "properties": { "FID": 286, "OBJECTID": 34, "NIB": "34", "NO": 34, "NAMA": "HERMAN", "LOKASI_LAH": "IPPKH", "STATUS": "Lunas", "Lokasi_2": "Barat", "NIB_1": "34", "KETERANGAN": " ", "Luas_Acad": 3.543336025, "long": 104.098416868, "lat": -2.4190036466199998 }, "geometry": { "type": "Polygon", "coordinates": [ [ [ 104.099190378324508, -2.418601900897034, 38.074200000002747 ], [ 104.098020739777581, -2.418049927236825, 19.037100000001374 ], [ 104.097652660486787, -2.418320446932745, 0.0 ], [ 104.096999944776016, -2.419945283488556, 0.0 ], [ 104.097498687212806, -2.419957674698083, 0.0 ], [ 104.098461157069565, -2.419723121536077, 0.0 ], [ 104.098828462624283, -2.419723366936811, 0.0 ], [ 104.099261586941893, -2.419723656183281, 0.0 ], [ 104.099315548512692, -2.419723692209831, 25.382800000006682 ], [ 104.099190378324508, -2.418601900897034, 38.074200000002747 ] ] ] } },
{ "type": "Feature", "properties": { "FID": 287, "OBJECTID": 121, "NIB": "121", "NO": 121, "NAMA": "HERMAN", "LOKASI_LAH": " ", "STATUS": " ", "Lokasi_2": "Barat", "NIB_1": "121", "KETERANGAN": " ", "Luas_Acad": 1.0291731301, "long": 104.085653695, "lat": -2.4184457671600001 }, "geometry": { "type": "Polygon", "coordinates": [ [ [ 104.085749648503111, -2.418256138210072, 0.0 ], [ 104.084769883242259, -2.41797600735601, 0.0 ], [ 104.084882704254099, -2.418563128161741, 0.0 ], [ 104.085791457534015, -2.418690372555015, 0.0 ], [ 104.086340387196202, -2.418920686293606, 0.0 ], [ 104.086482431378542, -2.418638589818759, 0.0 ], [ 104.086526622587897, -2.418317926416282, 0.0 ], [ 104.085749648503111, -2.418256138210072, 0.0 ] ] ] } },
{ "type": "Feature", "properties": { "FID": 288, "OBJECTID": 112, "NIB": "112", "NO": 112, "NAMA": "GUNADI", "LOKASI_LAH": " ", "STATUS": " ", "Lokasi_2": "Barat", "NIB_1": "112", "KETERANGAN": " ", "Luas_Acad": 6.0322617675399997, "long": 104.091455338, "lat": -2.41947921555 }, "geometry": { "type": "MultiPolygon", "coordinates": [ [ [ [ 104.090322610209384, -2.421055570022602, 43.197161002856774 ], [ 104.090321071995149, -2.421056466552935, 43.178400000005468 ], [ 104.090324335873049, -2.421060003996736, 0.000000000000114 ], [ 104.090322610209384, -2.421055570022602, 43.197161002856774 ] ] ], [ [ [ 104.089836812244783, -2.418966512222931, 0.000000000000114 ], [ 104.089009280683797, -2.419014913976758, 0.000000000000114 ], [ 104.089582883052501, -2.41944694444873, 0.000000000000114 ], [ 104.089556550521124, -2.419613080314415, 0.000000000000114 ], [ 104.089944244483661, -2.420416160660736, 0.000000000000114 ], [ 104.090138980395395, -2.420583745753485, 0.000000000000114 ], [ 104.090322610209384, -2.421055570022602, 43.197161002856774 ], [ 104.091328744890873, -2.420469155335352, 55.468599999992875 ], [ 104.09192270648505, -2.41989061062144, 68.315799999996898 ], [ 104.093245513759868, -2.418760748495553, 37.721799999999348 ], [ 104.093533602366819, -2.418317687226061, 0.000000000000114 ], [ 104.092913292309319, -2.417946383939309, 0.000000000000114 ], [ 104.092814606883479, -2.418008470083298, 0.000000000000114 ], [ 104.09260269092205, -2.418141792556543, 0.000000000000114 ], [ 104.09237404888124, -2.418285639626358, 0.000000000000114 ], [ 104.091379466076617, -2.418911361553418, 0.000000000000114 ], [ 104.090930468089809, -2.419193840152809, 0.000000000000114 ], [ 104.09052899753722, -2.419446417326242, 0.000000000000114 ], [ 104.090124226547516, -2.419536604503913, 0.000000000000114 ], [ 104.090115239006451, -2.419527552435475, 0.000000000000114 ], [ 104.089836812244783, -2.418966512222931, 0.000000000000114 ] ] ] ] } },
{ "type": "Feature", "properties": { "FID": 289, "OBJECTID": 100, "NIB": "100", "NO": 100, "NAMA": "MIADI", "LOKASI_LAH": " ", "STATUS": " ", "Lokasi_2": "Barat", "NIB_1": "100", "KETERANGAN": " ", "Luas_Acad": 1.2641341616099999, "long": 104.093830251, "lat": -2.4187154811 }, "geometry": { "type": "Polygon", "coordinates": [ [ [ 104.094210688494201, -2.418477337167037, 0.0 ], [ 104.09393771405415, -2.417905953154743, 0.0 ], [ 104.093533602366819, -2.418317687226061, 0.0 ], [ 104.093245513759854, -2.418760748495553, 37.721799999999348 ], [ 104.093505834876638, -2.419502696676538, 94.30439999999362 ], [ 104.094342501905643, -2.419105233745416, 75.443499999993946 ], [ 104.094210688494201, -2.418477337167037, 0.0 ] ] ] } },
{ "type": "Feature", "properties": { "FID": 290, "OBJECTID": 47, "NIB": "47", "NO": 47, "NAMA": "UJANG", "LOKASI_LAH": "APL", "STATUS": " ", "Lokasi_2": "Barat", "NIB_1": "47", "KETERANGAN": " ", "Luas_Acad": 0.93297607555399997, "long": 104.09461284, "lat": -2.4187772828099998 }, "geometry": { "type": "Polygon", "coordinates": [ [ [ 104.094432365641325, -2.417975744876039, 11.038499999995111 ], [ 104.094269658484848, -2.417864360662407, 4.906000000002678 ], [ 104.09411254204025, -2.417972246612101, 7.35899999999674 ], [ 104.094214293398849, -2.418147411413527, 14.717999999993481 ], [ 104.094428525170514, -2.418574210594623, 14.717999999993481 ], [ 104.094549751552236, -2.41898903107091, 14.717999999993481 ], [ 104.094687835529527, -2.419814729431391, 14.717999999993481 ], [ 104.095160905375337, -2.419387559041159, 6.307700000004843 ], [ 104.094717485945253, -2.418714308354602, 2.102599999998347 ], [ 104.095055771168163, -2.418409337880353, 4.528600000005099 ], [ 104.094432365641325, -2.417975744876039, 11.038499999995111 ] ] ] } },
{ "type": "Feature", "properties": { "FID": 291, "OBJECTID": 123, "NIB": "123", "NO": 123, "NAMA": "SITO", "LOKASI_LAH": " ", "STATUS": " ", "Lokasi_2": "Barat", "NIB_1": "123", "KETERANGAN": " ", "Luas_Acad": 3.1076853921000001, "long": 104.08951689600001, "lat": -2.4186108983099999 }, "geometry": { "type": "Polygon", "coordinates": [ [ [ 104.090930468089809, -2.419193840152809, 0.000000000000114 ], [ 104.089849820668789, -2.417784207894784, 0.000000000000114 ], [ 104.089146852471927, -2.417902770229311, 0.000000000000114 ], [ 104.0885078546128, -2.417925607111636, 0.000000000000114 ], [ 104.088029697867995, -2.418078784016282, 0.000000000000114 ], [ 104.088910596016646, -2.419010972523306, 0.000000000000114 ], [ 104.088917988573399, -2.419019293506096, 0.000000000000114 ], [ 104.088944432942085, -2.418972246240968, 0.000000000000114 ], [ 104.089002682775643, -2.419015299881794, 0.000000000000114 ], [ 104.089836812244783, -2.418966512222931, 0.000000000000114 ], [ 104.090115239006451, -2.419527552435475, 0.000000000000114 ], [ 104.090124226547516, -2.419536604503913, 0.000000000000114 ], [ 104.09052899753722, -2.419446417326242, 0.000000000000114 ], [ 104.090930468089809, -2.419193840152809, 0.000000000000114 ] ] ] } },
{ "type": "Feature", "properties": { "FID": 292, "OBJECTID": 124, "NIB": "124", "NO": 124, "NAMA": "EPRAN", "LOKASI_LAH": " ", "STATUS": " ", "Lokasi_2": "Barat", "NIB_1": "124", "KETERANGAN": " ", "Luas_Acad": 1.01851039376, "long": 104.090643531, "lat": -2.4184635668099999 }, "geometry": { "type": "Polygon", "coordinates": [ [ [ 104.090602049228693, -2.417868425617526, 0.0 ], [ 104.089849820668789, -2.417784207894801, 0.0 ], [ 104.090930468089795, -2.419193840152809, 0.0 ], [ 104.091379466076603, -2.418911361553418, 0.0 ], [ 104.090602049228693, -2.417868425617526, 0.0 ] ] ] } },
{ "type": "Feature", "properties": { "FID": 293, "OBJECTID": 48, "NIB": "48", "NO": 48, "NAMA": "WIDIA", "LOKASI_LAH": "APL", "STATUS": " ", "Lokasi_2": "Barat", "NIB_1": "48", "KETERANGAN": " ", "Luas_Acad": 0.60095635165500005, "long": 104.094865259, "lat": -2.4179942644 }, "geometry": { "type": "Polygon", "coordinates": [ [ [ 104.095548324701213, -2.418074796057072, 0.0 ], [ 104.094910086628218, -2.417613021315477, 0.0 ], [ 104.094269658484848, -2.417864360662407, 4.906000000002678 ], [ 104.094432365641325, -2.417975744876039, 11.038499999995111 ], [ 104.094745217825277, -2.418179503686845, 14.717999999993481 ], [ 104.095055771168163, -2.418409337880353, 4.528600000005099 ], [ 104.095548324701213, -2.418074796057072, 0.0 ] ] ] } },
{ "type": "Feature", "properties": { "FID": 294, "OBJECTID": 118, "NIB": "118", "NO": 118, "NAMA": "SAMIRSA KELUARGA", "LOKASI_LAH": " ", "STATUS": " ", "Lokasi_2": "Barat", "NIB_1": "118", "KETERANGAN": " ", "Luas_Acad": 9.46705899116, "long": 104.08776992, "lat": -2.4195795502299999 }, "geometry": { "type": "Polygon", "coordinates": [ [ [ 104.087417744584386, -2.417952061557945, 0.000000000000114 ], [ 104.086626553885338, -2.417589686574761, 0.000000000000114 ], [ 104.08652614645392, -2.41831826117361, 0.000000000000114 ], [ 104.086481955244437, -2.418638924576024, 0.000000000000114 ], [ 104.08633991106197, -2.418921021050752, 0.000000000000114 ], [ 104.086076706313207, -2.419443743991994, 0.000000000000114 ], [ 104.085968664598028, -2.419686063344034, 0.000000000000114 ], [ 104.086094736628752, -2.41975157030217, 0.000000000000114 ], [ 104.086670400332579, -2.419977524844287, 0.000000000000114 ], [ 104.087052386850175, -2.420190039657311, 0.000000000000114 ], [ 104.087224401435591, -2.420561211232889, 0.000000000000114 ], [ 104.087158262417859, -2.420901160482358, 0.000000000000114 ], [ 104.088971718909633, -2.421500338897356, 0.000000000000114 ], [ 104.089305123541877, -2.420972556983835, 0.000000000000114 ], [ 104.089499526231549, -2.420194777908068, 0.000000000000114 ], [ 104.08916622573804, -2.419666998917806, 0.000000000000114 ], [ 104.088805121348017, -2.41938922367371, 0.000000000000114 ], [ 104.088777324997253, -2.419250330647643, 0.000000000000114 ], [ 104.088910422871052, -2.419011093914109, 0.000000000000114 ], [ 104.088029221734317, -2.418079118774314, 0.000000000000114 ], [ 104.087417744584386, -2.417952061557945, 0.000000000000114 ] ] ] } },
{ "type": "Feature", "properties": { "FID": 295, "OBJECTID": 122, "NIB": "122", "NO": 122, "NAMA": "MIRJAWAWI", "LOKASI_LAH": " ", "STATUS": " ", "Lokasi_2": "Barat", "NIB_1": "122", "KETERANGAN": " ", "Luas_Acad": 1.4357200934000001, "long": 104.085691455, "lat": -2.4179008656100001 }, "geometry": { "type": "Polygon", "coordinates": [ [ [ 104.08662703001896, -2.417589351817288, 0.0 ], [ 104.084683850539633, -2.417528304402352, 0.0 ], [ 104.084769883242259, -2.41797600735601, 0.0 ], [ 104.085749648503111, -2.418256138210072, 0.0 ], [ 104.086526622587897, -2.418317926416282, 0.0 ], [ 104.08662703001896, -2.417589351817288, 0.0 ] ] ] } },
{ "type": "Feature", "properties": { "FID": 296, "OBJECTID": 221, "NIB": "221", "NO": 221, "NAMA": "HASAN", "LOKASI_LAH": "LUAR IPPKH", "STATUS": "Lunas", "Lokasi_2": "Barat", "NIB_1": "221", "KETERANGAN": " ", "Luas_Acad": 0.93644275916099995, "long": 104.103708973, "lat": -2.4181684431599999 }, "geometry": { "type": "Polygon", "coordinates": [ [ [ 104.10424376028574, -2.418049432664091, 56.529500000004191 ], [ 104.103722201278913, -2.417527778508323, 0.0 ], [ 104.103155727382301, -2.417905449984937, 0.0 ], [ 104.103287717557976, -2.418218921445577, 20.484500000005937 ], [ 104.103565038996862, -2.418567985202977, 40.968999999997322 ], [ 104.103533770390797, -2.418598961599908, 20.484500000005937 ], [ 104.103559684919261, -2.418612108235584, 38.074200000002747 ], [ 104.10361525636462, -2.418558711986503, 76.148300000000745 ], [ 104.103805818126858, -2.418736975893492, 38.074200000002747 ], [ 104.103911598953786, -2.418790640309488, 41.995699999999488 ], [ 104.10424376028574, -2.418049432664091, 56.529500000004191 ] ] ] } },
{ "type": "Feature", "properties": { "FID": 297, "OBJECTID": 125, "NIB": "125", "NO": 125, "NAMA": "N_1", "LOKASI_LAH": " ", "STATUS": " ", "Lokasi_2": "Barat", "NIB_1": "125", "KETERANGAN": " ", "Luas_Acad": 1.5552058094700001, "long": 104.091509706, "lat": -2.4181882731200002 }, "geometry": { "type": "Polygon", "coordinates": [ [ [ 104.092374048881226, -2.41828563962639, 0.0 ], [ 104.091775684344924, -2.417491262389051, 0.0 ], [ 104.091020460625998, -2.417862811187657, 0.0 ], [ 104.090602049228693, -2.417868425617526, 0.0 ], [ 104.091379466076603, -2.418911361553418, 0.0 ], [ 104.092374048881226, -2.41828563962639, 0.0 ] ] ] } },
{ "type": "Feature", "properties": { "FID": 298, "OBJECTID": 87, "NIB": "87", "NO": 87, "NAMA": "Bedur2", "LOKASI_LAH": "IPPKH & HPK", "STATUS": "Lunas", "Lokasi_2": "Barat", "NIB_1": "87", "KETERANGAN": " ", "Luas_Acad": 3.22423994619, "long": 104.105792249, "lat": -2.4183130070200001 }, "geometry": { "type": "Polygon", "coordinates": [ [ [ 104.105245662102405, -2.417568551635926, 38.709199999997509 ], [ 104.104996508373603, -2.417438823635434, 28.532399999996414 ], [ 104.104298073503045, -2.418068685209067, 28.532399999996414 ], [ 104.10454198074487, -2.418315764198731, 27.997099999993225 ], [ 104.104721510031439, -2.418497028500174, 27.997099999993225 ], [ 104.104901251593589, -2.418696160682793, 0.000000000000114 ], [ 104.105226932582468, -2.419100989046247, 0.000000000000114 ], [ 104.105263894375938, -2.419086112907945, 0.000000000000114 ], [ 104.107172089102676, -2.418726710734581, 0.000000000000114 ], [ 104.107172196396078, -2.418716670594642, 0.000000000000114 ], [ 104.107208296161119, -2.418524999626482, 0.000000000000114 ], [ 104.10723041659503, -2.418464854405337, 0.000000000000114 ], [ 104.107203791931823, -2.418426304240267, 0.000000000000114 ], [ 104.107006062732779, -2.418227160352865, 0.000000000000114 ], [ 104.106988986714327, -2.418209056957638, 30.107199999998556 ], [ 104.106403632742968, -2.418010561156753, 30.107199999998556 ], [ 104.106115801986206, -2.418064646898496, 30.107199999998556 ], [ 104.105245662102405, -2.417568551635926, 38.709199999997509 ] ] ] } },
{ "type": "Feature", "properties": { "FID": 299, "OBJECTID": 37, "NIB": "37", "NO": 37, "NAMA": "YOPI", "LOKASI_LAH": "IPPKH - APL", "STATUS": " ", "Lokasi_2": "Barat", "NIB_1": "37", "KETERANGAN": " ", "Luas_Acad": 1.02512362, "long": 104.097373283, "lat": -2.4178174461699999 }, "geometry": { "type": "Polygon", "coordinates": [ [ [ 104.097515976248104, -2.417499237812386, 38.074200000002747 ], [ 104.097257678230889, -2.417207521704086, 25.382800000006682 ], [ 104.096519559119955, -2.418183998670572, 0.0 ], [ 104.09655553343255, -2.418184022746305, 0.0 ], [ 104.097104117822767, -2.418220573866863, 0.0 ], [ 104.097652660486787, -2.418320446932745, 0.0 ], [ 104.098020739777581, -2.418049927236825, 19.037100000001374 ], [ 104.097958651391892, -2.41800404048728, 38.074200000002747 ], [ 104.097515976248104, -2.417499237812386, 38.074200000002747 ] ] ] } },
{ "type": "Feature", "properties": { "FID": 300, "OBJECTID": 77, "NIB": "77", "NO": 77, "NAMA": "AMINI", "LOKASI_LAH": "APL", "STATUS": "Lunas", "Lokasi_2": "Barat", "NIB_1": "77", "KETERANGAN": " ", "Luas_Acad": 2.0006996080200001, "long": 104.106554485, "lat": -2.41765590869 }, "geometry": { "type": "Polygon", "coordinates": [ [ [ 104.107347111247947, -2.417388907487108, 45.160799999997835 ], [ 104.10560380106071, -2.417095476237696, 90.321500000005472 ], [ 104.105245662102405, -2.417568551635926, 38.709199999997509 ], [ 104.106115801986206, -2.418064646898529, 30.107199999998556 ], [ 104.106403632742953, -2.418010561156753, 30.107199999998556 ], [ 104.106988986714327, -2.418209056957638, 30.107199999998556 ], [ 104.107347914312768, -2.418082649637205, 90.321500000005472 ], [ 104.107448777334227, -2.417871151812073, 45.160799999997835 ], [ 104.107505595552624, -2.417716669252613, 0.0 ], [ 104.107525953783551, -2.417709321032814, 45.160799999997835 ], [ 104.107535420831312, -2.417689470303621, 45.160799999997835 ], [ 104.107513900360786, -2.417697225732372, 0.0 ], [ 104.107638898472914, -2.417455552626616, 0.0 ], [ 104.107347111247947, -2.417388907487108, 45.160799999997835 ] ] ] } },
{ "type": "Feature", "properties": { "FID": 301, "OBJECTID": 126, "NIB": "126", "NO": 126, "NAMA": "HERWANDI/WANDENG", "LOKASI_LAH": " ", "STATUS": " ", "Lokasi_2": "Barat", "NIB_1": "126", "KETERANGAN": " ", "Luas_Acad": 0.78740037820300002, "long": 104.09223962599999, "lat": -2.4176613423600002 }, "geometry": { "type": "Polygon", "coordinates": [ [ [ 104.092239549406159, -2.417195737105491, 0.0 ], [ 104.092029819407074, -2.417040203714122, 0.0 ], [ 104.091668808418959, -2.417349215159075, 0.0 ], [ 104.091775684344924, -2.417491262389051, 0.0 ], [ 104.092374048881226, -2.41828563962639, 0.0 ], [ 104.09260269092205, -2.418141792556543, 0.0 ], [ 104.092814606883465, -2.418008470083314, 0.0 ], [ 104.092239549406159, -2.417195737105491, 0.0 ] ] ] } },
{ "type": "Feature", "properties": { "FID": 302, "OBJECTID": 49, "NIB": "49", "NO": 49, "NAMA": "KARNADI", "LOKASI_LAH": "APL", "STATUS": " ", "Lokasi_2": "Barat", "NIB_1": "49", "KETERANGAN": " ", "Luas_Acad": 1.3146, "long": 104.096671426, "lat": -2.4173768080600002 }, "geometry": { "type": "Polygon", "coordinates": [ [ [ 104.097257678230889, -2.417207521704086, 25.382800000006682 ], [ 104.096547383372425, -2.416908527937004, 0.0 ], [ 104.095548324701213, -2.418074796057072, 0.0 ], [ 104.096519559119955, -2.418183998670572, 0.0 ], [ 104.097014654452778, -2.417505878058733, 0.0 ], [ 104.097257678230889, -2.417207521704086, 25.382800000006682 ] ] ] } },
{ "type": "Feature", "properties": { "FID": 303, "OBJECTID": 127, "NIB": "127", "NO": 127, "NAMA": "ROJAL", "LOKASI_LAH": " ", "STATUS": " ", "Lokasi_2": "Barat", "NIB_1": "127", "KETERANGAN": " ", "Luas_Acad": 0.51483305685500003, "long": 104.092679941, "lat": -2.41745067508 }, "geometry": { "type": "Polygon", "coordinates": [ [ [ 104.093129943830903, -2.417770322152844, 0.0 ], [ 104.092506846251041, -2.416873461634153, 0.0 ], [ 104.092239549406159, -2.417195737105491, 0.0 ], [ 104.092814606883465, -2.418008470083314, 0.0 ], [ 104.092913292309319, -2.417946383939309, 0.0 ], [ 104.093129943830903, -2.417770322152844, 0.0 ] ] ] } },
{ "type": "Feature", "properties": { "FID": 304, "OBJECTID": 186, "NIB": "186", "NO": 186, "NAMA": "MARKUAT", "LOKASI_LAH": "LUAR IPPKH", "STATUS": "Lunas", "Lokasi_2": "Barat", "NIB_1": "186", "KETERANGAN": " ", "Luas_Acad": 3.6019523120499999, "long": 104.108565046, "lat": -2.4178451567699999 }, "geometry": { "type": "Polygon", "coordinates": [ [ [ 104.10990830396085, -2.418347218578736, 0.0 ], [ 104.109987501513302, -2.416815275796656, 0.0 ], [ 104.107525953783551, -2.417709321032814, 45.160799999997835 ], [ 104.107448777334227, -2.417871151812073, 45.160799999997835 ], [ 104.107230416595016, -2.418464854405337, 0.0 ], [ 104.107271650867062, -2.41852344942518, 0.0 ], [ 104.10990830396085, -2.418347218578736, 0.0 ] ] ] } },
{ "type": "Feature", "properties": { "FID": 305, "OBJECTID": 29, "NIB": "29", "NO": 29, "NAMA": "ROJAL 2", "LOKASI_LAH": "IPPKH", "STATUS": "Lunas", "Lokasi_2": "Barat", "NIB_1": "29", "KETERANGAN": " ", "Luas_Acad": 3.99407480091, "long": 104.09885487299999, "lat": -2.41823942063 }, "geometry": { "type": "Polygon", "coordinates": [ [ [ 104.098413476967323, -2.417232457548665, 94.136899999997695 ], [ 104.09768389413459, -2.416666286955544, 62.75789999999688 ], [ 104.09727567135468, -2.417198487705721, 0.0 ], [ 104.097267582174126, -2.417194944398021, 38.074200000002747 ], [ 104.097257678230889, -2.417207521704086, 25.382800000006682 ], [ 104.097515976248104, -2.417499237812386, 38.074200000002747 ], [ 104.097958651391892, -2.41800404048728, 38.074200000002747 ], [ 104.098020739777581, -2.418049927236825, 19.037100000001374 ], [ 104.099190378324508, -2.418601900897034, 38.074200000002747 ], [ 104.099315548512692, -2.419723692209831, 25.382800000006682 ], [ 104.099584063584459, -2.420025767355829, 57.111199999999371 ], [ 104.100550716176755, -2.418890996636468, 85.142600000006496 ], [ 104.098413476967323, -2.417232457548665, 94.136899999997695 ] ] ] } },
{ "type": "Feature", "properties": { "FID": 306, "OBJECTID": 222, "NIB": "222", "NO": 222, "NAMA": "HASAN", "LOKASI_LAH": "LUAR IPPKH", "STATUS": "Lunas", "Lokasi_2": "Barat", "NIB_1": "222", "KETERANGAN": " ", "Luas_Acad": 0.85976849104599995, "long": 104.10320057, "lat": -2.41724943446 }, "geometry": { "type": "Polygon", "coordinates": [ [ [ 104.103758296931034, -2.417438888921887, 0.0 ], [ 104.103207330250882, -2.416623853922193, 0.0 ], [ 104.10264204745954, -2.416992016869862, 0.0 ], [ 104.102949238304078, -2.417451672005662, 0.0 ], [ 104.103151330555136, -2.417892905634156, 0.0 ], [ 104.103758296931034, -2.417438888921887, 0.0 ] ] ] } },
{ "type": "Feature", "properties": { "FID": 307, "OBJECTID": 187, "NIB": "187", "NO": 187, "NAMA": "JAMARIS", "LOKASI_LAH": "LUAR IPPKH", "STATUS": "Lunas", "Lokasi_2": "Barat", "NIB_1": "187", "KETERANGAN": " ", "Luas_Acad": 2.3830958605400001, "long": 104.10727552900001, "lat": -2.4170298455600001 }, "geometry": { "type": "Polygon", "coordinates": [ [ [ 104.106256275386031, -2.416321905686455, 0.0 ], [ 104.106247199778878, -2.416316666543753, 0.0 ], [ 104.105644397694036, -2.417000004008993, 0.0 ], [ 104.107347111247947, -2.417388907487108, 45.160799999997835 ], [ 104.107654116436649, -2.417440582421857, 90.321500000005472 ], [ 104.107535420831312, -2.417689470303621, 45.160799999997835 ], [ 104.108131952101346, -2.417473613144516, 0.0 ], [ 104.108345036658491, -2.416962422091934, 0.0 ], [ 104.108344400835406, -2.416947223398303, 0.0 ], [ 104.108420975664899, -2.416797443261903, 0.0 ], [ 104.107409169844658, -2.416576543488405, 0.0 ], [ 104.106256275386031, -2.416321905686455, 0.0 ] ] ] } },
{ "type": "Feature", "properties": { "FID": 308, "OBJECTID": 128, "NIB": "128", "NO": 128, "NAMA": "ARPIS", "LOKASI_LAH": " ", "STATUS": " ", "Lokasi_2": "Barat", "NIB_1": "128", "KETERANGAN": " ", "Luas_Acad": 0.65798214472500005, "long": 104.092859663, "lat": -2.4170323464100001 }, "geometry": { "type": "Polygon", "coordinates": [ [ [ 104.092717004976933, -2.416479514108031, 0.0 ], [ 104.092600389857481, -2.416283250353539, 0.0 ], [ 104.092391675700398, -2.416475147978599, 0.0 ], [ 104.092306721037573, -2.416585723642307, 0.0 ], [ 104.092506846251041, -2.416873461634153, 0.0 ], [ 104.093129943830903, -2.417770322152844, 0.0 ], [ 104.093442739851241, -2.417516130195559, 0.0 ], [ 104.093107177063104, -2.417170809342147, 0.0 ], [ 104.092891013595562, -2.41682323388207, 0.0 ], [ 104.092717004976933, -2.416479514108031, 0.0 ] ] ] } },
{ "type": "Feature", "properties": { "FID": 309, "OBJECTID": 76, "NIB": "76", "NO": 76, "NAMA": "ZAKARIA", "LOKASI_LAH": "APL", "STATUS": "Lunas", "Lokasi_2": "Barat", "NIB_1": "76", "KETERANGAN": " ", "Luas_Acad": 1.67445121829, "long": 104.10419505500001, "lat": -2.4172941474299998 }, "geometry": { "type": "Polygon", "coordinates": [ [ [ 104.104380755565231, -2.416968021135721, 85.597099999999045 ], [ 104.10353586794966, -2.416190405674715, 89.937900000004447 ], [ 104.103153430593579, -2.416510381696768, 92.108300000007148 ], [ 104.103796326589233, -2.417417956291669, 85.597099999999045 ], [ 104.104053503144982, -2.417781044217735, 42.798599999994622 ], [ 104.104256462218672, -2.418024334704317, 41.995699999999488 ], [ 104.104298073503045, -2.418068685209067, 42.397100000001956 ], [ 104.104348939550547, -2.418020620240111, 28.532399999996414 ], [ 104.104996508373603, -2.417438823635434, 28.532399999996414 ], [ 104.104380755565231, -2.416968021135721, 85.597099999999045 ] ] ] } },
{ "type": "Feature", "properties": { "FID": 310, "OBJECTID": 56, "NIB": "56", "NO": 56, "NAMA": "Rojal 3", "LOKASI_LAH": "APL", "STATUS": "Tidak dijual", "Lokasi_2": "Barat", "NIB_1": "56", "KETERANGAN": " ", "Luas_Acad": 1.063269402, "long": 104.096888815, "lat": -2.4166366879500001 }, "geometry": { "type": "Polygon", "coordinates": [ [ [ 104.096970888039095, -2.416112330358382, 64.481299999999464 ], [ 104.096769801915343, -2.416088899719486, 86.699399999997695 ], [ 104.096240860906249, -2.416745194128736, 78.280899999997928 ], [ 104.096563269817267, -2.416886466264814, 0.0 ], [ 104.097267582174126, -2.417194944398021, 38.074200000002747 ], [ 104.09768389413459, -2.416666286955544, 62.75789999999688 ], [ 104.096970888039095, -2.416112330358382, 64.481299999999464 ] ] ] } },
{ "type": "Feature", "properties": { "FID": 311, "OBJECTID": 50, "NIB": "50", "NO": 50, "NAMA": "POPO HARTOPO", "LOKASI_LAH": "APL", "STATUS": " ", "Lokasi_2": "Barat", "NIB_1": "50", "KETERANGAN": " ", "Luas_Acad": 2.6531767160499999, "long": 104.09557275, "lat": -2.41700217649 }, "geometry": { "type": "Polygon", "coordinates": [ [ [ 104.095810102256976, -2.416618561871267, 78.280899999997928 ], [ 104.095261883982843, -2.416030203459676, 52.187200000000303 ], [ 104.095122162261831, -2.416185686068115, 0.0 ], [ 104.094343863522255, -2.41705178852453, 0.0 ], [ 104.094919170096162, -2.417477337108196, 0.0 ], [ 104.094910086628218, -2.417613021315477, 0.0 ], [ 104.095548324701213, -2.418074796057072, 0.0 ], [ 104.096547383372425, -2.416908527937004, 0.0 ], [ 104.096563269817267, -2.416886466264814, 0.0 ], [ 104.096232400894095, -2.416755708993234, 78.280899999997928 ], [ 104.095810102256976, -2.416618561871267, 78.280899999997928 ] ] ] } },
{ "type": "Feature", "properties": { "FID": 312, "OBJECTID": 190, "NIB": "190", "NO": 190, "NAMA": "KUSMAR", "LOKASI_LAH": "LUAR IPPKH", "STATUS": "Lunas", "Lokasi_2": "Barat", "NIB_1": "190", "KETERANGAN": " ", "Luas_Acad": 1.36486679829, "long": 104.109181976, "lat": -2.4167314282799999 }, "geometry": { "type": "Polygon", "coordinates": [ [ [ 104.109987501513302, -2.416815275796656, 0.0 ], [ 104.110043997008532, -2.416035730126668, 0.0 ], [ 104.109065406412711, -2.41618838780684, 0.0 ], [ 104.109107864971207, -2.416359834930285, 0.0 ], [ 104.10911669750007, -2.416812499019435, 0.0 ], [ 104.108345036658491, -2.416962422091934, 0.0 ], [ 104.108131952101346, -2.417473613144516, 0.0 ], [ 104.109987501513302, -2.416815275796656, 0.0 ] ] ] } },
{ "type": "Feature", "properties": { "FID": 313, "OBJECTID": 189, "NIB": "189", "NO": 189, "NAMA": "EKO PURWANTO", "LOKASI_LAH": "LUAR IPPKH", "STATUS": "Lunas", "Lokasi_2": "Barat", "NIB_1": "189", "KETERANGAN": " ", "Luas_Acad": 0.49950972194799997, "long": 104.108774473, "lat": -2.4165132299200001 }, "geometry": { "type": "Polygon", "coordinates": [ [ [ 104.109053865466635, -2.416133745642683, 0.0 ], [ 104.108856996164874, -2.416000409038205, 0.0 ], [ 104.1084308047554, -2.416801605506636, 0.0 ], [ 104.108345036658491, -2.416962422091934, 0.0 ], [ 104.10911669750007, -2.416812499019435, 0.0 ], [ 104.109107864971207, -2.416359834930285, 0.0 ], [ 104.109065406412711, -2.41618838780684, 0.0 ], [ 104.109053865466635, -2.416133745642683, 0.0 ] ] ] } },
{ "type": "Feature", "properties": { "FID": 314, "OBJECTID": 188, "NIB": "188", "NO": 188, "NAMA": "RUIYANTO", "LOKASI_LAH": "LUAR IPPKH", "STATUS": "Lunas", "Lokasi_2": "Barat", "NIB_1": "188", "KETERANGAN": " ", "Luas_Acad": 1.7748414504800001, "long": 104.107604341, "lat": -2.4163170359300001 }, "geometry": { "type": "Polygon", "coordinates": [ [ [ 104.107286836261025, -2.415938923235823, 0.0 ], [ 104.106636096029561, -2.415911108953939, 0.0 ], [ 104.106256275386031, -2.416321905686455, 0.0 ], [ 104.107409169844658, -2.416576543488405, 0.0 ], [ 104.108420975664899, -2.416797443261903, 0.0 ], [ 104.1084308047554, -2.416801605506636, 0.0 ], [ 104.108856996164874, -2.416000409038205, 0.0 ], [ 104.107286836261025, -2.415938923235823, 0.0 ] ] ] } },
{ "type": "Feature", "properties": { "FID": 315, "OBJECTID": 75, "NIB": "75", "NO": 75, "NAMA": "MARSO", "LOKASI_LAH": "APL", "STATUS": "Lunas", "Lokasi_2": "Barat", "NIB_1": "75", "KETERANGAN": " ", "Luas_Acad": 1.6794902255099999, "long": 104.10274465000001, "lat": -2.4161809835899999 }, "geometry": { "type": "Polygon", "coordinates": [ [ [ 104.103263676990139, -2.415736722598799, 49.309800000002724 ], [ 104.102846449687604, -2.415596527854778, 98.619500000000698 ], [ 104.102583818863835, -2.415618891684379, 98.619500000000698 ], [ 104.10170808350982, -2.415993886832957, 69.794299999994109 ], [ 104.102571028428912, -2.416912977862485, 69.794299999994109 ], [ 104.103153430593579, -2.416510381696768, 92.108300000007148 ], [ 104.10353586794966, -2.416190405674715, 89.937900000004447 ], [ 104.103381530315303, -2.415896373868682, 49.309800000002724 ], [ 104.103263676990139, -2.415736722598799, 49.309800000002724 ] ] ] } },
{ "type": "Feature", "properties": { "FID": 316, "OBJECTID": 72, "NIB": "72", "NO": 72, "NAMA": "DAUD 3", "LOKASI_LAH": "IPPKH - APL", "STATUS": "Lunas", "Lokasi_2": "Barat", "NIB_1": "72", "KETERANGAN": " ", "Luas_Acad": 8.8412857213000002, "long": 104.101257961, "lat": -2.4174089037300002 }, "geometry": { "type": "Polygon", "coordinates": [ [ [ 104.099168156428121, -2.415787241757181, 40.968999999997322 ], [ 104.098865389268255, -2.415546244523651, 40.738500000006752 ], [ 104.098836292356737, -2.41559129244187, 27.005300000004354 ], [ 104.098815400682241, -2.415632997894888, 20.484500000005937 ], [ 104.09864060637257, -2.416036400260734, 38.273600000000442 ], [ 104.099231680234411, -2.416567269955955, 76.547300000005635 ], [ 104.09970555149215, -2.416986982501282, 76.547300000005635 ], [ 104.100806352395381, -2.417972498782663, 76.547300000005635 ], [ 104.101622487848985, -2.418683081778862, 40.968999999997322 ], [ 104.102592989193397, -2.419530982105461, 40.968999999997322 ], [ 104.103519778037082, -2.418612824410306, 20.484500000005937 ], [ 104.103416697693106, -2.418555558730128, 0.0 ], [ 104.103249293583673, -2.418170557500261, 20.484500000005937 ], [ 104.10323840698679, -2.418152516082477, 20.484500000005937 ], [ 104.102732967474438, -2.417229981773874, 40.968999999997322 ], [ 104.102571028428912, -2.416912977862485, 69.794299999994109 ], [ 104.10170808350982, -2.415993886832957, 69.794299999994109 ], [ 104.101619012277965, -2.415899019722512, 3.647500000006403 ], [ 104.101341990439664, -2.416041009347643, 40.968999999997322 ], [ 104.100765985560059, -2.416401011996354, 40.968999999997322 ], [ 104.100603963824597, -2.416831003256202, 40.968999999997322 ], [ 104.100335994547535, -2.416755985155748, 40.968999999997322 ], [ 104.099686564428765, -2.416332782540206, 40.968999999997322 ], [ 104.099487410131928, -2.416041428208496, 40.968999999997322 ], [ 104.099168156428121, -2.415787241757181, 40.968999999997322 ] ] ] } },
{ "type": "Feature", "properties": { "FID": 317, "OBJECTID": 52, "NIB": "52", "NO": 52, "NAMA": "SAMIRSA", "LOKASI_LAH": "APL", "STATUS": " ", "Lokasi_2": "Barat", "NIB_1": "52", "KETERANGAN": " ", "Luas_Acad": 2.09035227662, "long": 104.093465155, "lat": -2.4164823497899999 }, "geometry": { "type": "Polygon", "coordinates": [ [ [ 104.093773808395909, -2.415998647878427, 0.0 ], [ 104.093203147284711, -2.415522623708548, 0.0 ], [ 104.09266555652259, -2.416215163159455, 0.0 ], [ 104.093144844862778, -2.417067759814126, 0.0 ], [ 104.093403855400453, -2.417374959102951, 0.0 ], [ 104.093461902617051, -2.417411518647615, 0.0 ], [ 104.094265930154634, -2.416939918432823, 0.0 ], [ 104.094050558344307, -2.416225138593898, 0.0 ], [ 104.093773808395909, -2.415998647878427, 0.0 ] ] ] } },
{ "type": "Feature", "properties": { "FID": 318, "OBJECTID": 55, "NIB": "55", "NO": 55, "NAMA": "WANDENG", "LOKASI_LAH": "APL", "STATUS": " ", "Lokasi_2": "Barat", "NIB_1": "55", "KETERANGAN": " ", "Luas_Acad": 1.32331879662, "long": 104.095844361, "lat": -2.4160377698 }, "geometry": { "type": "Polygon", "coordinates": [ [ [ 104.095738889770104, -2.415505853501038, 95.117899999997462 ], [ 104.09565012462366, -2.415464433884439, 69.359500000005937 ], [ 104.095189964836294, -2.415985829799931, 78.280899999997928 ], [ 104.095261883982843, -2.416030203459676, 52.187200000000303 ], [ 104.095810102256976, -2.416618561871267, 78.280899999997928 ], [ 104.096232400894095, -2.416755708993234, 78.280899999997928 ], [ 104.096240860906249, -2.416745194128736, 78.280899999997928 ], [ 104.096769801915343, -2.416088899719486, 86.699399999997695 ], [ 104.095738889770104, -2.415505853501038, 95.117899999997462 ] ] ] } },
{ "type": "Feature", "properties": { "FID": 319, "OBJECTID": 51, "NIB": "51", "NO": 51, "NAMA": "WIDIA", "LOKASI_LAH": "APL", "STATUS": " ", "Lokasi_2": "Barat", "NIB_1": "51", "KETERANGAN": " ", "Luas_Acad": 1.24228110011, "long": 104.094436898, "lat": -2.4162203473899999 }, "geometry": { "type": "Polygon", "coordinates": [ [ [ 104.095122162261831, -2.416185686068115, 0.0 ], [ 104.09424889656718, -2.415442542228878, 0.0 ], [ 104.093773808395909, -2.415998647878427, 0.0 ], [ 104.094050558344307, -2.416225138593898, 0.0 ], [ 104.094265930154634, -2.416939918432823, 0.0 ], [ 104.094343863522255, -2.41705178852453, 0.0 ], [ 104.095122162261831, -2.416185686068115, 0.0 ] ] ] } },
{ "type": "Feature", "properties": { "FID": 320, "OBJECTID": 79, "NIB": "79", "NO": 79, "NAMA": "YAHUNA", "LOKASI_LAH": "IPPKH - APL", "STATUS": "Lunas", "Lokasi_2": "Barat", "NIB_1": "79", "KETERANGAN": " ", "Luas_Acad": 6.9244219197000003, "long": 104.099567763, "lat": -2.4175650928099999 }, "geometry": { "type": "Polygon", "coordinates": [ [ [ 104.097403279900604, -2.415451814306275, 56.062799999999697 ], [ 104.097383445277714, -2.415439873874043, 44.868400000006659 ], [ 104.096970888039095, -2.416112330358382, 64.481299999999464 ], [ 104.09768389413459, -2.416666286955544, 62.757899999997107 ], [ 104.098413476967323, -2.417232457548665, 94.136899999997922 ], [ 104.100550716176755, -2.418890996636451, 85.142600000006723 ], [ 104.100995559509357, -2.419236202056841, 88.140700000003562 ], [ 104.10202241931718, -2.420033061900077, 94.136899999997922 ], [ 104.102579438688053, -2.419553992546817, 94.136899999997922 ], [ 104.100806352395381, -2.417972498782663, 76.547300000005862 ], [ 104.09970555149215, -2.416986982501265, 76.547300000005862 ], [ 104.099231680234411, -2.416567269955955, 76.547300000005862 ], [ 104.09864060637257, -2.416036400260717, 38.27360000000067 ], [ 104.098574034455481, -2.416190038836399, 37.375199999994948 ], [ 104.097403279900604, -2.415451814306275, 56.062799999999697 ] ] ] } },
{ "type": "Feature", "properties": { "FID": 321, "OBJECTID": 74, "NIB": "74", "NO": 74, "NAMA": "TOMO 2", "LOKASI_LAH": "APL", "STATUS": "Lunas", "Lokasi_2": "Barat", "NIB_1": "74", "KETERANGAN": " ", "Luas_Acad": 1.5206978146000001, "long": 104.09963899500001, "lat": -2.4157530336000002 }, "geometry": { "type": "Polygon", "coordinates": [ [ [ 104.099480426532907, -2.415182694652336, 68.962299999999232 ], [ 104.099441598407338, -2.415103667331776, 20.484500000005937 ], [ 104.099024980679999, -2.415323015297636, 24.212599999998929 ], [ 104.098865389268255, -2.415546244523633, 40.738500000006752 ], [ 104.099168156428135, -2.415787241757181, 40.968999999997322 ], [ 104.099487410131928, -2.416041428208479, 40.968999999997322 ], [ 104.099686564428779, -2.416332782540206, 40.968999999997322 ], [ 104.100335994547535, -2.416755985155748, 40.968999999997322 ], [ 104.100603963824597, -2.416831003256186, 40.968999999997322 ], [ 104.100765985560059, -2.416401011996354, 40.968999999997322 ], [ 104.100612901872978, -2.416268972779606, 40.968999999997322 ], [ 104.100450231267502, -2.416096989839387, 40.968999999997322 ], [ 104.100073537500549, -2.415888680239392, 40.968999999997322 ], [ 104.099920730163916, -2.41576193400754, 40.968999999997322 ], [ 104.099580261070244, -2.415173715130921, 40.968999999997322 ], [ 104.099523466911137, -2.415178822678152, 68.962299999999232 ], [ 104.099480426532907, -2.415182694652336, 68.962299999999232 ] ] ] } },
{ "type": "Feature", "properties": { "FID": 322, "OBJECTID": 69, "NIB": "69", "NO": 69, "NAMA": "MAULANA", "LOKASI_LAH": "APL", "STATUS": "Lunas", "Lokasi_2": "Barat", "NIB_1": "69", "KETERANGAN": " ", "Luas_Acad": 1.1015861421699999, "long": 104.096595517, "lat": -2.4156037344899999 }, "geometry": { "type": "Polygon", "coordinates": [ [ [ 104.097267966524882, -2.41536701965764, 16.836999999999534 ], [ 104.096631025396988, -2.415088992395687, 19.105999999999767 ], [ 104.096320978892848, -2.415187982938121, 31.166500000006636 ], [ 104.096174965759403, -2.415372971465481, 33.673999999999069 ], [ 104.095738889770104, -2.415505853501038, 95.117899999997462 ], [ 104.096769801915343, -2.416088899719486, 86.699399999997695 ], [ 104.096970888039095, -2.416112330358382, 64.481299999999464 ], [ 104.097383445277714, -2.415439873874043, 44.868400000006659 ], [ 104.097267966524882, -2.41536701965764, 16.836999999999534 ] ] ] } },
{ "type": "Feature", "properties": { "FID": 323, "OBJECTID": 225, "NIB": "225", "NO": 225, "NAMA": "LUKMAN", "LOKASI_LAH": "LUAR IPPKH", "STATUS": "Lunas", "Lokasi_2": "Barat", "NIB_1": "225", "KETERANGAN": " ", "Luas_Acad": 1.9834483280699999, "long": 104.10876619, "lat": -2.41566763334 }, "geometry": { "type": "Polygon", "coordinates": [ [ [ 104.110090270986433, -2.415647345506884, 0.0 ], [ 104.108398168816066, -2.41506546720357, 0.0 ], [ 104.108283329661262, -2.415451617214536, 0.0 ], [ 104.107278563363366, -2.415813121580522, 0.0 ], [ 104.107286836261025, -2.415938923235823, 0.0 ], [ 104.108856996164874, -2.416000409038205, 0.0 ], [ 104.108892816619743, -2.416003394340538, 0.0 ], [ 104.109053865466635, -2.416133745642683, 0.0 ], [ 104.109065406412711, -2.41618838780684, 0.0 ], [ 104.110043997008532, -2.416035730126668, 0.0 ], [ 104.110061873780623, -2.416035437049084, 0.0 ], [ 104.110090270986433, -2.415647345506884, 0.0 ] ] ] } },
{ "type": "Feature", "properties": { "FID": 324, "OBJECTID": 54, "NIB": "54", "NO": 54, "NAMA": "Andi", "LOKASI_LAH": "APL", "STATUS": " ", "Lokasi_2": "Barat", "NIB_1": "54", "KETERANGAN": " ", "Luas_Acad": 1.00134141528, "long": 104.09503899400001, "lat": -2.4156358603800001 }, "geometry": { "type": "Polygon", "coordinates": [ [ [ 104.09511714065475, -2.415213531310376, 22.449299999992945 ], [ 104.094637976245593, -2.414986984869602, 8.418499999999767 ], [ 104.09424889656718, -2.415442542228878, 0.0 ], [ 104.095122162261831, -2.416185686068115, 0.0 ], [ 104.095261883982843, -2.416030203459676, 52.187200000000303 ], [ 104.095189964836294, -2.415985829799931, 78.280899999997928 ], [ 104.09565012462366, -2.415464433884439, 69.359500000005937 ], [ 104.09511714065475, -2.415213531310376, 22.449299999992945 ] ] ] } },
{ "type": "Feature", "properties": { "FID": 325, "OBJECTID": 53, "NIB": "53", "NO": 53, "NAMA": "ARAHAP", "LOKASI_LAH": "APL", "STATUS": " ", "Lokasi_2": "Barat", "NIB_1": "53", "KETERANGAN": " ", "Luas_Acad": 1.1747906957600001, "long": 104.093927972, "lat": -2.4152852616699998 }, "geometry": { "type": "Polygon", "coordinates": [ [ [ 104.094637976245593, -2.414986984869602, 8.418499999999767 ], [ 104.093933493973296, -2.414606847866791, 16.836999999999534 ], [ 104.093203147284711, -2.415522623708548, 0.0 ], [ 104.093773808395909, -2.415998647878427, 0.0 ], [ 104.09424889656718, -2.415442542228878, 0.0 ], [ 104.094637976245593, -2.414986984869602, 8.418499999999767 ] ] ] } },
{ "type": "Feature", "properties": { "FID": 326, "OBJECTID": 58, "NIB": "58", "NO": 58, "NAMA": "SUHADI 2", "LOKASI_LAH": "APL", "STATUS": "Lunas", "Lokasi_2": "Barat", "NIB_1": "58", "KETERANGAN": " ", "Luas_Acad": 1.90651957563, "long": 104.097790324, "lat": -2.41533997278 }, "geometry": { "type": "Polygon", "coordinates": [ [ [ 104.097790097192288, -2.414790091553425, 20.023499999995693 ], [ 104.097157996153598, -2.414427995874873, 21.230299999995623 ], [ 104.096861025123715, -2.41482999195035, 11.822000000000116 ], [ 104.096631025397002, -2.41508899239567, 19.105999999999767 ], [ 104.097267966524882, -2.41536701965764, 16.836999999999762 ], [ 104.097383445277714, -2.415439873874043, 44.868400000006659 ], [ 104.097403279900604, -2.415451814306275, 56.062799999999697 ], [ 104.098574034455481, -2.416190038836399, 37.375199999994948 ], [ 104.09864060637257, -2.416036400260717, 38.27360000000067 ], [ 104.098815400682241, -2.415632997894888, 20.484500000005937 ], [ 104.098836292356737, -2.41559129244187, 27.005300000004581 ], [ 104.097790097192288, -2.414790091553425, 20.023499999995693 ] ] ] } },
{ "type": "Feature", "properties": { "FID": 327, "OBJECTID": 88, "NIB": "88", "NO": 88, "NAMA": "NN", "LOKASI_LAH": " ", "STATUS": " ", "Lokasi_2": "Barat", "NIB_1": "88", "KETERANGAN": " ", "Luas_Acad": 7.9787370609900004, "long": 104.10553087700001, "lat": -2.4161887557 }, "geometry": { "type": "Polygon", "coordinates": [ [ [ 104.107994768390256, -2.414682322358801, 0.0 ], [ 104.108279838927658, -2.414283796574152, 0.0 ], [ 104.107521737827113, -2.41529462685909, 0.0 ], [ 104.106827564622378, -2.415161544169551, 0.0 ], [ 104.106263366580123, -2.414822631919995, 0.0 ], [ 104.104899444279852, -2.414445576869512, 0.0 ], [ 104.104715184914582, -2.414656933299839, 0.0 ], [ 104.104698052341803, -2.415151206866395, 0.0 ], [ 104.103933031780699, -2.416275701939168, 0.0 ], [ 104.103760112101909, -2.416248222963036, 0.0 ], [ 104.103511285094527, -2.416072148557459, 0.0 ], [ 104.103381530315303, -2.415896373868682, 49.309800000002724 ], [ 104.10353586794966, -2.416190405674715, 89.937900000004447 ], [ 104.104380755565231, -2.416968021135721, 85.597099999999045 ], [ 104.104996508373603, -2.417438823635434, 28.532399999996414 ], [ 104.105245662102405, -2.417568551635926, 38.709199999997509 ], [ 104.10560380106071, -2.417095476237696, 90.321500000005472 ], [ 104.107347111247947, -2.417388907487108, 45.160799999997835 ], [ 104.105644397694036, -2.417000004008993, 0.0 ], [ 104.106247199778878, -2.416316666543753, 0.0 ], [ 104.106256275386031, -2.416321905686455, 0.0 ], [ 104.106636096029561, -2.415911108953939, 0.0 ], [ 104.107286836261025, -2.415938923235823, 0.0 ], [ 104.107278563363366, -2.415813121580522, 0.0 ], [ 104.108283329661262, -2.415451617214536, 0.0 ], [ 104.108398168816066, -2.41506546720357, 0.0 ], [ 104.107994768390256, -2.414682322358801, 0.0 ] ] ] } },
{ "type": "Feature", "properties": { "FID": 328, "OBJECTID": 224, "NIB": "224", "NO": 224, "NAMA": "NUJA", "LOKASI_LAH": "LUAR IPPKH", "STATUS": "Lunas", "Lokasi_2": "Barat", "NIB_1": "224", "KETERANGAN": " ", "Luas_Acad": 1.2894824949699999, "long": 104.107308637, "lat": -2.4147707145799999 }, "geometry": { "type": "Polygon", "coordinates": [ [ [ 104.108279838927658, -2.414283796574152, 0.0 ], [ 104.108309626344408, -2.41424276884625, 0.0 ], [ 104.10778415815318, -2.414303479456356, 0.0 ], [ 104.107633245043175, -2.414321200588707, 0.0 ], [ 104.107621273601211, -2.41431856933283, 0.0 ], [ 104.106263366580123, -2.414822631919995, 0.0 ], [ 104.106827564622378, -2.415161544169551, 0.0 ], [ 104.107521737827113, -2.41529462685909, 0.0 ], [ 104.108279838927658, -2.414283796574152, 0.0 ] ] ] } },
{ "type": "Feature", "properties": { "FID": 329, "OBJECTID": 223, "NIB": "223", "NO": 223, "NAMA": "GUNADI", "LOKASI_LAH": "LUAR IPPKH", "STATUS": "Lunas", "Lokasi_2": "Barat", "NIB_1": "223", "KETERANGAN": " ", "Luas_Acad": 2.0000465684900002, "long": 104.103852426, "lat": -2.41527748126 }, "geometry": { "type": "Polygon", "coordinates": [ [ [ 104.104899444279852, -2.414445576869512, 0.0 ], [ 104.104433901290633, -2.414127379750462, 0.0 ], [ 104.104209376392944, -2.41441077202149, 0.0 ], [ 104.103255411138591, -2.415725524447425, 0.0 ], [ 104.103263676990139, -2.415736722598799, 49.309800000002724 ], [ 104.103305021270941, -2.415750614900785, 98.619500000000698 ], [ 104.103381530315303, -2.415896373868682, 49.309800000002724 ], [ 104.103511285094527, -2.416072148557459, 0.0 ], [ 104.103760112101909, -2.416248222963036, 0.0 ], [ 104.103933031780699, -2.416275701939168, 0.0 ], [ 104.104698052341803, -2.415151206866395, 0.0 ], [ 104.104715184914582, -2.414656933299839, 0.0 ], [ 104.104899444279852, -2.414445576869512, 0.0 ] ] ] } },
{ "type": "Feature", "properties": { "FID": 330, "OBJECTID": 60, "NIB": "60", "NO": 60, "NAMA": "FAUZAN", "LOKASI_LAH": "APL", "STATUS": "Lunas", "Lokasi_2": "Barat", "NIB_1": "60", "KETERANGAN": " ", "Luas_Acad": 1.2852770893100001, "long": 104.098367775, "lat": -2.4149468505899998 }, "geometry": { "type": "Polygon", "coordinates": [ [ [ 104.098359960677513, -2.41450795884744, 20.023499999995693 ], [ 104.09769401877999, -2.413945029898773, 20.023499999995693 ], [ 104.097157996153598, -2.41442799587489, 21.230299999995623 ], [ 104.097790097192288, -2.414790091553425, 20.023499999995693 ], [ 104.098836292356737, -2.41559129244187, 27.005300000004354 ], [ 104.098865389268255, -2.415546244523651, 40.738500000006752 ], [ 104.099024980679999, -2.415323015297652, 24.212599999998929 ], [ 104.098359960677513, -2.41450795884744, 20.023499999995693 ] ] ] } },
{ "type": "Feature", "properties": { "FID": 331, "OBJECTID": 71, "NIB": "71", "NO": 71, "NAMA": "DAUD 2", "LOKASI_LAH": "APL", "STATUS": "Lunas", "Lokasi_2": "Barat", "NIB_1": "71", "KETERANGAN": " ", "Luas_Acad": 2.1344946576599999, "long": 104.09527806600001, "lat": -2.4148054509399999 }, "geometry": { "type": "Polygon", "coordinates": [ [ [ 104.094964032518732, -2.414118032642644, 28.658999999999651 ], [ 104.094619033798722, -2.413777978928428, 30.330700000005891 ], [ 104.093933493973296, -2.414606847866791, 16.836999999999534 ], [ 104.094637976245593, -2.414986984869602, 8.418499999999767 ], [ 104.09511714065475, -2.415213531310376, 22.449299999992945 ], [ 104.09565012462366, -2.415464433884439, 69.359500000005937 ], [ 104.095738889770104, -2.415505853501038, 95.117899999997462 ], [ 104.096174965759403, -2.415372971465481, 33.673999999999069 ], [ 104.096320978892848, -2.415187982938121, 31.166500000006636 ], [ 104.095284975265571, -2.414389019242861, 28.658999999999651 ], [ 104.094964032518732, -2.414118032642644, 28.658999999999651 ] ] ] } },
{ "type": "Feature", "properties": { "FID": 332, "OBJECTID": 59, "NIB": "59", "NO": 59, "NAMA": "SUHADI 3", "LOKASI_LAH": "APL", "STATUS": "Lunas", "Lokasi_2": "Barat", "NIB_1": "59", "KETERANGAN": " ", "Luas_Acad": 1.1631137414399999, "long": 104.098584523, "lat": -2.41449555167 }, "geometry": { "type": "Polygon", "coordinates": [ [ [ 104.098709988497077, -2.414176035592263, 48.477700000003097 ], [ 104.098271856871563, -2.413703182577559, 48.477700000003097 ], [ 104.097703992829381, -2.413912005890085, 7.881299999993644 ], [ 104.09769401877999, -2.413945029898773, 20.023499999995693 ], [ 104.098359960677513, -2.41450795884744, 20.023499999995693 ], [ 104.099024980679999, -2.415323015297652, 24.212599999998929 ], [ 104.099429068787884, -2.415110264141672, 20.484500000005937 ], [ 104.099440975005095, -2.415103995937712, 48.477700000003097 ], [ 104.099255985799275, -2.414833009182598, 48.477700000003097 ], [ 104.098709988497077, -2.414176035592263, 48.477700000003097 ] ] ] } },
{ "type": "Feature", "properties": { "FID": 333, "OBJECTID": 57, "NIB": "57", "NO": 57, "NAMA": "Suhadi 1", "LOKASI_LAH": "APL", "STATUS": "Lunas", "Lokasi_2": "Barat", "NIB_1": "57", "KETERANGAN": " ", "Luas_Acad": 3.4075643857000002, "long": 104.096303232, "lat": -2.4142449127100001 }, "geometry": { "type": "Polygon", "coordinates": [ [ [ 104.095099986974859, -2.413354022545297, 23.644000000000233 ], [ 104.095004719595153, -2.413284118104453, 23.644000000000233 ], [ 104.094619033798722, -2.413777978928428, 30.330700000005891 ], [ 104.094964032518732, -2.414118032642644, 28.658999999999651 ], [ 104.095284975265571, -2.414389019242861, 28.658999999999651 ], [ 104.096320978892848, -2.415187982938121, 31.166500000006636 ], [ 104.096631025396988, -2.415088992395687, 19.105999999999767 ], [ 104.096861025123715, -2.41482999195035, 11.822000000000116 ], [ 104.097157996153598, -2.41442799587489, 21.230299999995623 ], [ 104.097703992829381, -2.413912005890085, 7.881299999993644 ], [ 104.097017515189791, -2.413405649624034, 5.910999999992782 ], [ 104.096588481696131, -2.41363272863613, 11.822000000000116 ], [ 104.09616042696662, -2.413818402653806, 11.822000000000116 ], [ 104.096032976580659, -2.413793988191125, 15.762700000006589 ], [ 104.095885958408857, -2.413901025579205, 23.644000000000233 ], [ 104.09567900924749, -2.414023987285901, 23.644000000000233 ], [ 104.095099986974859, -2.413354022545297, 23.644000000000233 ] ] ] } },
{ "type": "Feature", "properties": { "FID": 334, "OBJECTID": 61, "NIB": "61", "NO": 61, "NAMA": "SAMSUL/SAFRAN", "LOKASI_LAH": "APL", "STATUS": "Lunas", "Lokasi_2": "Barat", "NIB_1": "61", "KETERANGAN": " ", "Luas_Acad": 3.1334780875399999, "long": 104.099482325, "lat": -2.4140802591099999 }, "geometry": { "type": "Polygon", "coordinates": [ [ [ 104.100614436829261, -2.413935096965563, 96.955499999996164 ], [ 104.099032231648607, -2.412929934390864, 55.836699999999837 ], [ 104.098449561816452, -2.413522470021423, 37.224499999996851 ], [ 104.098271856871563, -2.413703182577559, 48.477700000003324 ], [ 104.098709988497077, -2.414176035592246, 48.477700000003324 ], [ 104.099255985799275, -2.414833009182598, 48.477700000003324 ], [ 104.099440975005095, -2.415103995937712, 48.477700000003324 ], [ 104.099480426532907, -2.415182694652336, 68.962299999999232 ], [ 104.099523466911137, -2.415178822678152, 68.962299999999232 ], [ 104.099580261070244, -2.415173715130905, 70.127413115153558 ], [ 104.099818540216418, -2.414944343026703, 78.145242523927436 ], [ 104.100614436829261, -2.413935096965563, 96.955499999996164 ] ] ] } },
{ "type": "Feature", "properties": { "FID": 335, "OBJECTID": 237, "NIB": "237", "NO": 237, "NAMA": "SELADONG", "LOKASI_LAH": "APL", "STATUS": "Lunas", "Lokasi_2": "Barat", "NIB_1": "237", "KETERANGAN": " ", "Luas_Acad": 0.99033488452399998, "long": 104.09397615, "lat": -2.4136265950400002 }, "geometry": { "type": "Polygon", "coordinates": [ [ [ 104.094496229745943, -2.413707085378271, 9.812000000005355 ], [ 104.093915958719307, -2.412926318507973, 7.35899999999674 ], [ 104.093684124677822, -2.413148223042378, 0.0 ], [ 104.093413537496048, -2.413512503021856, 0.0 ], [ 104.093967890079824, -2.414401424095497, 0.0 ], [ 104.094496229745943, -2.413707085378271, 9.812000000005355 ] ] ] } },
{ "type": "Feature", "properties": { "FID": 336, "OBJECTID": 241, "NIB": "241", "NO": 241, "NAMA": "ASMEWA", "LOKASI_LAH": "LUAR IPPKH", "STATUS": "Lunas", "Lokasi_2": "Barat", "NIB_1": "241", "KETERANGAN": " ", "Luas_Acad": 1.4181373097000001, "long": 104.086928359, "lat": -2.4140392552000001 }, "geometry": { "type": "Polygon", "coordinates": [ [ [ 104.087412685683219, -2.413363220409874, 0.0 ], [ 104.086947542498848, -2.412834412040878, 0.0 ], [ 104.086750994250977, -2.413136641926897, 0.0 ], [ 104.086497247106067, -2.414381715691645, 0.0 ], [ 104.086719592939232, -2.415057041205184, 0.0 ], [ 104.086972841297282, -2.415273547380032, 0.0 ], [ 104.08711145767208, -2.415167341460575, 0.0 ], [ 104.087051251481867, -2.41400024010903, 0.0 ], [ 104.087412685683219, -2.413363220409874, 0.0 ] ] ] } },
{ "type": "Feature", "properties": { "FID": 337, "OBJECTID": 62, "NIB": "62", "NO": 62, "NAMA": "HERI", "LOKASI_LAH": "APL", "STATUS": "Lunas", "Lokasi_2": "Barat", "NIB_1": "62", "KETERANGAN": " ", "Luas_Acad": 0.98565907911299999, "long": 104.097806791, "lat": -2.4134369425000002 }, "geometry": { "type": "Polygon", "coordinates": [ [ [ 104.097920334929469, -2.41315986988594, 7.35899999999674 ], [ 104.097392502628637, -2.412802324592639, 4.906000000002678 ], [ 104.097151955438122, -2.413233678526765, 0.0 ], [ 104.097017515189791, -2.413405649624034, 5.910999999992782 ], [ 104.097703992829381, -2.413912005890085, 7.881299999993644 ], [ 104.098271856871563, -2.413703182577559, 48.477700000003097 ], [ 104.098449561816437, -2.413522470021423, 37.224499999996624 ], [ 104.097920334929469, -2.41315986988594, 7.35899999999674 ] ] ] } },
{ "type": "Feature", "properties": { "FID": 338, "OBJECTID": 70, "NIB": "70", "NO": 70, "NAMA": "DAUD 1", "LOKASI_LAH": "APL", "STATUS": "Lunas", "Lokasi_2": "Barat", "NIB_1": "70", "KETERANGAN": " ", "Luas_Acad": 0.70125521867399998, "long": 104.09552664100001, "lat": -2.4134295128600001 }, "geometry": { "type": "Polygon", "coordinates": [ [ [ 104.096032976580659, -2.413793988191125, 15.762700000006589 ], [ 104.095445991947145, -2.412780029705214, 7.881299999993644 ], [ 104.095004719595153, -2.413284118104453, 23.644000000000233 ], [ 104.095099986974859, -2.413354022545297, 23.644000000000233 ], [ 104.09567900924749, -2.414023987285901, 23.644000000000233 ], [ 104.095885958408857, -2.413901025579205, 23.644000000000233 ], [ 104.096032976580659, -2.413793988191125, 15.762700000006589 ] ] ] } },
{ "type": "Feature", "properties": { "FID": 339, "OBJECTID": 65, "NIB": "65", "NO": 65, "NAMA": "ANANG MUSTAR 1/IIS", "LOKASI_LAH": "APL", "STATUS": "Lunas", "Lokasi_2": "Barat", "NIB_1": "65", "KETERANGAN": " ", "Luas_Acad": 1.45675086979, "long": 104.09626314, "lat": -2.4131493867199998 }, "geometry": { "type": "Polygon", "coordinates": [ [ [ 104.09626710733869, -2.412753773245774, 0.0 ], [ 104.095670528328213, -2.412430212722198, 0.0 ], [ 104.095445991947145, -2.412780029705214, 7.881299999993644 ], [ 104.096032976580659, -2.413793988191125, 15.762700000006589 ], [ 104.09616042696662, -2.413818402653806, 11.822000000000116 ], [ 104.096588481696131, -2.41363272863613, 11.822000000000116 ], [ 104.097017515189791, -2.413405649624034, 5.910999999992782 ], [ 104.097151955438122, -2.413233678526765, 0.0 ], [ 104.09626710733869, -2.412753773245774, 0.0 ] ] ] } },
{ "type": "Feature", "properties": { "FID": 340, "OBJECTID": 238, "NIB": "238", "NO": 238, "NAMA": "MIJI", "LOKASI_LAH": "LUAR IPPKH", "STATUS": "Lunas", "Lokasi_2": "Barat", "NIB_1": "238", "KETERANGAN": " ", "Luas_Acad": 2.6406706013400001, "long": 104.091662963, "lat": -2.4133713111100001 }, "geometry": { "type": "Polygon", "coordinates": [ [ [ 104.091140655081233, -2.412771271797593, 0.0 ], [ 104.090524876429697, -2.412386203602971, 0.0 ], [ 104.090362878322523, -2.412578960149672, 0.0 ], [ 104.090299809638267, -2.412933150406382, 0.0 ], [ 104.090196854294788, -2.413017168346069, 0.0 ], [ 104.090305299496691, -2.413164220821941, 0.0 ], [ 104.090416443009502, -2.413162079285828, 0.0 ], [ 104.090531649086216, -2.413326124708182, 0.0 ], [ 104.090781019247316, -2.413492458504133, 0.0 ], [ 104.090996486192651, -2.413465709536876, 0.0 ], [ 104.091534227488395, -2.414129912385517, 0.0 ], [ 104.091975261528063, -2.414496246473752, 0.0 ], [ 104.091807088052562, -2.413661041838783, 0.0 ], [ 104.091971086611281, -2.413469276974781, 0.0 ], [ 104.092778513008668, -2.413612013085491, 0.0 ], [ 104.093028063666992, -2.413574585211976, 0.0 ], [ 104.093138995669307, -2.413688205185143, 0.0 ], [ 104.093278799815096, -2.413688959278558, 0.0 ], [ 104.093354470404478, -2.413473433487704, 0.0 ], [ 104.092968446370264, -2.413194655103402, 0.0 ], [ 104.092694641332656, -2.413242598998987, 0.0 ], [ 104.091887706340898, -2.412915324593955, 0.0 ], [ 104.091555352478338, -2.412993249963713, 0.0 ], [ 104.091140655081233, -2.412771271797593, 0.0 ] ] ] } },
{ "type": "Feature", "properties": { "FID": 341, "OBJECTID": 78, "NIB": "78", "NO": 78, "NAMA": "ANSORI", "LOKASI_LAH": "APL", "STATUS": "Lunas", "Lokasi_2": "Barat", "NIB_1": "78", "KETERANGAN": " ", "Luas_Acad": 1.1860304775899999, "long": 104.09676816299999, "lat": -2.4126455174700001 }, "geometry": { "type": "Polygon", "coordinates": [ [ [ 104.096616462757027, -2.412250542814883, 0.0 ], [ 104.096025678044157, -2.4118824419372, 0.0 ], [ 104.095670528328213, -2.412430212722198, 0.0 ], [ 104.09626710733869, -2.412753773245774, 0.0 ], [ 104.097151955438122, -2.413233678526765, 0.0 ], [ 104.097392502628637, -2.412802324592639, 4.906000000002678 ], [ 104.097206268097892, -2.412705088533581, 9.812000000005355 ], [ 104.097074719814202, -2.412636404739585, 9.812000000005355 ], [ 104.096969410174736, -2.412581420562598, 7.35899999999674 ], [ 104.097010171647327, -2.412495489716377, 3.67949999999837 ], [ 104.096616462757027, -2.412250542814883, 0.0 ] ] ] } },
{ "type": "Feature", "properties": { "FID": 342, "OBJECTID": 226, "NIB": "226", "NO": 226, "NAMA": "KAILANI", "LOKASI_LAH": "LUAR IPPKH", "STATUS": "Lunas", "Lokasi_2": "Barat", "NIB_1": "226", "KETERANGAN": " ", "Luas_Acad": 10.168290714499999, "long": 104.105472371, "lat": -2.4133759378000001 }, "geometry": { "type": "Polygon", "coordinates": [ [ [ 104.10791820744933, -2.413521518573369, 0.0 ], [ 104.106036302203663, -2.411871892531766, 0.0 ], [ 104.105769392695905, -2.412066560840396, 0.0 ], [ 104.105653484412471, -2.41214936142062, 0.0 ], [ 104.105518423439975, -2.412248651124929, 0.0 ], [ 104.10533762789828, -2.412383069840672, 0.0 ], [ 104.105209996975347, -2.412480210545602, 0.0 ], [ 104.104922938161522, -2.412688497662125, 0.0 ], [ 104.104782201244518, -2.412657161322936, 0.0 ], [ 104.104680345084716, -2.412689440774721, 0.0 ], [ 104.104509514748017, -2.412616959369673, 0.0 ], [ 104.104294254647044, -2.41255101868141, 0.0 ], [ 104.104275277455073, -2.412545325203743, 0.0 ], [ 104.104104893312666, -2.412481000874767, 0.0 ], [ 104.103987988883404, -2.412462831383713, 0.0 ], [ 104.103808188767957, -2.412354159804774, 0.0 ], [ 104.103637405932929, -2.412209310016694, 0.0 ], [ 104.103611127432089, -2.412195904468587, 0.0 ], [ 104.102858180639856, -2.41305451701048, 0.0 ], [ 104.104433901290633, -2.414127379750462, 0.0 ], [ 104.104899444279852, -2.414445576869512, 0.0 ], [ 104.106263366580123, -2.414822631919995, 0.0 ], [ 104.107621273601211, -2.41431856933283, 0.0 ], [ 104.107157869624857, -2.414090732628067, 0.0 ], [ 104.107726631005775, -2.413769335447169, 0.0 ], [ 104.10791820744933, -2.413521518573369, 0.0 ] ] ] } },
{ "type": "Feature", "properties": { "FID": 343, "OBJECTID": 80, "NIB": "80", "NO": 80, "NAMA": "ANANG MUSTAR 2/IIS", "LOKASI_LAH": "APL", "STATUS": "Lunas", "Lokasi_2": "Barat", "NIB_1": "80", "KETERANGAN": " ", "Luas_Acad": 2.7290577212599998, "long": 104.09823696799999, "lat": -2.41264043274 }, "geometry": { "type": "Polygon", "coordinates": [ [ [ 104.097880025222636, -2.411849234599786, 14.717999999993481 ], [ 104.09727317549418, -2.411671301726963, 8.830799999996088 ], [ 104.097010171647327, -2.412495489716377, 3.67949999999837 ], [ 104.096969410174736, -2.412581420562598, 7.35899999999674 ], [ 104.097074719814202, -2.412636404739585, 9.812000000005355 ], [ 104.097206268097892, -2.412705088533581, 9.812000000005355 ], [ 104.097392502628637, -2.412802324592639, 4.906000000002678 ], [ 104.097920334929469, -2.41315986988594, 7.35899999999674 ], [ 104.098449561816437, -2.413522470021423, 37.224499999996624 ], [ 104.099032231648607, -2.412929934390864, 55.836699999999837 ], [ 104.099081982578113, -2.412869223425441, 14.717999999993481 ], [ 104.099119016178193, -2.412813281197497, 14.717999999993481 ], [ 104.098602050621963, -2.412004602666373, 14.717999999993481 ], [ 104.0985688522007, -2.412090124333746, 14.717999999993481 ], [ 104.098551111117416, -2.412083920509738, 14.717999999993481 ], [ 104.097880025222636, -2.411849234599786, 14.717999999993481 ] ] ] } },
{ "type": "Feature", "properties": { "FID": 344, "OBJECTID": 89, "NIB": "89", "NO": 89, "NAMA": "NNNNNN", "LOKASI_LAH": " ", "STATUS": " ", "Lokasi_2": "Barat", "NIB_1": "89", "KETERANGAN": " ", "Luas_Acad": 3.0285935607300001, "long": 104.09176968600001, "lat": -2.4123521388900002 }, "geometry": { "type": "Polygon", "coordinates": [ [ [ 104.092710305267659, -2.412120614194516, 0.0 ], [ 104.091241594940442, -2.41142159693086, 0.0 ], [ 104.090524876429697, -2.412386203602971, 0.0 ], [ 104.091140655081233, -2.412771271797593, 0.0 ], [ 104.091555352478338, -2.412993249963713, 0.0 ], [ 104.091887706340898, -2.412915324593955, 0.0 ], [ 104.092694641332656, -2.413242598998987, 0.0 ], [ 104.092968446370264, -2.413194655103402, 0.0 ], [ 104.092934448174205, -2.413170102227129, 0.0 ], [ 104.092710305267659, -2.412120614194516, 0.0 ] ] ] } },
{ "type": "Feature", "properties": { "FID": 345, "OBJECTID": 239, "NIB": "239", "NO": 239, "NAMA": "AJIMAT", "LOKASI_LAH": "LUAR IPPKH", "STATUS": "Lunas", "Lokasi_2": "Barat", "NIB_1": "239", "KETERANGAN": " ", "Luas_Acad": 2.2079733954099998, "long": 104.090193751, "lat": -2.41204227338 }, "geometry": { "type": "Polygon", "coordinates": [ [ [ 104.090866372469918, -2.411352587174286, 0.0 ], [ 104.090503303328646, -2.411165279066991, 0.0 ], [ 104.090275470803377, -2.411427462064248, 0.0 ], [ 104.089932323882024, -2.411297529760006, 0.0 ], [ 104.089623519853347, -2.41208598470701, 0.0 ], [ 104.089154810300244, -2.412364991004224, 0.0 ], [ 104.089464759984665, -2.412724046539051, 0.0 ], [ 104.090299809638267, -2.412933150406382, 0.0 ], [ 104.090362878322523, -2.412578960149672, 0.0 ], [ 104.090524876429697, -2.412386203602971, 0.0 ], [ 104.091241594940442, -2.41142159693086, 0.0 ], [ 104.091028855148053, -2.411323691151085, 0.0 ], [ 104.090866372469918, -2.411352587174286, 0.0 ] ] ] } },
{ "type": "Feature", "properties": { "FID": 346, "OBJECTID": 242, "NIB": "242", "NO": 242, "NAMA": "SOL", "LOKASI_LAH": "LUAR IPPKH", "STATUS": "Lunas", "Lokasi_2": "Barat", "NIB_1": "242", "KETERANGAN": " ", "Luas_Acad": 2.7428872037300001, "long": 104.085269197, "lat": -2.4119777205199999 }, "geometry": { "type": "Polygon", "coordinates": [ [ [ 104.086358441484776, -2.412027385346493, 0.0 ], [ 104.086203063445254, -2.411105094261793, 0.0 ], [ 104.085998619653878, -2.411383679746239, 0.0 ], [ 104.085642720919793, -2.41145558123969, 0.0 ], [ 104.085390006327771, -2.411706880180239, 0.0 ], [ 104.085326874206771, -2.411986137180508, 0.0 ], [ 104.084892615505254, -2.412245454645948, 0.0 ], [ 104.084777381412692, -2.412104485347408, 0.0 ], [ 104.085018721221189, -2.411796596202194, 0.0 ], [ 104.084962582096111, -2.411590409061234, 0.0 ], [ 104.084250473854496, -2.411308556393178, 0.0 ], [ 104.083841864282917, -2.41221658805289, 0.0 ], [ 104.085018229134064, -2.412788593304905, 0.0 ], [ 104.08520051567865, -2.412510579331888, 0.0 ], [ 104.085510369397284, -2.412456603256161, 0.0 ], [ 104.08558916036705, -2.41248537754238, 0.0 ], [ 104.085771748729684, -2.412442025853826, 0.0 ], [ 104.085944677470479, -2.412197484619361, 0.0 ], [ 104.086163008493031, -2.41236603237381, 0.0 ], [ 104.086481987778299, -2.412316350014394, 0.0 ], [ 104.086760143825586, -2.412511836372298, 0.0 ], [ 104.086819996309529, -2.412335651639262, 0.0 ], [ 104.086358441484776, -2.412027385346493, 0.0 ] ] ] } },
{ "type": "Feature", "properties": { "FID": 347, "OBJECTID": 73, "NIB": "73", "NO": 73, "NAMA": "TOMO 1", "LOKASI_LAH": "APL", "STATUS": " ", "Lokasi_2": "Barat", "NIB_1": "73", "KETERANGAN": " ", "Luas_Acad": 3.0146440232399998, "long": 104.10231187700001, "lat": -2.4118540305599998 }, "geometry": { "type": "Polygon", "coordinates": [ [ [ 104.101920431964345, -2.410996002603037, 66.45339999999851 ], [ 104.101541845302407, -2.41093242917886, 66.45339999999851 ], [ 104.101389771351776, -2.411058972775691, 132.90679999999702 ], [ 104.101272724711947, -2.411257907887939, 132.90679999999702 ], [ 104.101209633367361, -2.411465924836986, 132.90679999999702 ], [ 104.101128584587045, -2.411628699670725, 132.90679999999702 ], [ 104.101127631794157, -2.411710113361755, 132.90679999999702 ], [ 104.101389284660272, -2.411800747458062, 132.90679999999702 ], [ 104.101679666492174, -2.411968291901815, 132.90679999999702 ], [ 104.101859454426702, -2.412095055749209, 132.90679999999702 ], [ 104.101973610232207, -2.412190114901137, 132.90679999999702 ], [ 104.10216236212149, -2.412362114869848, 132.90679999999702 ], [ 104.102728570643976, -2.412950483009262, 132.90679999999702 ], [ 104.103566380528463, -2.412173078803261, 88.604500000001281 ], [ 104.10327902947644, -2.411811334446655, 66.45339999999851 ], [ 104.103135799016272, -2.411630031064853, 44.302299999995739 ], [ 104.103071244462967, -2.41154857392461, 66.45339999999851 ], [ 104.102999319757274, -2.411512342103689, 66.45339999999851 ], [ 104.102837471410055, -2.411457958606752, 66.45339999999851 ], [ 104.10263969630185, -2.41133118296293, 66.45339999999851 ], [ 104.102477871714257, -2.41124061529449, 66.45339999999851 ], [ 104.10229804820338, -2.411168127758435, 66.45339999999851 ], [ 104.10219914884118, -2.411122831985582, 66.45339999999851 ], [ 104.10207328723456, -2.411049475607904, 66.45339999999851 ], [ 104.101920431964345, -2.410996002603037, 66.45339999999851 ] ] ] } },
{ "type": "Feature", "properties": { "FID": 348, "OBJECTID": 240, "NIB": "240", "NO": 240, "NAMA": "YUSUP& MAIL", "LOKASI_LAH": "LUAR IPPKH", "STATUS": "Lunas", "Lokasi_2": "Barat", "NIB_1": "240", "KETERANGAN": " ", "Luas_Acad": 6.2444197201299998, "long": 104.088370889, "lat": -2.4118644694200002 }, "geometry": { "type": "Polygon", "coordinates": [ [ [ 104.089828872348448, -2.410991601121009, 0.0 ], [ 104.089330706384231, -2.410797753981018, 0.0 ], [ 104.088997109829748, -2.410851995586174, 0.0 ], [ 104.087868182981694, -2.410990896819637, 0.0 ], [ 104.087347112856122, -2.411327589758623, 0.0 ], [ 104.086914870975946, -2.41163129818542, 0.0 ], [ 104.086718109192972, -2.411815849483633, 0.0 ], [ 104.086358441484776, -2.412027385346493, 0.0 ], [ 104.086819996309529, -2.412335651639262, 0.0 ], [ 104.086760143825586, -2.412511836372298, 0.0 ], [ 104.086808589815334, -2.41259588379295, 0.0 ], [ 104.086944641965331, -2.412679542558189, 0.0 ], [ 104.087233087119827, -2.412887976119495, 0.0 ], [ 104.08812120934445, -2.412978537514562, 0.0 ], [ 104.089154810300244, -2.412364991004224, 0.0 ], [ 104.089623519853347, -2.41208598470701, 0.0 ], [ 104.089932323882024, -2.411297529760006, 0.0 ], [ 104.090275470803377, -2.411427462064248, 0.0 ], [ 104.090503303328646, -2.411165279066991, 0.0 ], [ 104.089828872348448, -2.410991601121009, 0.0 ] ] ] } },
{ "type": "Feature", "properties": { "FID": 349, "OBJECTID": 82, "NIB": "82", "NO": 82, "NAMA": "IRWANDI 2", "LOKASI_LAH": "APL", "STATUS": " ", "Lokasi_2": "Barat", "NIB_1": "82", "KETERANGAN": " ", "Luas_Acad": 0.67184093581600002, "long": 104.097594718, "lat": -2.4113325798099998 }, "geometry": { "type": "Polygon", "coordinates": [ [ [ 104.097957978549758, -2.411099606020818, 14.717999999993481 ], [ 104.097243037012163, -2.41078469596245, 8.830799999996088 ], [ 104.09727317549418, -2.411671301726963, 8.830799999996088 ], [ 104.097880025222636, -2.411849234599786, 14.717999999993481 ], [ 104.097957978549758, -2.411099606020818, 14.717999999993481 ] ] ] } },
{ "type": "Feature", "properties": { "FID": 350, "OBJECTID": 63, "NIB": "63", "NO": 63, "NAMA": "IRWANDI 1", "LOKASI_LAH": "APL", "STATUS": " ", "Lokasi_2": "Barat", "NIB_1": "63", "KETERANGAN": " ", "Luas_Acad": 1.3268304749399999, "long": 104.098432626, "lat": -2.41136006731 }, "geometry": { "type": "Polygon", "coordinates": [ [ [ 104.099076580730582, -2.411091385297906, 14.717999999993481 ], [ 104.097999372360462, -2.410624052230328, 14.717999999993481 ], [ 104.097957978549758, -2.411099606020818, 14.717999999993481 ], [ 104.097880025222636, -2.411849234599786, 14.717999999993481 ], [ 104.098551111117416, -2.412083920509738, 14.717999999993481 ], [ 104.099076580730582, -2.411091385297906, 14.717999999993481 ] ] ] } },
{ "type": "Feature", "properties": { "FID": 351, "OBJECTID": 90, "NIB": "90", "NO": 90, "NAMA": "SUMADI", "LOKASI_LAH": "HPK", "STATUS": " ", "Lokasi_2": "Barat", "NIB_1": "90", "KETERANGAN": " ", "Luas_Acad": 6.6578173622100003, "long": 104.092993561, "lat": -2.4117550613500001 }, "geometry": { "type": "Polygon", "coordinates": [ [ [ 104.092868738764665, -2.410327018569383, 0.0 ], [ 104.092801486759498, -2.410239104148292, 0.0 ], [ 104.092329252601132, -2.410326919455026, 0.0 ], [ 104.092197657065739, -2.410422776896268, 0.0 ], [ 104.09192647131681, -2.41040460076122, 0.0 ], [ 104.091252888293951, -2.410983474520909, 0.0 ], [ 104.091139569170764, -2.411304487528383, 0.0 ], [ 104.091028855148053, -2.411323691151085, 0.0 ], [ 104.09125126264496, -2.411408546407952, 0.0 ], [ 104.091241594940442, -2.41142159693086, 0.0 ], [ 104.092710305267659, -2.412120614194516, 0.0 ], [ 104.092934448174205, -2.413170102227129, 0.0 ], [ 104.092968446370264, -2.413194655103402, 0.0 ], [ 104.093002966684693, -2.413188611086554, 0.0 ], [ 104.093370625876588, -2.41344165299668, 0.0 ], [ 104.093684124677822, -2.413148223042378, 0.0 ], [ 104.094896128033213, -2.411525040462829, 0.0 ], [ 104.094554601147308, -2.411181063321864, 0.0 ], [ 104.094392663818553, -2.411210702846097, 0.0 ], [ 104.094198287791087, -2.411383030636769, 0.0 ], [ 104.094086896295451, -2.411297842112739, 0.0 ], [ 104.093896845461614, -2.411298517307329, 0.0 ], [ 104.093646147271471, -2.411343283774359, 0.0 ], [ 104.093517069587008, -2.411174547932781, 0.0 ], [ 104.093280595637694, -2.410936655746729, 0.0 ], [ 104.092945348031009, -2.410468679827507, 0.0 ], [ 104.092868738764665, -2.410327018569383, 0.0 ] ] ] } },
{ "type": "Feature", "properties": { "FID": 352, "OBJECTID": 67, "NIB": "67", "NO": 67, "NAMA": "SADELI", "LOKASI_LAH": "APL", "STATUS": "Lunas", "Lokasi_2": "Barat", "NIB_1": "67", "KETERANGAN": " ", "Luas_Acad": 1.97978902447, "long": 104.09681953, "lat": -2.4113470131399999 }, "geometry": { "type": "Polygon", "coordinates": [ [ [ 104.097217008097289, -2.41069435584523, 4.906000000002678 ], [ 104.096839589903013, -2.410223710852983, 4.906000000002678 ], [ 104.096819405220202, -2.41027905092731, 0.0 ], [ 104.096025678044157, -2.4118824419372, 0.0 ], [ 104.096616462757027, -2.412250542814883, 0.0 ], [ 104.097010171647327, -2.412495489716377, 3.67949999999837 ], [ 104.09727317549418, -2.411671301726963, 8.830799999996088 ], [ 104.097243037012163, -2.41078469596245, 8.830799999996088 ], [ 104.097217008097289, -2.41069435584523, 4.906000000002678 ] ] ] } },
{ "type": "Feature", "properties": { "FID": 353, "OBJECTID": 245, "NIB": "245", "NO": 245, "NAMA": "HERMAN", "LOKASI_LAH": "LUAR IPPKH", "STATUS": "Lunas", "Lokasi_2": "Barat", "NIB_1": "245", "KETERANGAN": " ", "Luas_Acad": 1.99353871879, "long": 104.087011074, "lat": -2.4110723756399999 }, "geometry": { "type": "Polygon", "coordinates": [ [ [ 104.087868182981694, -2.410990896819637, 0.0 ], [ 104.087620433119696, -2.410182198211408, 0.0 ], [ 104.087171420221964, -2.41036232721136, 0.0 ], [ 104.086652954444787, -2.410576856344357, 0.0 ], [ 104.086498901372138, -2.410784104834221, 0.0 ], [ 104.086203063445254, -2.411105094261793, 0.0 ], [ 104.086358441484776, -2.412027385346493, 0.0 ], [ 104.086718109192972, -2.411815849483633, 0.0 ], [ 104.086914870975946, -2.41163129818542, 0.0 ], [ 104.087347112856122, -2.411327589758623, 0.0 ], [ 104.087868182981694, -2.410990896819637, 0.0 ] ] ] } },
{ "type": "Feature", "properties": { "FID": 354, "OBJECTID": 227, "NIB": "227", "NO": 227, "NAMA": "LUKMAN", "LOKASI_LAH": "LUAR IPPKH", "STATUS": "Lunas", "Lokasi_2": "Barat", "NIB_1": "227", "KETERANGAN": " ", "Luas_Acad": 14.2065415893, "long": 104.108225889, "lat": -2.4128590727199999 }, "geometry": { "type": "Polygon", "coordinates": [ [ [ 104.109757700102648, -2.411367683818393, 0.0 ], [ 104.107736987542637, -2.410166435341699, 0.0 ], [ 104.106548571593791, -2.410964065313244, 0.0 ], [ 104.106036302203663, -2.411871892531766, 0.0 ], [ 104.10791820744933, -2.413521518573369, 0.0 ], [ 104.107726631005775, -2.413769335447169, 0.0 ], [ 104.107157869624857, -2.414090732628067, 0.0 ], [ 104.107621273601211, -2.41431856933283, 0.0 ], [ 104.107633245043175, -2.414321200588707, 0.0 ], [ 104.10778415815318, -2.414303479456356, 0.0 ], [ 104.108309626344408, -2.41424276884625, 0.0 ], [ 104.108279838927658, -2.414283796574152, 0.0 ], [ 104.107994768390256, -2.414682322358801, 0.0 ], [ 104.108398168816066, -2.41506546720357, 0.0 ], [ 104.110090270986433, -2.415647345506884, 0.0 ], [ 104.110164837682333, -2.413871244558336, 0.0 ], [ 104.110132583097766, -2.413406554474925, 0.0 ], [ 104.109818758892672, -2.412773702919203, 0.0 ], [ 104.108736623447314, -2.412747869616569, 0.0 ], [ 104.108735478796007, -2.411508197521591, 0.0 ], [ 104.109652110928678, -2.411565772782299, 0.0 ], [ 104.109773789669731, -2.41137864465125, 0.0 ], [ 104.109757700102648, -2.411367683818393, 0.0 ] ] ] } },
{ "type": "Feature", "properties": { "FID": 355, "OBJECTID": 253, "NIB": "253", "NO": 253, "NAMA": "SUKRI", "LOKASI_LAH": "LUAR IPPKH", "STATUS": "Lunas", "Lokasi_2": "Barat", "NIB_1": "253", "KETERANGAN": " ", "Luas_Acad": 1.6413258262399999, "long": 104.093492779, "lat": -2.4105560600399998 }, "geometry": { "type": "Polygon", "coordinates": [ [ [ 104.093639701919074, -2.410020100400138, 0.0 ], [ 104.092859065931094, -2.409800338592434, 0.0 ], [ 104.092529868254786, -2.409910148401185, 0.0 ], [ 104.092778632536451, -2.410160148787364, 0.0 ], [ 104.092868738764665, -2.410327018569383, 0.0 ], [ 104.093517069587008, -2.411174547932781, 0.0 ], [ 104.093641202872547, -2.411299425372069, 0.0 ], [ 104.093896845461614, -2.411298517307329, 0.0 ], [ 104.094392663818553, -2.411210702846097, 0.0 ], [ 104.094279371141312, -2.410883310431756, 0.0 ], [ 104.093639701919074, -2.410020100400138, 0.0 ] ] ] } },
{ "type": "Feature", "properties": { "FID": 356, "OBJECTID": 243, "NIB": "243", "NO": 243, "NAMA": "TAMRIN", "LOKASI_LAH": "LUAR IPPKH", "STATUS": "Lunas", "Lokasi_2": "Barat", "NIB_1": "243", "KETERANGAN": " ", "Luas_Acad": 1.6379601452599999, "long": 104.08483063600001, "lat": -2.4106547628700001 }, "geometry": { "type": "Polygon", "coordinates": [ [ [ 104.085395833075864, -2.410086613143885, 0.0 ], [ 104.084672345953393, -2.409690145041371, 0.0 ], [ 104.084250473854496, -2.411308556393178, 0.0 ], [ 104.084962582096111, -2.411590409061234, 0.0 ], [ 104.085268770216231, -2.410836917163166, 0.0 ], [ 104.085395833075864, -2.410086613143885, 0.0 ] ] ] } },
{ "type": "Feature", "properties": { "FID": 357, "OBJECTID": 68, "NIB": "68", "NO": 68, "NAMA": "GUNTUR", "LOKASI_LAH": "APL", "STATUS": "Lunas", "Lokasi_2": "Barat", "NIB_1": "68", "KETERANGAN": " ", "Luas_Acad": 0.87343287520500001, "long": 104.097335477, "lat": -2.4103806798499998 }, "geometry": { "type": "Polygon", "coordinates": [ [ [ 104.097145468484058, -2.409799776466736, 14.717999999993481 ], [ 104.097023890033128, -2.409673338730796, 14.717999999993481 ], [ 104.09694635603249, -2.41001440906336, 14.717999999993481 ], [ 104.096839589903013, -2.410223710852983, 4.906000000002678 ], [ 104.097217008097289, -2.41069435584523, 4.906000000002678 ], [ 104.097243037012163, -2.41078469596245, 8.830799999996088 ], [ 104.097957978549758, -2.411099606020818, 14.717999999993481 ], [ 104.097999372360462, -2.410624052230328, 14.717999999993481 ], [ 104.098004748892293, -2.41056228229322, 14.717999999993481 ], [ 104.097548878794427, -2.410321199568613, 14.717999999993481 ], [ 104.097145468484058, -2.409799776466736, 14.717999999993481 ] ] ] } },
{ "type": "Feature", "properties": { "FID": 358, "OBJECTID": 86, "NIB": "86", "NO": 86, "NAMA": "SAMIRSA B", "LOKASI_LAH": "IPPKH", "STATUS": "Jauh dari Target", "Lokasi_2": "Barat", "NIB_1": "86", "KETERANGAN": " ", "Luas_Acad": 3.5801873176000001, "long": 104.102223334, "lat": -2.41066963971 }, "geometry": { "type": "Polygon", "coordinates": [ [ [ 104.101651533052873, -2.409611780489511, 0.0 ], [ 104.101363745890851, -2.409602543588835, 0.0 ], [ 104.10115683529672, -2.40969286668907, 0.0 ], [ 104.101021831420795, -2.409846559719414, 0.0 ], [ 104.10083289597938, -2.409954986747671, 0.0 ], [ 104.100769923429525, -2.409982083050662, 0.0 ], [ 104.100545055380962, -2.410027163925179, 0.0 ], [ 104.100778786372928, -2.410181101711172, 0.0 ], [ 104.100850675303789, -2.410271609791476, 0.0 ], [ 104.100904565296418, -2.410380197993875, 0.0 ], [ 104.100940474154029, -2.410479728224472, 0.0 ], [ 104.100994352285497, -2.410606408492414, 0.0 ], [ 104.101039225011249, -2.410751174855123, 0.0 ], [ 104.101138118345887, -2.410805516720569, 0.0 ], [ 104.101308965958779, -2.410850860303235, 0.0 ], [ 104.101407883052417, -2.410869018024325, 0.0 ], [ 104.101541845302407, -2.41093242917886, 66.45339999999851 ], [ 104.101920431964345, -2.410996002603037, 66.45339999999851 ], [ 104.10207328723456, -2.411049475607904, 66.45339999999851 ], [ 104.10219914884118, -2.411122831985582, 66.45339999999851 ], [ 104.10229804820338, -2.411168127758435, 66.45339999999851 ], [ 104.102477871714257, -2.41124061529449, 66.45339999999851 ], [ 104.10263969630185, -2.41133118296293, 66.45339999999851 ], [ 104.102837471410055, -2.411457958606752, 66.45339999999851 ], [ 104.102999319757274, -2.411512342103689, 66.45339999999851 ], [ 104.103071244462967, -2.41154857392461, 66.45339999999851 ], [ 104.103135799016272, -2.411630031064853, 44.302299999995739 ], [ 104.103278072443388, -2.411584895115913, 0.0 ], [ 104.103422064022752, -2.41144025382788, 0.0 ], [ 104.103503077036081, -2.411331754977514, 0.0 ], [ 104.103566150297809, -2.411150875902246, 0.0 ], [ 104.103620182630848, -2.411042359169965, 0.0 ], [ 104.103638270356029, -2.41088858842576, 0.0 ], [ 104.103584362343597, -2.410807138358636, 0.0 ], [ 104.10353940052768, -2.410798062550823, 0.0 ], [ 104.10350355930305, -2.410816120955446, 0.0 ], [ 104.103464669283156, -2.41083552429579, 0.0 ], [ 104.10344829477512, -2.410842318791364, 0.0 ], [ 104.103422442976424, -2.410861307407979, 0.0 ], [ 104.103389008699111, -2.410863829920908, 0.0 ], [ 104.103361349687816, -2.41085870782908, 0.0 ], [ 104.103340469599416, -2.410847351170908, 0.0 ], [ 104.103326362650193, -2.410839970210007, 0.0 ], [ 104.103314441214621, -2.410820099922184, 0.0 ], [ 104.103314345726673, -2.410805224548289, 0.0 ], [ 104.103330513906798, -2.410793507061981, 0.0 ], [ 104.103350541966947, -2.41078889146472, 0.0 ], [ 104.103387628882089, -2.410794065029128, 0.0 ], [ 104.103407120724285, -2.41079937801132, 0.0 ], [ 104.103432051367449, -2.410812324026095, 0.0 ], [ 104.10345283315182, -2.410815855791653, 0.0 ], [ 104.103458495738892, -2.410741267688805, 0.0 ], [ 104.103458553323719, -2.410653272354542, 0.0 ], [ 104.103431625964248, -2.410571840150402, 0.0 ], [ 104.103341726034316, -2.410517504379097, 0.0 ], [ 104.103269801360142, -2.410481272589672, 0.0 ], [ 104.103053938539261, -2.410508267761788, 0.0 ], [ 104.102955033248506, -2.410472018088979, 0.0 ], [ 104.102811195791247, -2.410381462403301, 0.0 ], [ 104.102658364814985, -2.410290900750752, 0.0 ], [ 104.10257746441448, -2.41022752486962, 0.0 ], [ 104.102469601176523, -2.410136993001169, 0.0 ], [ 104.102424663102809, -2.410091733025437, 0.0 ], [ 104.102262785320235, -2.410082579705784, 0.0 ], [ 104.102172849930184, -2.410082520095103, 0.0 ], [ 104.10210093718284, -2.410028196194254, 0.0 ], [ 104.101948100386167, -2.409946680527899, 0.0 ], [ 104.101912167733119, -2.409883334437815, 0.0 ], [ 104.101822291649668, -2.409792814468758, 0.0 ], [ 104.101768413433334, -2.409666134215461, 0.0 ], [ 104.101651533052873, -2.409611780489511, 0.0 ] ] ] } },
{ "type": "Feature", "properties": { "FID": 359, "OBJECTID": 244, "NIB": "244", "NO": 244, "NAMA": "SONA", "LOKASI_LAH": "LUAR IPPKH", "STATUS": "Lunas", "Lokasi_2": "Barat", "NIB_1": "244", "KETERANGAN": " ", "Luas_Acad": 1.96763602532, "long": 104.085551376, "lat": -2.4109347756799999 }, "geometry": { "type": "Polygon", "coordinates": [ [ [ 104.086188481446683, -2.410608828171138, 0.0 ], [ 104.08553730193843, -2.409582236921471, 0.0 ], [ 104.085395833075864, -2.410086613143885, 0.0 ], [ 104.085279796684091, -2.410836273300231, 0.0 ], [ 104.084962582096111, -2.411590409061234, 0.0 ], [ 104.085018721221189, -2.411796596202194, 0.0 ], [ 104.084777381412692, -2.412104485347408, 0.0 ], [ 104.084892615505254, -2.412245454645948, 0.0 ], [ 104.085326874206771, -2.411986137180508, 0.0 ], [ 104.085390006327771, -2.411706880180239, 0.0 ], [ 104.085642720919793, -2.41145558123969, 0.0 ], [ 104.085998619653878, -2.411383679746239, 0.0 ], [ 104.086203063445254, -2.411105094261793, 0.0 ], [ 104.0862802334441, -2.410864665700907, 0.0 ], [ 104.086188481446683, -2.410608828171138, 0.0 ] ] ] } },
{ "type": "Feature", "properties": { "FID": 360, "OBJECTID": 192, "NIB": "192", "NO": 192, "NAMA": "IWANTO", "LOKASI_LAH": "LUAR IPPKH", "STATUS": "Lunas", "Lokasi_2": "Barat", "NIB_1": "192", "KETERANGAN": " ", "Luas_Acad": 0.89967164157299995, "long": 104.104919944, "lat": -2.4100900468500002 }, "geometry": { "type": "Polygon", "coordinates": [ [ [ 104.105508304059128, -2.410097217675896, 0.0 ], [ 104.104866699781326, -2.4094898168266, 0.0 ], [ 104.104352455878882, -2.410046109016749, 0.0 ], [ 104.10463590305811, -2.410464192926748, 0.0 ], [ 104.104816573085714, -2.410663216805302, 0.0 ], [ 104.104960499425118, -2.410618081713079, 0.0 ], [ 104.104979943596902, -2.410664720597461, 0.0 ], [ 104.105508304059128, -2.410097217675896, 0.0 ] ] ] } },
{ "type": "Feature", "properties": { "FID": 361, "OBJECTID": 252, "NIB": "252", "NO": 252, "NAMA": "SEMADI", "LOKASI_LAH": "LUAR IPPKH", "STATUS": "Lunas", "Lokasi_2": "Barat", "NIB_1": "252", "KETERANGAN": " ", "Luas_Acad": 1.2477298427300001, "long": 104.09164769500001, "lat": -2.410374702 }, "geometry": { "type": "Polygon", "coordinates": [ [ [ 104.091834333279621, -2.409491752848467, 0.0 ], [ 104.091724967839696, -2.409430410889726, 0.0 ], [ 104.091641878606922, -2.409549789689292, 0.0 ], [ 104.091667697493392, -2.410054113155419, 0.0 ], [ 104.091498192836625, -2.410358352552331, 0.0 ], [ 104.090808384698988, -2.410773011061058, 0.0 ], [ 104.090686744381699, -2.411021369000149, 0.0 ], [ 104.090503303328646, -2.411165279066991, 0.0 ], [ 104.090866372469918, -2.411352587174286, 0.0 ], [ 104.091028855148053, -2.411323691151085, 0.0 ], [ 104.09092115797543, -2.411269088580417, 0.0 ], [ 104.091252888293951, -2.410983474520909, 0.0 ], [ 104.091399601858114, -2.41056786441495, 0.0 ], [ 104.091585683912953, -2.410422963583046, 0.0 ], [ 104.091905325881967, -2.41040440747187, 0.0 ], [ 104.09192647131681, -2.41040460076122, 0.0 ], [ 104.092329252601132, -2.410326919455026, 0.0 ], [ 104.09255739156103, -2.41016073783049, 0.0 ], [ 104.092727296929937, -2.410242546214791, 0.0 ], [ 104.092778632536451, -2.410160148787364, 0.0 ], [ 104.092529868254786, -2.409910148401185, 0.0 ], [ 104.091973998742375, -2.409714695001333, 0.0 ], [ 104.091834333279621, -2.409491752848467, 0.0 ] ] ] } },
{ "type": "Feature", "properties": { "FID": 362, "OBJECTID": 197, "NIB": "197", "NO": 197, "NAMA": "SIMPUR", "LOKASI_LAH": "LUAR IPPKH", "STATUS": "Lunas", "Lokasi_2": "Barat", "NIB_1": "197", "KETERANGAN": " ", "Luas_Acad": 3.97818977277, "long": 104.109245832, "lat": -2.41016881967 }, "geometry": { "type": "Polygon", "coordinates": [ [ [ 104.110493050130344, -2.409181943614535, 0.0 ], [ 104.110066637600383, -2.40905328739081, 0.0 ], [ 104.108278954639687, -2.409888597157534, 0.0 ], [ 104.107716697067445, -2.410155556761281, 0.0 ], [ 104.107736987542637, -2.410166435341699, 0.0 ], [ 104.109757700102648, -2.411367683818393, 0.0 ], [ 104.109900002682593, -2.410858336887718, 0.0 ], [ 104.110319399954292, -2.410233329931957, 0.0 ], [ 104.110449998771827, -2.409869444806056, 0.0 ], [ 104.110493050130344, -2.409181943614535, 0.0 ] ] ] } },
{ "type": "Feature", "properties": { "FID": 363, "OBJECTID": 191, "NIB": "191", "NO": 191, "NAMA": "JUMANTO", "LOKASI_LAH": "LUAR IPPKH", "STATUS": "Lunas", "Lokasi_2": "Barat", "NIB_1": "191", "KETERANGAN": " ", "Luas_Acad": 3.6862809418500002, "long": 104.105938537, "lat": -2.4104231895499999 }, "geometry": { "type": "Polygon", "coordinates": [ [ [ 104.105457876871839, -2.409046319569645, 0.0 ], [ 104.105447018572562, -2.409041409444097, 0.0 ], [ 104.104866699781326, -2.4094898168266, 0.0 ], [ 104.105508304059128, -2.410097217675896, 0.0 ], [ 104.104979943596902, -2.410664720597461, 0.0 ], [ 104.105077332840935, -2.410744803570167, 0.0 ], [ 104.105149228065358, -2.410826265497335, 0.0 ], [ 104.105194148551362, -2.410898663551799, 0.0 ], [ 104.105212052930682, -2.411025320030287, 0.0 ], [ 104.105328910032654, -2.41111585771648, 0.0 ], [ 104.105409846106909, -2.411124957243438, 0.0 ], [ 104.105499722570585, -2.411215477094582, 0.0 ], [ 104.105733466403265, -2.41135132222121, 0.0 ], [ 104.105697397670625, -2.411496035152155, 0.0 ], [ 104.105697355754771, -2.411560224971599, 0.0 ], [ 104.106036302203663, -2.411871892531766, 0.0 ], [ 104.106536099468414, -2.410958330934032, 0.0 ], [ 104.107102796962664, -2.410583328928405, 0.0 ], [ 104.105859695862833, -2.409302773370264, 0.0 ], [ 104.105653203787682, -2.409081207936482, 0.0 ], [ 104.105472202060639, -2.409055551471198, 0.0 ], [ 104.105457876871839, -2.409046319569645, 0.0 ] ] ] } },
{ "type": "Feature", "properties": { "FID": 364, "OBJECTID": 247, "NIB": "247", "NO": 247, "NAMA": "IBUNYA HERMAN", "LOKASI_LAH": "LUAR IPPKH", "STATUS": "Lunas", "Lokasi_2": "Barat", "NIB_1": "247", "KETERANGAN": " ", "Luas_Acad": 2.3999299165400001, "long": 104.086362669, "lat": -2.4098758870700001 }, "geometry": { "type": "Polygon", "coordinates": [ [ [ 104.087171420221964, -2.41036232721136, 0.0 ], [ 104.086636749985118, -2.408796740079273, 0.0 ], [ 104.086221162587961, -2.408911115248376, 0.0 ], [ 104.086099353121099, -2.408913466480211, 0.0 ], [ 104.085565168944697, -2.40947611090423, 0.0 ], [ 104.08553730193843, -2.409582236921471, 0.0 ], [ 104.086188481446683, -2.410608828171138, 0.0 ], [ 104.0862802334441, -2.410864665700907, 0.0 ], [ 104.086203063445254, -2.411105094261793, 0.0 ], [ 104.086652954444787, -2.410576856344357, 0.0 ], [ 104.087171420221964, -2.41036232721136, 0.0 ] ] ] } },
{ "type": "Feature", "properties": { "FID": 365, "OBJECTID": 85, "NIB": "85", "NO": 85, "NAMA": "SAMIRSA A", "LOKASI_LAH": "IPPKH - APL", "STATUS": "Jauh dari Target", "Lokasi_2": "Barat", "NIB_1": "85", "KETERANGAN": " ", "Luas_Acad": 2.1121426935800001, "long": 104.10026888500001, "lat": -2.4095174956599998 }, "geometry": { "type": "Polygon", "coordinates": [ [ [ 104.100725632324028, -2.408950805627635, 0.0 ], [ 104.100467795084526, -2.408775173993021, 0.0 ], [ 104.10042894088113, -2.408805872154951, 0.0 ], [ 104.100365950584617, -2.408860106548036, 0.0 ], [ 104.100347951660225, -2.408878186668156, 0.0 ], [ 104.100284991039231, -2.408887190903494, 0.0 ], [ 104.100239993724486, -2.408932391198951, 0.0 ], [ 104.100230994261167, -2.408941431257725, 0.0 ], [ 104.100213001271129, -2.408950465344849, 0.0 ], [ 104.100141035246722, -2.408977555660125, 0.0 ], [ 104.100105037389525, -2.409013715890498, 0.0 ], [ 104.100032177103259, -2.409059074973472, 0.0 ], [ 104.0999439938211, -2.40907675386597, 0.0 ], [ 104.099854031481982, -2.409104228423948, 0.0 ], [ 104.099637172026135, -2.409320970216354, 0.0 ], [ 104.099358253807196, -2.409501705480178, 0.0 ], [ 104.099240105621277, -2.409640164193183, 0.0 ], [ 104.099254441662836, -2.409665631971711, 0.0 ], [ 104.099195764208488, -2.409690337470722, 0.0 ], [ 104.099384883672158, -2.410035439063642, 0.0 ], [ 104.099717638416337, -2.410044706302619, 0.0 ], [ 104.100059368906926, -2.410081117525617, 0.0 ], [ 104.100374071332851, -2.410189878992095, 0.0 ], [ 104.100545055380962, -2.410027163925179, 0.0 ], [ 104.100769923429525, -2.409982083050662, 0.0 ], [ 104.10083289597938, -2.409954986747671, 0.0 ], [ 104.101021831420795, -2.409846559719414, 0.0 ], [ 104.10115683529672, -2.40969286668907, 0.0 ], [ 104.101363745890851, -2.409602543588835, 0.0 ], [ 104.101338192117737, -2.409553825490246, 0.0 ], [ 104.101156995466553, -2.409448623814823, 0.0 ], [ 104.101058114073339, -2.409376189922013, 0.0 ], [ 104.100995224612902, -2.40927664179932, 0.0 ], [ 104.100896378839465, -2.409149931711732, 0.0 ], [ 104.100788569220299, -2.408977985498008, 0.0 ], [ 104.100725632324028, -2.408950805627635, 0.0 ] ] ] } },
{ "type": "Feature", "properties": { "FID": 366, "OBJECTID": 251, "NIB": "251", "NO": 251, "NAMA": "JUNAIDI", "LOKASI_LAH": "LUAR IPPKH", "STATUS": "Lunas", "Lokasi_2": "Barat", "NIB_1": "251", "KETERANGAN": " ", "Luas_Acad": 0.79570421942199998, "long": 104.09021789400001, "lat": -2.4091105162500002 }, "geometry": { "type": "Polygon", "coordinates": [ [ [ 104.091227169423192, -2.408912672359341, 0.0 ], [ 104.090892478258894, -2.408665179690388, 0.0 ], [ 104.089549774783393, -2.409166779545549, 0.0 ], [ 104.089277991354223, -2.409213717551281, 0.0 ], [ 104.08923157688217, -2.409243335544937, 0.0 ], [ 104.089221187632702, -2.409248678369786, 0.0 ], [ 104.089551888482603, -2.409559115349201, 0.0 ], [ 104.091227169423192, -2.408912672359341, 0.0 ] ] ] } },
{ "type": "Feature", "properties": { "FID": 367, "OBJECTID": 249, "NIB": "249", "NO": 249, "NAMA": "HERMAN", "LOKASI_LAH": "LUAR IPPKH", "STATUS": "Lunas", "Lokasi_2": "Barat", "NIB_1": "249", "KETERANGAN": " ", "Luas_Acad": 0.93997350184100004, "long": 104.088109918, "lat": -2.4090915487000002 }, "geometry": { "type": "Polygon", "coordinates": [ [ [ 104.088773118038262, -2.408612262010938, 0.0 ], [ 104.088357100714902, -2.408599530419021, 0.0 ], [ 104.087504450891714, -2.408619343601095, 0.0 ], [ 104.087910269439647, -2.409786499618146, 0.0 ], [ 104.088193675883147, -2.409349239227597, 0.0 ], [ 104.088719578681662, -2.40880329121461, 0.0 ], [ 104.088773118038262, -2.408612262010938, 0.0 ] ] ] } },
{ "type": "Feature", "properties": { "FID": 368, "OBJECTID": 248, "NIB": "248", "NO": 248, "NAMA": "MIN", "LOKASI_LAH": "LUAR IPPKH", "STATUS": "Lunas", "Lokasi_2": "Barat", "NIB_1": "248", "KETERANGAN": " ", "Luas_Acad": 1.72696324437, "long": 104.087288614, "lat": -2.4094297524899999 }, "geometry": { "type": "Polygon", "coordinates": [ [ [ 104.087504450891714, -2.408619343601095, 0.0 ], [ 104.08746667993455, -2.408520796351592, 0.0 ], [ 104.086636749985118, -2.408796740079273, 0.0 ], [ 104.087171420221964, -2.41036232721136, 0.0 ], [ 104.087620433119696, -2.410182198211408, 0.0 ], [ 104.087749643687374, -2.410153907934112, 0.0 ], [ 104.087910269439647, -2.409786499618146, 0.0 ], [ 104.087504450891714, -2.408619343601095, 0.0 ] ] ] } },
{ "type": "Feature", "properties": { "FID": 369, "OBJECTID": 233, "NIB": "233", "NO": 233, "NAMA": "SUANDI", "LOKASI_LAH": "APL", "STATUS": "Lunas", "Lokasi_2": "Barat", "NIB_1": "233", "KETERANGAN": " ", "Luas_Acad": 0.95912088317499999, "long": 104.09764636, "lat": -2.40922192294 }, "geometry": { "type": "Polygon", "coordinates": [ [ [ 104.098189774361231, -2.409664946281666, 0.0 ], [ 104.097593109777407, -2.40842519796595, 0.0 ], [ 104.097075899698581, -2.408919503807335, 0.0 ], [ 104.097895163403379, -2.410028395943202, 0.0 ], [ 104.098189774361231, -2.409664946281666, 0.0 ] ] ] } },
{ "type": "Feature", "properties": { "FID": 370, "OBJECTID": 246, "NIB": "246", "NO": 246, "NAMA": "SANDINA", "LOKASI_LAH": "LUAR IPPKH", "STATUS": "Lunas", "Lokasi_2": "Barat", "NIB_1": "246", "KETERANGAN": " ", "Luas_Acad": 2.0117999550099999, "long": 104.08519488100001, "lat": -2.4091612226399999 }, "geometry": { "type": "Polygon", "coordinates": [ [ [ 104.086099353121099, -2.408913466480211, 0.0 ], [ 104.085591764462677, -2.408250435105332, 0.0 ], [ 104.085153454012584, -2.408618719383858, 0.0 ], [ 104.085055180180177, -2.408699828194938, 0.0 ], [ 104.084253529542892, -2.409006398257642, 0.0 ], [ 104.084672345953393, -2.409690145041371, 0.0 ], [ 104.085395833075864, -2.410086613143885, 0.0 ], [ 104.08553730193843, -2.409582236921471, 0.0 ], [ 104.085565168944697, -2.40947611090423, 0.0 ], [ 104.086099353121099, -2.408913466480211, 0.0 ] ] ] } },
{ "type": "Feature", "properties": { "FID": 371, "OBJECTID": 196, "NIB": "196", "NO": 196, "NAMA": "LUKMAN", "LOKASI_LAH": "LUAR IPPKH", "STATUS": "Lunas", "Lokasi_2": "Barat", "NIB_1": "196", "KETERANGAN": " ", "Luas_Acad": 1.9943442973700001, "long": 104.10895250900001, "lat": -2.4090745258499999 }, "geometry": { "type": "Polygon", "coordinates": [ [ [ 104.108918254985639, -2.408407330033274, 0.0 ], [ 104.10860881332826, -2.408236764023942, 0.0 ], [ 104.108428816714152, -2.408645869249569, 0.0 ], [ 104.10841926894399, -2.408640673247229, 0.0 ], [ 104.108236095531964, -2.409044449092598, 0.0 ], [ 104.108008300910072, -2.409511111699296, 0.0 ], [ 104.108278954639687, -2.409888597157534, 0.0 ], [ 104.110066637600383, -2.40905328739081, 0.0 ], [ 104.109898746738168, -2.408955048196132, 0.0 ], [ 104.108918254985639, -2.408407330033274, 0.0 ] ] ] } },
{ "type": "Feature", "properties": { "FID": 372, "OBJECTID": 235, "NIB": "235", "NO": 235, "NAMA": "CIKNONI", "LOKASI_LAH": "APL", "STATUS": "Lunas", "Lokasi_2": "Barat", "NIB_1": "235", "KETERANGAN": " ", "Luas_Acad": 0.22361616402199999, "long": 104.097271433, "lat": -2.4084653894199999 }, "geometry": { "type": "Polygon", "coordinates": [ [ [ 104.097638407902636, -2.408332926979808, 0.0 ], [ 104.096993475525977, -2.408213967404601, 0.0 ], [ 104.09700102327659, -2.408463317096667, 0.0 ], [ 104.097078877832729, -2.408767342584031, 0.0 ], [ 104.097638407902636, -2.408332926979808, 0.0 ] ] ] } },
{ "type": "Feature", "properties": { "FID": 373, "OBJECTID": 250, "NIB": "250", "NO": 250, "NAMA": "M NURI", "LOKASI_LAH": "LUAR IPPKH", "STATUS": "Lunas", "Lokasi_2": "Barat", "NIB_1": "250", "KETERANGAN": " ", "Luas_Acad": 1.6113638703199999, "long": 104.089791142, "lat": -2.4086946623299998 }, "geometry": { "type": "Polygon", "coordinates": [ [ [ 104.090531301568916, -2.40821396211546, 0.0 ], [ 104.090249179759155, -2.408166769739082, 0.0 ], [ 104.089862316929015, -2.408280945674523, 0.0 ], [ 104.088773118038262, -2.408612262010938, 0.0 ], [ 104.088719578681662, -2.40880329121461, 0.0 ], [ 104.08923157688217, -2.409243335544937, 0.0 ], [ 104.089277991354223, -2.409213717551281, 0.0 ], [ 104.089549774783393, -2.409166779545549, 0.0 ], [ 104.090892478258894, -2.408665179690388, 0.0 ], [ 104.090531301568916, -2.40821396211546, 0.0 ] ] ] } },
{ "type": "Feature", "properties": { "FID": 374, "OBJECTID": 234, "NIB": "234", "NO": 234, "NAMA": "YANI", "LOKASI_LAH": "APL", "STATUS": "Lunas", "Lokasi_2": "Barat", "NIB_1": "234", "KETERANGAN": " ", "Luas_Acad": 1.89960279925, "long": 104.098405133, "lat": -2.4090341786799998 }, "geometry": { "type": "Polygon", "coordinates": [ [ [ 104.098617588140471, -2.408494661140653, 0.0 ], [ 104.098415853705887, -2.408071670308121, 0.0 ], [ 104.097593109777407, -2.40842519796595, 0.0 ], [ 104.098189774361231, -2.409664946281666, 0.0 ], [ 104.098493003356481, -2.409967832775227, 0.0 ], [ 104.099195764208488, -2.409690337470722, 0.0 ], [ 104.099240105621277, -2.409640164193183, 0.0 ], [ 104.098989226312398, -2.409194474005748, 0.0 ], [ 104.098707470648861, -2.408971645723939, 0.0 ], [ 104.098617588140471, -2.408494661140653, 0.0 ] ] ] } },
{ "type": "Feature", "properties": { "FID": 375, "OBJECTID": 195, "NIB": "195", "NO": 195, "NAMA": "ALI", "LOKASI_LAH": "LUAR IPPKH", "STATUS": "Lunas", "Lokasi_2": "Barat", "NIB_1": "195", "KETERANGAN": " ", "Luas_Acad": 1.0935542226, "long": 104.10999314, "lat": -2.4085658136600001 }, "geometry": { "type": "Polygon", "coordinates": [ [ [ 104.110550002049536, -2.408213891597902, 0.0 ], [ 104.109883299703839, -2.407994439860726, 0.0 ], [ 104.109575889649307, -2.408185300665456, 0.0 ], [ 104.109501292345257, -2.408349221398906, 0.0 ], [ 104.109306977231441, -2.40836797646499, 0.0 ], [ 104.109898746738168, -2.408955048196132, 0.0 ], [ 104.110066637600383, -2.40905328739081, 0.0 ], [ 104.110493050130344, -2.409181943614535, 0.0 ], [ 104.110550002049536, -2.408213891597902, 0.0 ] ] ] } },
{ "type": "Feature", "properties": { "FID": 376, "OBJECTID": 255, "NIB": "255", "NO": 255, "NAMA": "KARDANI", "LOKASI_LAH": "LUAR IPPKH", "STATUS": "Lunas", "Lokasi_2": "Barat", "NIB_1": "255", "KETERANGAN": " ", "Luas_Acad": 1.39991660964, "long": 104.086500258, "lat": -2.40842047762 }, "geometry": { "type": "Polygon", "coordinates": [ [ [ 104.086852626441953, -2.408073920138091, 0.0 ], [ 104.086511438925811, -2.407962666000889, 0.0 ], [ 104.085759605507434, -2.408050701417776, 0.0 ], [ 104.085591764462677, -2.408250435105332, 0.0 ], [ 104.086099353121099, -2.408913466480211, 0.0 ], [ 104.086221162587961, -2.408911115248376, 0.0 ], [ 104.086636749985118, -2.408796740079273, 0.0 ], [ 104.08746667993455, -2.408520796351592, 0.0 ], [ 104.087262306672017, -2.408209521509359, 0.0 ], [ 104.086852626441953, -2.408073920138091, 0.0 ] ] ] } },
{ "type": "Feature", "properties": { "FID": 377, "OBJECTID": 194, "NIB": "194", "NO": 194, "NAMA": "MAHMUD", "LOKASI_LAH": "LUAR IPPKH", "STATUS": "Lunas", "Lokasi_2": "Barat", "NIB_1": "194", "KETERANGAN": " ", "Luas_Acad": 1.8646145709499999, "long": 104.10533295800001, "lat": -2.4085146179299999 }, "geometry": { "type": "Polygon", "coordinates": [ [ [ 104.106390182217169, -2.408642980653206, 0.0 ], [ 104.104555924114351, -2.407716181404325, 0.0 ], [ 104.104240852089717, -2.408247407569881, 0.0 ], [ 104.105447018572562, -2.409041409444097, 0.0 ], [ 104.105457876871839, -2.409046319569645, 0.0 ], [ 104.105653203787682, -2.409081207936482, 0.0 ], [ 104.105666704409217, -2.409083334526653, 0.0 ], [ 104.105859695862833, -2.409302773370264, 0.0 ], [ 104.106333294561907, -2.409027780170175, 0.0 ], [ 104.106390182217169, -2.408642980653206, 0.0 ] ] ] } },
{ "type": "Feature", "properties": { "FID": 378, "OBJECTID": 257, "NIB": "257", "NO": 257, "NAMA": "IMRAN", "LOKASI_LAH": "LUAR IPPKH", "STATUS": "Lunas", "Lokasi_2": "Barat", "NIB_1": "257", "KETERANGAN": " ", "Luas_Acad": 0.192549365147, "long": 104.083513651, "lat": -2.40790856417 }, "geometry": { "type": "Polygon", "coordinates": [ [ [ 104.083715814022398, -2.40788138268468, 0.0 ], [ 104.083524715771347, -2.407605812095291, 0.0 ], [ 104.083291252012273, -2.407759554632725, 0.0 ], [ 104.083295395103832, -2.407773318196639, 0.0 ], [ 104.083485050982176, -2.408195234799545, 0.0 ], [ 104.083599709214667, -2.408202853056795, 0.0 ], [ 104.083676912264949, -2.408158009985329, 0.0 ], [ 104.083715814022398, -2.40788138268468, 0.0 ] ] ] } },
{ "type": "Feature", "properties": { "FID": 379, "OBJECTID": 193, "NIB": "193", "NO": 193, "NAMA": "NURYANTO", "LOKASI_LAH": "LUAR IPPKH", "STATUS": "Lunas", "Lokasi_2": "Barat", "NIB_1": "193", "KETERANGAN": " ", "Luas_Acad": 1.8423101819100001, "long": 104.104195492, "lat": -2.4085257159300002 }, "geometry": { "type": "Polygon", "coordinates": [ [ [ 104.103744288311916, -2.407819572396319, 0.0 ], [ 104.103427749299854, -2.407527836303108, 0.0 ], [ 104.102972199526533, -2.408041665845135, 0.0 ], [ 104.10381669584693, -2.408638891436061, 0.0 ], [ 104.104263902128608, -2.408966664725782, 0.0 ], [ 104.104866699781326, -2.4094898168266, 0.0 ], [ 104.105447018572562, -2.409041409444097, 0.0 ], [ 104.104227147339344, -2.408252151305017, 0.0 ], [ 104.104144620796177, -2.408212317692867, 0.0 ], [ 104.10412364091377, -2.408200941091806, 0.0 ], [ 104.103990988079346, -2.408092176962628, 0.0 ], [ 104.103906329798463, -2.408018374944973, 0.0 ], [ 104.103894017449548, -2.408006294861602, 0.0 ], [ 104.103836268979194, -2.407936239409281, 0.0 ], [ 104.103761797996953, -2.407838569806387, 0.0 ], [ 104.103744288311916, -2.407819572396319, 0.0 ] ] ] } },
{ "type": "Feature", "properties": { "FID": 380, "OBJECTID": 64, "NIB": "64", "NO": 64, "NAMA": "SAMIRSA C", "LOKASI_LAH": "IPPKH - APL", "STATUS": " ", "Lokasi_2": "Barat", "NIB_1": "64", "KETERANGAN": " ", "Luas_Acad": 11.656645410199999, "long": 104.10330164, "lat": -2.41088832277 }, "geometry": { "type": "Polygon", "coordinates": [ [ [ 104.101419076460388, -2.407512945719642, 0.0 ], [ 104.101338188112379, -2.407431477779105, 0.0 ], [ 104.101266204399863, -2.407485706292007, 0.0 ], [ 104.101113225656675, -2.407621295435154, 0.0 ], [ 104.100978233925986, -2.407756896476556, 0.0 ], [ 104.100953501858214, -2.407771799703912, 0.0 ], [ 104.100819775157234, -2.407910646369614, 0.0 ], [ 104.10077904051569, -2.407887734690819, 0.0 ], [ 104.100690334517338, -2.407919534178734, 0.0 ], [ 104.100524148683107, -2.407983816319753, 0.0 ], [ 104.100513204760716, -2.40799981782652, 0.0 ], [ 104.100485595519331, -2.408003960683449, 0.0 ], [ 104.100461821808054, -2.408011163644569, 0.0 ], [ 104.100454378945898, -2.408024602922768, 0.0 ], [ 104.100450728951884, -2.40804992758891, 0.0 ], [ 104.100445483687253, -2.408068120207214, 0.0 ], [ 104.100440619235812, -2.408085722372083, 0.0 ], [ 104.100426015188788, -2.408098612326527, 0.0 ], [ 104.100440145398736, -2.408143125480206, 0.0 ], [ 104.10044204216841, -2.408204772751697, 0.0 ], [ 104.100434449204158, -2.408237267401734, 0.0 ], [ 104.100412725555856, -2.408256134773281, 0.0 ], [ 104.100394799298215, -2.408279991743308, 0.0 ], [ 104.10041277464822, -2.408281380479315, 0.0 ], [ 104.100443250998751, -2.408281400704737, 0.0 ], [ 104.100443214514115, -2.408337021129519, 0.0 ], [ 104.10042773805516, -2.408381499256976, 0.0 ], [ 104.10040657688009, -2.408416237363875, 0.0 ], [ 104.100406554376391, -2.408450540816747, 0.0 ], [ 104.100429801040036, -2.408499600226937, 0.0 ], [ 104.100451508919008, -2.408560987456732, 0.0 ], [ 104.100433879717315, -2.408643372467225, 0.0 ], [ 104.10041809549304, -2.408679898924264, 0.0 ], [ 104.100434910070931, -2.408756244143639, 0.0 ], [ 104.100467795084526, -2.408775173993021, 0.0 ], [ 104.100725632324028, -2.408950805627635, 0.0 ], [ 104.100788569220299, -2.408977985498008, 0.0 ], [ 104.100896378839465, -2.409149931711732, 0.0 ], [ 104.100995224612902, -2.40927664179932, 0.0 ], [ 104.101058114073339, -2.409376189922013, 0.0 ], [ 104.101156995466553, -2.409448623814823, 0.0 ], [ 104.101338192117737, -2.409553825490246, 0.0 ], [ 104.101363745890851, -2.409602543588835, 0.0 ], [ 104.101651533052873, -2.409611780489511, 0.0 ], [ 104.101768413433334, -2.409666134215461, 0.0 ], [ 104.101822291649668, -2.409792814468758, 0.0 ], [ 104.101912167733119, -2.409883334437815, 0.0 ], [ 104.101948100386167, -2.409946680527899, 0.0 ], [ 104.10210093718284, -2.410028196194254, 0.0 ], [ 104.102172849930184, -2.410082520095103, 0.0 ], [ 104.102262785320235, -2.410082579705784, 0.0 ], [ 104.102424663102809, -2.410091733025437, 0.0 ], [ 104.102469601176523, -2.410136993001169, 0.0 ], [ 104.10257746441448, -2.41022752486962, 0.0 ], [ 104.102658364814985, -2.410290900750752, 0.0 ], [ 104.102811195791247, -2.410381462403301, 0.0 ], [ 104.102955033248506, -2.410472018088979, 0.0 ], [ 104.103053938539261, -2.410508267761788, 0.0 ], [ 104.103269801360142, -2.410481272589672, 0.0 ], [ 104.103341726034316, -2.410517504379097, 0.0 ], [ 104.103431625964248, -2.410571840150402, 0.0 ], [ 104.103458553323719, -2.410653272354542, 0.0 ], [ 104.103458495738892, -2.410741267688805, 0.0 ], [ 104.10345283315182, -2.410815855791653, 0.0 ], [ 104.103432051367449, -2.410812324026095, 0.0 ], [ 104.103407120724285, -2.41079937801132, 0.0 ], [ 104.103387628882089, -2.410794065029128, 0.0 ], [ 104.103350541966947, -2.41078889146472, 0.0 ], [ 104.103330513906798, -2.410793507061981, 0.0 ], [ 104.103314345726673, -2.410805224548289, 0.0 ], [ 104.103314441214621, -2.410820099922184, 0.0 ], [ 104.103326362650193, -2.410839970210007, 0.0 ], [ 104.103340469599416, -2.410847351170908, 0.0 ], [ 104.103361349687816, -2.41085870782908, 0.0 ], [ 104.103389008699111, -2.410863829920908, 0.0 ], [ 104.103422442976424, -2.410861307407979, 0.0 ], [ 104.10344829477512, -2.410842318791364, 0.0 ], [ 104.103464669283156, -2.41083552429579, 0.0 ], [ 104.10350355930305, -2.410816120955446, 0.0 ], [ 104.10353940052768, -2.410798062550823, 0.0 ], [ 104.103584362343597, -2.410807138358636, 0.0 ], [ 104.103638270356029, -2.41088858842576, 0.0 ], [ 104.103620182630848, -2.411042359169965, 0.0 ], [ 104.103566150297809, -2.411150875902246, 0.0 ], [ 104.103503077036081, -2.411331754977514, 0.0 ], [ 104.103422064022752, -2.41144025382788, 0.0 ], [ 104.103278072443388, -2.411584895115913, 0.0 ], [ 104.103135799016272, -2.411630031064853, 44.302299999995739 ], [ 104.10327902947644, -2.411811334446655, 66.45339999999851 ], [ 104.103566380528463, -2.412173078803261, 88.604500000001281 ], [ 104.103611127432089, -2.412195904468587, 0.0 ], [ 104.103639027397833, -2.412164089926042, 0.0 ], [ 104.104275277455073, -2.412545325203743, 0.0 ], [ 104.104294254647044, -2.41255101868141, 0.0 ], [ 104.104782201244518, -2.412657161322936, 0.0 ], [ 104.10502217143555, -2.412581114376012, 0.0 ], [ 104.105209996975347, -2.412480210545602, 0.0 ], [ 104.10533762789828, -2.412383069840672, 0.0 ], [ 104.105418065534622, -2.412309994778925, 0.0 ], [ 104.105518423439975, -2.412248651124929, 0.0 ], [ 104.105653484412471, -2.41214936142062, 0.0 ], [ 104.105769392695905, -2.412066560840396, 0.0 ], [ 104.105760063121338, -2.411939332874436, 0.0 ], [ 104.105706154933173, -2.411857882830166, 0.0 ], [ 104.1056972913415, -2.411658863933463, 0.0 ], [ 104.105697355754771, -2.411560224971599, 0.0 ], [ 104.104858295654608, -2.410797225363228, 0.0 ], [ 104.10463590305811, -2.410464192926748, 0.0 ], [ 104.104528986450376, -2.410346415104197, 0.0 ], [ 104.104352455878882, -2.410046109016749, 0.0 ], [ 104.104187515553534, -2.409911979186099, 0.0 ], [ 104.10416954029435, -2.409893875211169, 0.0 ], [ 104.104106632804388, -2.409821465258714, 0.0 ], [ 104.104025732324374, -2.409758089448893, 0.0 ], [ 104.103944831852544, -2.409694713636994, 0.0 ], [ 104.103809999722614, -2.409586071932885, 0.0 ], [ 104.10369315469319, -2.409477442122901, 0.0 ], [ 104.103378564279282, -2.409196806667803, 0.0 ], [ 104.103279694555681, -2.409106280824042, 0.0 ], [ 104.103198817831782, -2.409006720844281, 0.0 ], [ 104.103045998769389, -2.408898067207372, 0.0 ], [ 104.102902202860236, -2.408744189331361, 0.0 ], [ 104.102758383305499, -2.408626495597892, 0.0 ], [ 104.102605546567389, -2.408544980048193, 0.0 ], [ 104.102461750747352, -2.408391102157217, 0.0 ], [ 104.102093164168465, -2.408164707068937, 0.0 ], [ 104.10194933883416, -2.408056059332244, 0.0 ], [ 104.101796525925153, -2.407938359595962, 0.0 ], [ 104.101643701195599, -2.407838751919793, 0.0 ], [ 104.101535873727144, -2.407693943866509, 0.0 ], [ 104.101419076460388, -2.407512945719642, 0.0 ] ] ] } },
{ "type": "Feature", "properties": { "FID": 381, "OBJECTID": 254, "NIB": "254", "NO": 254, "NAMA": "AWI", "LOKASI_LAH": "LUAR IPPKH", "STATUS": "Lunas", "Lokasi_2": "Barat", "NIB_1": "254", "KETERANGAN": " ", "Luas_Acad": 3.28639052697, "long": 104.088491006, "lat": -2.40795148059 }, "geometry": { "type": "Polygon", "coordinates": [ [ [ 104.089479895905896, -2.407648767342513, 0.0 ], [ 104.088923503950397, -2.407209282363326, 0.0 ], [ 104.088642622700249, -2.407488393565173, 0.0 ], [ 104.088199791476114, -2.407427191825712, 0.0 ], [ 104.088072134039336, -2.407246245605834, 0.0 ], [ 104.087238840669471, -2.407594886884345, 0.0 ], [ 104.087262306672017, -2.408209521509359, 0.0 ], [ 104.08746667993455, -2.408520796351592, 0.0 ], [ 104.087504450891714, -2.408619343601095, 0.0 ], [ 104.088357100714902, -2.408599530419021, 0.0 ], [ 104.088773118038262, -2.408612262010938, 0.0 ], [ 104.089862316929015, -2.408280945674523, 0.0 ], [ 104.089479895905896, -2.407648767342513, 0.0 ] ] ] } },
{ "type": "Feature", "properties": { "FID": 382, "OBJECTID": 229, "NIB": "229", "NO": 229, "NAMA": "KARNATA", "LOKASI_LAH": "LUAR IPPKH", "STATUS": "Lunas", "Lokasi_2": "Barat", "NIB_1": "229", "KETERANGAN": " ", "Luas_Acad": 2.5026968940700001, "long": 104.105751169, "lat": -2.40780835804 }, "geometry": { "type": "Polygon", "coordinates": [ [ [ 104.10579771239054, -2.407276536219877, 0.0 ], [ 104.104884783123921, -2.407077128970998, 0.0 ], [ 104.10461001156574, -2.407561340690823, 0.0 ], [ 104.104555924114351, -2.407716181404325, 0.0 ], [ 104.106390182217169, -2.408642980653206, 0.0 ], [ 104.106892036020724, -2.407457165240957, 0.0 ], [ 104.106754218214519, -2.40737558763789, 0.0 ], [ 104.106482931844198, -2.407300950870886, 0.0 ], [ 104.106357825321723, -2.407366081402232, 0.0 ], [ 104.10579771239054, -2.407276536219877, 0.0 ] ] ] } },
{ "type": "Feature", "properties": { "FID": 383, "OBJECTID": 228, "NIB": "228", "NO": 228, "NAMA": "EPRIYANTO", "LOKASI_LAH": "LUAR IPPKH", "STATUS": "Lunas", "Lokasi_2": "Barat", "NIB_1": "228", "KETERANGAN": " ", "Luas_Acad": 2.36507093138, "long": 104.108737318, "lat": -2.40777024437 }, "geometry": { "type": "Polygon", "coordinates": [ [ [ 104.109630543166801, -2.408065205825982, 0.0 ], [ 104.109214110285762, -2.406950512364997, 0.0 ], [ 104.108052639514838, -2.407158477659361, 0.0 ], [ 104.107827710468641, -2.407615870022794, 0.0 ], [ 104.1082790818718, -2.40785940630176, 0.0 ], [ 104.107982409099804, -2.408402942268797, 0.0 ], [ 104.10841926894399, -2.408640673247229, 0.0 ], [ 104.10860881332826, -2.408236764023942, 0.0 ], [ 104.108918254985639, -2.408407330033274, 0.0 ], [ 104.109306977231441, -2.40836797646499, 0.0 ], [ 104.1092971967159, -2.408358331464724, 0.0 ], [ 104.109575889649307, -2.408185300665456, 0.0 ], [ 104.109630543166801, -2.408065205825982, 0.0 ] ] ] } },
{ "type": "Feature", "properties": { "FID": 384, "OBJECTID": 236, "NIB": "236", "NO": 236, "NAMA": "HORI", "LOKASI_LAH": "APL", "STATUS": "Lunas", "Lokasi_2": "Barat", "NIB_1": "236", "KETERANGAN": " ", "Luas_Acad": 1.1215427310599999, "long": 104.09750919699999, "lat": -2.4076876766400002 }, "geometry": { "type": "Polygon", "coordinates": [ [ [ 104.098176080940334, -2.408066390768764, 0.0 ], [ 104.097056020142901, -2.406862505590705, 0.0 ], [ 104.096993475525977, -2.408213967404601, 0.0 ], [ 104.097638407902636, -2.408332926979808, 0.0 ], [ 104.098176080940334, -2.408066390768764, 0.0 ] ] ] } },
{ "type": "Feature", "properties": { "FID": 385, "OBJECTID": 231, "NIB": "231", "NO": 231, "NAMA": "KARNATA", "LOKASI_LAH": "APL", "STATUS": "Lunas", "Lokasi_2": "Barat", "NIB_1": "231", "KETERANGAN": " ", "Luas_Acad": 1.6990922211499999, "long": 104.100470055, "lat": -2.4072624517699999 }, "geometry": { "type": "Polygon", "coordinates": [ [ [ 104.100100466665864, -2.407001847779564, 0.0 ], [ 104.099384440699325, -2.406697570536329, 0.0 ], [ 104.09922831145299, -2.407015498203529, 0.0 ], [ 104.10077904051569, -2.407887734690819, 0.0 ], [ 104.100816273465639, -2.407874387536077, 0.0 ], [ 104.100888263142821, -2.407811113029844, 0.0 ], [ 104.100953501858214, -2.407771799703912, 0.0 ], [ 104.101655275223081, -2.407043160561846, 0.0 ], [ 104.100892922227573, -2.406822384390074, 0.0 ], [ 104.100100466665864, -2.407001847779564, 0.0 ] ] ] } },
{ "type": "Feature", "properties": { "FID": 386, "OBJECTID": 258, "NIB": "258", "NO": 258, "NAMA": "ISMAIL", "LOKASI_LAH": "LUAR IPPKH", "STATUS": "Lunas", "Lokasi_2": "Barat", "NIB_1": "258", "KETERANGAN": " ", "Luas_Acad": 7.4427118019699998, "long": 104.08189934799999, "lat": -2.4079220383900002 }, "geometry": { "type": "Polygon", "coordinates": [ [ [ 104.081236979267757, -2.406710113280807, 0.0 ], [ 104.081047640885942, -2.406587592824102, 0.0 ], [ 104.080114349158094, -2.407626135701644, 0.0 ], [ 104.080103146273032, -2.40776920842408, 0.0 ], [ 104.080071334615468, -2.407838859004797, 0.0 ], [ 104.08014731870847, -2.407948764987103, 0.0 ], [ 104.080352427621392, -2.408130954573246, 0.0 ], [ 104.080614276348044, -2.408259621358767, 0.0 ], [ 104.080653557733982, -2.408356693327598, 0.0 ], [ 104.080539027032415, -2.408408503409665, 0.0 ], [ 104.080867572220299, -2.408817803794008, 0.0 ], [ 104.081133571157167, -2.408752599787908, 0.0 ], [ 104.081340614772486, -2.408732205760503, 0.0 ], [ 104.081502725403837, -2.408767830183239, 0.0 ], [ 104.081803510534584, -2.408972111489844, 0.0 ], [ 104.081970263644024, -2.408991646204711, 0.0 ], [ 104.082118190198841, -2.409015962522641, 0.0 ], [ 104.082316124587862, -2.409020809541194, 0.0 ], [ 104.082427610231932, -2.409097866405729, 0.0 ], [ 104.082778383669989, -2.409164410996363, 0.0 ], [ 104.08295575746601, -2.409131223713797, 0.0 ], [ 104.083137127636846, -2.409173835468574, 0.0 ], [ 104.083489668412355, -2.409152951578542, 0.0 ], [ 104.083533505312388, -2.40914901908392, 0.0 ], [ 104.083569944762942, -2.409125361321627, 0.0 ], [ 104.08361311776963, -2.409105543612413, 0.0 ], [ 104.083695988186719, -2.409058596676178, 0.0 ], [ 104.083608148222439, -2.408736490901005, 0.0 ], [ 104.083494136045147, -2.408214306275209, 0.0 ], [ 104.083485050982176, -2.408195234799545, 0.0 ], [ 104.083295395103832, -2.407773318196639, 0.0 ], [ 104.083291252012273, -2.407759554632725, 0.0 ], [ 104.083222595446131, -2.40747477567453, 0.0 ], [ 104.082717850321117, -2.407232173649595, 0.0 ], [ 104.082582081937488, -2.407081805298011, 0.0 ], [ 104.082372198163299, -2.407031264474959, 0.0 ], [ 104.082352074194759, -2.407023454120339, 0.0 ], [ 104.082246643516868, -2.406960545719769, 0.0 ], [ 104.082238509442504, -2.406953042899705, 0.0 ], [ 104.08213258897608, -2.406932644883033, 0.0 ], [ 104.08179347833665, -2.40672177951124, 0.0 ], [ 104.081435211384814, -2.406659237219785, 0.0 ], [ 104.081236979267757, -2.406710113280807, 0.0 ] ] ] } },
{ "type": "Feature", "properties": { "FID": 387, "OBJECTID": 230, "NIB": "230", "NO": 230, "NAMA": "KARNATA", "LOKASI_LAH": "LUAR IPPKH", "STATUS": "Lunas", "Lokasi_2": "Barat", "NIB_1": "230", "KETERANGAN": " ", "Luas_Acad": 2.1061153202499998, "long": 104.10362263499999, "lat": -2.4072373957800002 }, "geometry": { "type": "Polygon", "coordinates": [ [ [ 104.103398786725123, -2.406341129290714, 0.0 ], [ 104.103322387296302, -2.406299014698865, 0.0 ], [ 104.102554651244759, -2.406649312474006, 0.0 ], [ 104.10281231079675, -2.406945577930869, 0.0 ], [ 104.103232063734993, -2.407347400288504, 0.0 ], [ 104.103427749299854, -2.407527836303108, 0.0 ], [ 104.103744288311916, -2.407819572396319, 0.0 ], [ 104.103761797996953, -2.407838569806387, 0.0 ], [ 104.103836268979194, -2.407936239409281, 0.0 ], [ 104.103894017449548, -2.408006294861602, 0.0 ], [ 104.103906329798463, -2.408018374944973, 0.0 ], [ 104.103990988079346, -2.408092176962628, 0.0 ], [ 104.10412364091377, -2.408200941091806, 0.0 ], [ 104.104144620796177, -2.408212317692867, 0.0 ], [ 104.104226333134108, -2.408238826848595, 0.0 ], [ 104.104555924114351, -2.407716181404325, 0.0 ], [ 104.10461001156574, -2.407561340690823, 0.0 ], [ 104.104053894842934, -2.40697175475327, 0.0 ], [ 104.103398786725123, -2.406341129290714, 0.0 ] ] ] } },
{ "type": "Feature", "properties": { "FID": 388, "OBJECTID": 256, "NIB": "256", "NO": 256, "NAMA": "KARNATA", "LOKASI_LAH": "LUAR IPPKH", "STATUS": "Lunas", "Lokasi_2": "Barat", "NIB_1": "256", "KETERANGAN": " ", "Luas_Acad": 4.4575866703599996, "long": 104.085662345, "lat": -2.4074684315299999 }, "geometry": { "type": "Polygon", "coordinates": [ [ [ 104.085410157042901, -2.406851731777506, 0.0 ], [ 104.085350505191442, -2.40622140446771, 0.0 ], [ 104.084972330616949, -2.406221173876765, 0.0 ], [ 104.084907980920363, -2.407275192535045, 0.0 ], [ 104.084458019993889, -2.407624208952458, 0.0 ], [ 104.084245138837474, -2.407672759775751, 0.0 ], [ 104.083973327292341, -2.408011728549041, 0.0 ], [ 104.084491794410368, -2.408319000337016, 0.0 ], [ 104.084648800362814, -2.408282099205824, 0.0 ], [ 104.084682882689719, -2.408017074561706, 0.0 ], [ 104.085109182896247, -2.408138461079155, 0.0 ], [ 104.085035423499221, -2.408494633575229, 0.0 ], [ 104.085153454012584, -2.408618719383858, 0.0 ], [ 104.085591764462677, -2.408250435105332, 0.0 ], [ 104.085759605507434, -2.408050701417776, 0.0 ], [ 104.086511438925811, -2.407962666000889, 0.0 ], [ 104.086852626441953, -2.408073920138091, 0.0 ], [ 104.087262306672017, -2.408209521509359, 0.0 ], [ 104.087238840669471, -2.407594886884345, 0.0 ], [ 104.086949645671254, -2.406930565532869, 0.0 ], [ 104.08618093004408, -2.406891918015972, 0.0 ], [ 104.085410157042901, -2.406851731777506, 0.0 ] ] ] } },
{ "type": "Feature", "properties": { "FID": 389, "OBJECTID": 259, "NIB": "259", "NO": 259, "NAMA": "MUSTAR", "LOKASI_LAH": "LUAR IPPKH", "STATUS": "Lunas", "Lokasi_2": "Barat", "NIB_1": "259", "KETERANGAN": " ", "Luas_Acad": 1.10543314571, "long": 104.082898779, "lat": -2.4069449717700002 }, "geometry": { "type": "Polygon", "coordinates": [ [ [ 104.083231458431371, -2.406539417083191, 0.0 ], [ 104.082518973541355, -2.406195757647394, 0.0 ], [ 104.082445282242588, -2.406611009199165, 0.0 ], [ 104.082380084045241, -2.406779175270242, 0.0 ], [ 104.082246643516868, -2.406960545719769, 0.0 ], [ 104.082352074194759, -2.407023454120339, 0.0 ], [ 104.082372198163299, -2.407031264474959, 0.0 ], [ 104.082582081937488, -2.407081805298011, 0.0 ], [ 104.082717850321117, -2.407232173649595, 0.0 ], [ 104.083222595446131, -2.40747477567453, 0.0 ], [ 104.083291252012273, -2.407759554632725, 0.0 ], [ 104.083524715771347, -2.407605812095291, 0.0 ], [ 104.083379032003563, -2.407239975114224, 0.0 ], [ 104.083299339956767, -2.406864331664904, 0.0 ], [ 104.083231458431371, -2.406539417083191, 0.0 ] ] ] } },
{ "type": "Feature", "properties": { "FID": 390, "OBJECTID": 264, "NIB": "264", "NO": 264, "NAMA": "SANTO", "LOKASI_LAH": "LUAR IPPKH", "STATUS": "Lunas", "Lokasi_2": "Barat", "NIB_1": "264", "KETERANGAN": " ", "Luas_Acad": 1.0436013425599999, "long": 104.08850269200001, "lat": -2.4064588634700002 }, "geometry": { "type": "Polygon", "coordinates": [ [ [ 104.088368760996332, -2.405980272150972, 0.0 ], [ 104.088193944986756, -2.405955630058463, 0.0 ], [ 104.087818499654148, -2.406140884994895, 0.0 ], [ 104.087817818524499, -2.40615355075085, 0.0 ], [ 104.087784270640469, -2.406453197858225, 0.0 ], [ 104.088728202954684, -2.406976600952149, 0.0 ], [ 104.089275739212923, -2.406693369183415, 0.0 ], [ 104.089172689612184, -2.406597784108584, 0.0 ], [ 104.088908001650566, -2.406338637288397, 0.0 ], [ 104.088701219811242, -2.406140926398769, 0.0 ], [ 104.088368760996332, -2.405980272150972, 0.0 ] ] ] } },
{ "type": "Feature", "properties": { "FID": 391, "OBJECTID": 262, "NIB": "262", "NO": 262, "NAMA": "MANTO", "LOKASI_LAH": "LUAR IPPKH", "STATUS": "Lunas", "Lokasi_2": "Barat", "NIB_1": "262", "KETERANGAN": " ", "Luas_Acad": 2.34405081897, "long": 104.086724852, "lat": -2.40672416504 }, "geometry": { "type": "Polygon", "coordinates": [ [ [ 104.086075327541479, -2.406331693279127, 0.0 ], [ 104.086121926596661, -2.40584233069302, 0.0 ], [ 104.085707094852481, -2.406223900902821, 0.0 ], [ 104.085350505191442, -2.40622140446771, 0.0 ], [ 104.085410157042901, -2.406851731777506, 0.0 ], [ 104.08618093004408, -2.406891918015972, 0.0 ], [ 104.086949645671254, -2.406930565532869, 0.0 ], [ 104.087238840669471, -2.407594886884345, 0.0 ], [ 104.088072134039336, -2.407246245605834, 0.0 ], [ 104.087722812314226, -2.406739349450504, 0.0 ], [ 104.087422436226007, -2.406118534638057, 0.0 ], [ 104.087445084123502, -2.405844488563082, 0.0 ], [ 104.087276182380862, -2.406431055227892, 0.0 ], [ 104.086075327541479, -2.406331693279127, 0.0 ] ] ] } },
{ "type": "Feature", "properties": { "FID": 392, "OBJECTID": 260, "NIB": "260", "NO": 260, "NAMA": "DARMAN", "LOKASI_LAH": "LUAR IPPKH", "STATUS": "Lunas", "Lokasi_2": "Barat", "NIB_1": "260", "KETERANGAN": " ", "Luas_Acad": 1.05190945415, "long": 104.080186462, "lat": -2.40634233251 }, "geometry": { "type": "Polygon", "coordinates": [ [ [ 104.080898559318086, -2.406274039363518, 0.0 ], [ 104.080559646931704, -2.405667113588791, 0.0 ], [ 104.079439410509409, -2.406582323103291, 0.0 ], [ 104.079881642506905, -2.406983342115848, 0.0 ], [ 104.080898559318086, -2.406274039363518, 0.0 ] ] ] } },
{ "type": "Feature", "properties": { "FID": 393, "OBJECTID": 263, "NIB": "263", "NO": 263, "NAMA": "SANTO", "LOKASI_LAH": "LUAR IPPKH", "STATUS": "Lunas", "Lokasi_2": "Barat", "NIB_1": "263", "KETERANGAN": " ", "Luas_Acad": 1.30499031231, "long": 104.088246318, "lat": -2.40655743159 }, "geometry": { "type": "Polygon", "coordinates": [ [ [ 104.087921103015475, -2.405508249341805, 0.0 ], [ 104.087745598894188, -2.405379679032482, 0.0 ], [ 104.087449108035869, -2.40582520157366, 0.0 ], [ 104.087445084123502, -2.405844488563082, 0.0 ], [ 104.087422436226007, -2.406118534638057, 0.0 ], [ 104.087722812314226, -2.406739349450504, 0.0 ], [ 104.088072134039336, -2.407246245605834, 0.0 ], [ 104.088199791476114, -2.407427191825712, 0.0 ], [ 104.088642622700249, -2.407488393565173, 0.0 ], [ 104.088923503950397, -2.407209282363326, 0.0 ], [ 104.089275739212923, -2.406693369183415, 0.0 ], [ 104.088728202954684, -2.406976600952149, 0.0 ], [ 104.087784270640469, -2.406453197858225, 0.0 ], [ 104.087817818524499, -2.40615355075085, 0.0 ], [ 104.087818499654148, -2.406140884994895, 0.0 ], [ 104.087785489340106, -2.405936148126921, 0.0 ], [ 104.087921103015475, -2.405508249341805, 0.0 ] ] ] } },
{ "type": "Feature", "properties": { "FID": 394, "OBJECTID": 232, "NIB": "232", "NO": 232, "NAMA": "KARNATA", "LOKASI_LAH": "APL", "STATUS": "Lunas", "Lokasi_2": "Barat", "NIB_1": "232", "KETERANGAN": " ", "Luas_Acad": 2.2845796110099998, "long": 104.098294387, "lat": -2.4061833662400001 }, "geometry": { "type": "Polygon", "coordinates": [ [ [ 104.09946773908797, -2.406367925095173, 0.0 ], [ 104.097629694310044, -2.405295084092617, 0.0 ], [ 104.097104166699168, -2.406049417447579, 0.0 ], [ 104.099116766249352, -2.407068207707067, 0.0 ], [ 104.09946773908797, -2.406367925095173, 0.0 ] ] ] } },
{ "type": "Feature", "properties": { "FID": 395, "OBJECTID": 265, "NIB": "265", "NO": 265, "NAMA": "RUSIA", "LOKASI_LAH": "LUAR IPPKH", "STATUS": "Lunas", "Lokasi_2": "Barat", "NIB_1": "265", "KETERANGAN": " ", "Luas_Acad": 1.94086634656, "long": 104.088826101, "lat": -2.40584417559 }, "geometry": { "type": "Polygon", "coordinates": [ [ [ 104.089941175105423, -2.406302135398209, 0.0 ], [ 104.088416061971017, -2.404970142889762, 0.0 ], [ 104.088191913005232, -2.40519512567673, 0.0 ], [ 104.087921103015475, -2.405508249341805, 0.0 ], [ 104.087785489340106, -2.405936148126921, 0.0 ], [ 104.087818499654148, -2.406140884994895, 0.0 ], [ 104.088193944986756, -2.405955630058463, 0.0 ], [ 104.088368760996332, -2.405980272150972, 0.0 ], [ 104.088701219811242, -2.406140926398769, 0.0 ], [ 104.088908001650566, -2.406338637288397, 0.0 ], [ 104.089172689612184, -2.406597784108584, 0.0 ], [ 104.089275739212923, -2.406693369183415, 0.0 ], [ 104.089941175105423, -2.406302135398209, 0.0 ] ] ] } },
{ "type": "Feature", "properties": { "FID": 396, "OBJECTID": 267, "NIB": "267", "NO": 267, "NAMA": "BADERUN", "LOKASI_LAH": "LUAR IPPKH", "STATUS": "Lunas", "Lokasi_2": "Barat", "NIB_1": "267", "KETERANGAN": " ", "Luas_Acad": 1.7457466512199999, "long": 104.08558873, "lat": -2.40557632873 }, "geometry": { "type": "Polygon", "coordinates": [ [ [ 104.086223120046597, -2.405033241432284, 0.0 ], [ 104.085907215781575, -2.40490436386544, 0.0 ], [ 104.085475261933269, -2.405008783953601, 0.0 ], [ 104.085219179773034, -2.405282031171468, 0.0 ], [ 104.084751749259439, -2.405557836003584, 0.0 ], [ 104.084920745053836, -2.405841926404783, 0.0 ], [ 104.084972330616949, -2.406221173876765, 0.0 ], [ 104.085350505191442, -2.40622140446771, 0.0 ], [ 104.085707094852481, -2.406223900902821, 0.0 ], [ 104.086121926596661, -2.40584233069302, 0.0 ], [ 104.086133933959218, -2.405832612521839, 0.0 ], [ 104.086404083691008, -2.405137726949353, 0.0 ], [ 104.086412412138685, -2.405124819390382, 0.0 ], [ 104.086223120046597, -2.405033241432284, 0.0 ] ] ] } },
{ "type": "Feature", "properties": { "FID": 397, "OBJECTID": 266, "NIB": "266", "NO": 266, "NAMA": "JULKIPLI", "LOKASI_LAH": "LUAR IPPKH", "STATUS": "Lunas", "Lokasi_2": "Barat", "NIB_1": "266", "KETERANGAN": " ", "Luas_Acad": 2.27311667141, "long": 104.0868839, "lat": -2.40560079252 }, "geometry": { "type": "Polygon", "coordinates": [ [ [ 104.087745598894188, -2.405379679032482, 0.0 ], [ 104.086772223899175, -2.404655442919934, 0.0 ], [ 104.086745325955434, -2.404701845283192, 0.0 ], [ 104.086580806292019, -2.404961973552623, 0.0 ], [ 104.086412412138685, -2.405124819390382, 0.0 ], [ 104.086404083691008, -2.405137726949353, 0.0 ], [ 104.086133933959218, -2.405832612521839, 0.0 ], [ 104.086075327541479, -2.406331693279127, 0.0 ], [ 104.087276182380862, -2.406431055227892, 0.0 ], [ 104.087445084123502, -2.405844488563082, 0.0 ], [ 104.087449108035869, -2.40582520157366, 0.0 ], [ 104.087745598894188, -2.405379679032482, 0.0 ] ] ] } },
{ "type": "Feature", "properties": { "FID": 398, "OBJECTID": 261, "NIB": "261", "NO": 261, "NAMA": "IRHADI", "LOKASI_LAH": "LUAR IPPKH", "STATUS": "Lunas", "Lokasi_2": "Barat", "NIB_1": "261", "KETERANGAN": " ", "Luas_Acad": 3.2117881226499998, "long": 104.079455526, "lat": -2.4054980000900001 }, "geometry": { "type": "Polygon", "coordinates": [ [ [ 104.080559646931704, -2.405667113588791, 0.0 ], [ 104.080053078659176, -2.404563621576645, 0.0 ], [ 104.07889960804242, -2.404721135079135, 0.0 ], [ 104.078268990443078, -2.404944432203087, 0.0 ], [ 104.079439410509409, -2.406582323103291, 0.0 ], [ 104.080559646931704, -2.405667113588791, 0.0 ] ] ] } },
{ "type": "Feature", "properties": { "FID": 399, "OBJECTID": 268, "NIB": "268", "NO": 268, "NAMA": "YANTO", "LOKASI_LAH": "LUAR IPPKH", "STATUS": "Lunas", "Lokasi_2": "Barat", "NIB_1": "268", "KETERANGAN": " ", "Luas_Acad": 1.0229914603800001, "long": 104.087469406, "lat": -2.4047869884100002 }, "geometry": { "type": "Polygon", "coordinates": [ [ [ 104.088191913005232, -2.40519512567673, 0.0 ], [ 104.087122153143625, -2.404033469843643, 0.0 ], [ 104.086772223899175, -2.404655442919934, 0.0 ], [ 104.087745598894188, -2.405379679032482, 0.0 ], [ 104.087921103015475, -2.405508249341805, 0.0 ], [ 104.088191913005232, -2.40519512567673, 0.0 ] ] ] } },
{ "type": "Feature", "properties": { "FID": 400, "OBJECTID": 269, "NIB": "269", "NO": 269, "NAMA": "BUDIN", "LOKASI_LAH": "LUAR IPPKH", "STATUS": "Lunas", "Lokasi_2": "Barat", "NIB_1": "269", "KETERANGAN": " ", "Luas_Acad": 1.0284786485799999, "long": 104.086311833, "lat": -2.40450367021 }, "geometry": { "type": "Polygon", "coordinates": [ [ [ 104.086356423160254, -2.403989318751341, 0.0 ], [ 104.086146571539132, -2.403885134978652, 0.0 ], [ 104.086001654985807, -2.404164206930397, 0.0 ], [ 104.085824509777183, -2.404508888575575, 0.0 ], [ 104.085907215781575, -2.40490436386544, 0.0 ], [ 104.086223120046597, -2.405033241432284, 0.0 ], [ 104.086412412138685, -2.405124819390382, 0.0 ], [ 104.086580806292019, -2.404961973552623, 0.0 ], [ 104.086745325955434, -2.404701845283192, 0.0 ], [ 104.086779368014192, -2.404137794843103, 0.0 ], [ 104.086692711897527, -2.404022178421956, 0.0 ], [ 104.086356423160254, -2.403989318751341, 0.0 ] ] ] } },
{ "type": "Feature", "properties": { "FID": 401, "OBJECTID": 293, "NIB": "293", "NO": 293, "NAMA": "MUN GANI", "LOKASI_LAH": "LUAR IPPKH", "STATUS": "Lunas", "Lokasi_2": "Barat", "NIB_1": "293", "KETERANGAN": " ", "Luas_Acad": 1.8697040978499999, "long": 104.08156370499999, "lat": -2.4043466930799999 }, "geometry": { "type": "Polygon", "coordinates": [ [ [ 104.081970494670117, -2.404026725706526, 0.0 ], [ 104.081722650701678, -2.403603773962515, 0.0 ], [ 104.080846592364253, -2.403979223892188, 0.0 ], [ 104.080862641924739, -2.404080263946188, 0.0 ], [ 104.080698138171726, -2.404248344593946, 0.0 ], [ 104.080864064800863, -2.404709096625498, 0.0 ], [ 104.081336186272338, -2.404882294065343, 0.0 ], [ 104.082438861883233, -2.405015088719691, 0.0 ], [ 104.082351026197742, -2.404612880821219, 0.0 ], [ 104.082227393305459, -2.404363629989471, 0.0 ], [ 104.081970494670117, -2.404026725706526, 0.0 ] ] ] } },
{ "type": "Feature", "properties": { "FID": 402, "OBJECTID": 272, "NIB": "272", "NO": 272, "NAMA": "HASAN ASIDI", "LOKASI_LAH": "LUAR IPPKH", "STATUS": "Lunas", "Lokasi_2": "Barat", "NIB_1": "272", "KETERANGAN": " ", "Luas_Acad": 1.38760874348, "long": 104.090361653, "lat": -2.4042352287100002 }, "geometry": { "type": "Polygon", "coordinates": [ [ [ 104.090279286211469, -2.403747135808161, 0.0 ], [ 104.090193810419322, -2.403466037118985, 0.0 ], [ 104.08977944395366, -2.403521053217922, 0.0 ], [ 104.089585202961487, -2.40365822786308, 0.0 ], [ 104.089497744109565, -2.404020660860096, 0.0 ], [ 104.089999703130559, -2.404350471086247, 0.0 ], [ 104.090146706294561, -2.404302471974025, 0.0 ], [ 104.09091736572735, -2.405077724788725, 0.0 ], [ 104.091254801643501, -2.404659786173835, 0.0 ], [ 104.090833481194025, -2.404215799939447, 0.0 ], [ 104.090480462998869, -2.403918291714022, 0.0 ], [ 104.090279286211469, -2.403747135808161, 0.0 ] ] ] } },
{ "type": "Feature", "properties": { "FID": 403, "OBJECTID": 270, "NIB": "270", "NO": 270, "NAMA": "LUK", "LOKASI_LAH": "LUAR IPPKH", "STATUS": "Lunas", "Lokasi_2": "Barat", "NIB_1": "270", "KETERANGAN": " ", "Luas_Acad": 1.2749545842700001, "long": 104.087657964, "lat": -2.4042552292599999 }, "geometry": { "type": "Polygon", "coordinates": [ [ [ 104.088529177694383, -2.404857239672886, 0.0 ], [ 104.087198847051098, -2.403330377464976, 0.0 ], [ 104.086780107440674, -2.403662643280602, 0.0 ], [ 104.087122153143625, -2.404033469843643, 0.0 ], [ 104.088191913005232, -2.40519512567673, 0.0 ], [ 104.088416061971017, -2.404970142889762, 0.0 ], [ 104.088529177694383, -2.404857239672886, 0.0 ] ] ] } },
{ "type": "Feature", "properties": { "FID": 404, "OBJECTID": 292, "NIB": "292", "NO": 292, "NAMA": "KARDANI", "LOKASI_LAH": "LUAR IPPKH", "STATUS": "Lunas", "Lokasi_2": "Barat", "NIB_1": "292", "KETERANGAN": " ", "Luas_Acad": 4.0924762229900002, "long": 104.08318846500001, "lat": -2.40446796129 }, "geometry": { "type": "Polygon", "coordinates": [ [ [ 104.084246833401934, -2.403259208477048, 0.0 ], [ 104.083485997491778, -2.403196768268347, 0.0 ], [ 104.08280599710919, -2.403843823135785, 0.0 ], [ 104.08247810001626, -2.404106843565449, 0.0 ], [ 104.08222155517349, -2.404103205575502, 0.0 ], [ 104.081970494670117, -2.404026725706526, 0.0 ], [ 104.082227393305459, -2.404363629989471, 0.0 ], [ 104.082351026197742, -2.404612880821219, 0.0 ], [ 104.082438861883233, -2.405015088719691, 0.0 ], [ 104.082535095329362, -2.405447420931285, 0.0 ], [ 104.083799919809607, -2.405741582714048, 0.0 ], [ 104.083937980311404, -2.404722500906252, 0.0 ], [ 104.084032366545188, -2.404041649105944, 0.0 ], [ 104.084183750331533, -2.403513343014845, 0.0 ], [ 104.084246833401934, -2.403259208477048, 0.0 ] ] ] } },
{ "type": "Feature", "properties": { "FID": 405, "OBJECTID": 291, "NIB": "291", "NO": 291, "NAMA": "MIRJAWAWI", "LOKASI_LAH": "LUAR IPPKH", "STATUS": "Lunas", "Lokasi_2": "Barat", "NIB_1": "291", "KETERANGAN": " ", "Luas_Acad": 3.3015476634000001, "long": 104.08492835600001, "lat": -2.4043039722400001 }, "geometry": { "type": "Polygon", "coordinates": [ [ [ 104.085337431781525, -2.403757920932069, 0.0 ], [ 104.084918156764999, -2.40303803218023, 0.0 ], [ 104.084183750331533, -2.403513343014845, 0.0 ], [ 104.084032366545188, -2.404041649105944, 0.0 ], [ 104.083937980311404, -2.404722500906252, 0.0 ], [ 104.084420983449448, -2.404606141563889, 0.0 ], [ 104.084751749259439, -2.405557836003584, 0.0 ], [ 104.085219179773034, -2.405282031171468, 0.0 ], [ 104.085475261933269, -2.405008783953601, 0.0 ], [ 104.085907215781575, -2.40490436386544, 0.0 ], [ 104.085824509777183, -2.404508888575575, 0.0 ], [ 104.086001654985807, -2.404164206930397, 0.0 ], [ 104.085747811979488, -2.404162560633015, 0.0 ], [ 104.085165366172731, -2.404178025965806, 0.0 ], [ 104.085337431781525, -2.403757920932069, 0.0 ] ] ] } },
{ "type": "Feature", "properties": { "FID": 406, "OBJECTID": 300, "NIB": "300", "NO": 300, "NAMA": "KAMARUDIN", "LOKASI_LAH": "LUAR IPPKH", "STATUS": "Lunas", "Lokasi_2": "Barat", "NIB_1": "300", "KETERANGAN": " ", "Luas_Acad": 2.1308392010500001, "long": 104.08051671, "lat": -2.40360107362 }, "geometry": { "type": "Polygon", "coordinates": [ [ [ 104.081577702665342, -2.403655826070977, 0.0 ], [ 104.081058116071517, -2.402886516887361, 0.0 ], [ 104.080934229357965, -2.402920501171443, 0.0 ], [ 104.079498908838147, -2.403305438246762, 0.0 ], [ 104.079957843255386, -2.404367820043941, 0.0 ], [ 104.080846592364253, -2.403979223892188, 0.0 ], [ 104.081577702665342, -2.403655826070977, 0.0 ] ] ] } },
{ "type": "Feature", "properties": { "FID": 407, "OBJECTID": 299, "NIB": "299", "NO": 299, "NAMA": "ALI", "LOKASI_LAH": "LUAR IPPKH", "STATUS": "Lunas", "Lokasi_2": "Barat", "NIB_1": "299", "KETERANGAN": " ", "Luas_Acad": 0.30410752548999997, "long": 104.08139828500001, "lat": -2.4031585732799998 }, "geometry": { "type": "Polygon", "coordinates": [ [ [ 104.081626041308382, -2.403107150834103, 0.0 ], [ 104.081421841544582, -2.4027195785453, 0.0 ], [ 104.081058116071517, -2.402886516887361, 0.0 ], [ 104.081577702665342, -2.403655826070977, 0.0 ], [ 104.081722650701678, -2.403603773962515, 0.0 ], [ 104.081535320629627, -2.403285071118246, 0.0 ], [ 104.081481863336435, -2.403199323332234, 0.0 ], [ 104.081626041308382, -2.403107150834103, 0.0 ] ] ] } },
{ "type": "Feature", "properties": { "FID": 408, "OBJECTID": 289, "NIB": "289", "NO": 289, "NAMA": "YANTO", "LOKASI_LAH": "LUAR IPPKH", "STATUS": "Lunas", "Lokasi_2": "Barat", "NIB_1": "289", "KETERANGAN": " ", "Luas_Acad": 1.106263452, "long": 104.086444859, "lat": -2.40369020243 }, "geometry": { "type": "Polygon", "coordinates": [ [ [ 104.086770799540759, -2.403654022514921, 0.0 ], [ 104.086420191858494, -2.402683055903744, 0.0 ], [ 104.085747811979488, -2.404162560633015, 0.0 ], [ 104.086001654985807, -2.404164206930397, 0.0 ], [ 104.086146571539132, -2.403885134978652, 0.0 ], [ 104.086356423160254, -2.403989318751341, 0.0 ], [ 104.086692711897527, -2.404022178421956, 0.0 ], [ 104.086779368014192, -2.404137794843103, 0.0 ], [ 104.086745325955434, -2.404701845283192, 0.0 ], [ 104.086772223899175, -2.404655442919934, 0.0 ], [ 104.087122153143625, -2.404033469843643, 0.0 ], [ 104.086780107440674, -2.403662643280602, 0.0 ], [ 104.086770799540759, -2.403654022514921, 0.0 ] ] ] } },
{ "type": "Feature", "properties": { "FID": 409, "OBJECTID": 273, "NIB": "273", "NO": 273, "NAMA": "YANTO", "LOKASI_LAH": "LUAR IPPKH", "STATUS": "Lunas", "Lokasi_2": "Barat", "NIB_1": "273", "KETERANGAN": " ", "Luas_Acad": 1.4209125246100001, "long": 104.090761937, "lat": -2.4034111767300002 }, "geometry": { "type": "Polygon", "coordinates": [ [ [ 104.091061365414234, -2.40280268955195, 0.0 ], [ 104.090415104336486, -2.402630773619496, 0.0 ], [ 104.090389946974142, -2.403244921170391, 0.0 ], [ 104.090193810419322, -2.403466037118985, 0.0 ], [ 104.090279286211469, -2.403747135808161, 0.0 ], [ 104.090480462998869, -2.403918291714022, 0.0 ], [ 104.090833481194025, -2.404215799939447, 0.0 ], [ 104.091029955644771, -2.404186853983127, 0.0 ], [ 104.091307475474579, -2.403134269329133, 0.0 ], [ 104.091252053140863, -2.402914034219369, 0.0 ], [ 104.091061365414234, -2.40280268955195, 0.0 ] ] ] } },
{ "type": "Feature", "properties": { "FID": 410, "OBJECTID": 271, "NIB": "271", "NO": 271, "NAMA": "MUSTOPA", "LOKASI_LAH": "LUAR IPPKH", "STATUS": "Lunas", "Lokasi_2": "Barat", "NIB_1": "271", "KETERANGAN": " ", "Luas_Acad": 2.19758154219, "long": 104.088140434, "lat": -2.4037472527700001 }, "geometry": { "type": "Polygon", "coordinates": [ [ [ 104.089108559990876, -2.404154567507913, 0.0 ], [ 104.087385266309369, -2.402560918574374, 0.0 ], [ 104.087198847051098, -2.403330377464976, 0.0 ], [ 104.088529177694383, -2.404857239672886, 0.0 ], [ 104.088536700339247, -2.404863257603855, 0.0 ], [ 104.088941226243776, -2.404579466476193, 0.0 ], [ 104.089108559990876, -2.404154567507913, 0.0 ] ] ] } },
{ "type": "Feature", "properties": { "FID": 411, "OBJECTID": 275, "NIB": "275", "NO": 275, "NAMA": "KADIR", "LOKASI_LAH": "LUAR IPPKH", "STATUS": "Lunas", "Lokasi_2": "Barat", "NIB_1": "275", "KETERANGAN": " ", "Luas_Acad": 1.7387972571899999, "long": 104.09662627100001, "lat": -2.403537767 }, "geometry": { "type": "Polygon", "coordinates": [ [ [ 104.097445946362484, -2.403997598706388, 0.0 ], [ 104.096380843902963, -2.402555778026552, 0.0 ], [ 104.096140610331901, -2.40280571277892, 0.0 ], [ 104.095832888146816, -2.402964880867617, 0.0 ], [ 104.096191518644275, -2.403693478287033, 0.0 ], [ 104.096751203913513, -2.404496549764942, 0.0 ], [ 104.097445946362484, -2.403997598706388, 0.0 ] ] ] } },
{ "type": "Feature", "properties": { "FID": 412, "OBJECTID": 286, "NIB": "286", "NO": 286, "NAMA": "DARMAN", "LOKASI_LAH": "LUAR IPPKH", "STATUS": "Lunas", "Lokasi_2": "Barat", "NIB_1": "286", "KETERANGAN": " ", "Luas_Acad": 1.22778845449, "long": 104.089885416, "lat": -2.4029219352200002 }, "geometry": { "type": "Polygon", "coordinates": [ [ [ 104.090114493439231, -2.402466146640691, 0.0 ], [ 104.089555978010324, -2.402298873671934, 0.0 ], [ 104.08941800439375, -2.402546659930469, 0.0 ], [ 104.089361365822015, -2.402964086180897, 0.0 ], [ 104.089556955232581, -2.403467057729912, 0.0 ], [ 104.08977944395366, -2.403521053217922, 0.0 ], [ 104.090193810419322, -2.403466037118985, 0.0 ], [ 104.090389946974142, -2.403244921170391, 0.0 ], [ 104.090415104336486, -2.402630773619496, 0.0 ], [ 104.090114493439231, -2.402466146640691, 0.0 ] ] ] } },
{ "type": "Feature", "properties": { "FID": 413, "OBJECTID": 290, "NIB": "290", "NO": 290, "NAMA": "HARDI", "LOKASI_LAH": "LUAR IPPKH", "STATUS": "Lunas", "Lokasi_2": "Barat", "NIB_1": "290", "KETERANGAN": " ", "Luas_Acad": 1.2966748568899999, "long": 104.085806948, "lat": -2.4032442131899998 }, "geometry": { "type": "Polygon", "coordinates": [ [ [ 104.086420191858494, -2.402683055903744, 0.0 ], [ 104.085965209457115, -2.402221725065525, 0.0 ], [ 104.085337431781525, -2.403757920932069, 0.0 ], [ 104.085165366172731, -2.404178025965806, 0.0 ], [ 104.085747811979488, -2.404162560633015, 0.0 ], [ 104.086420191858494, -2.402683055903744, 0.0 ] ] ] } },
{ "type": "Feature", "properties": { "FID": 414, "OBJECTID": 297, "NIB": "297", "NO": 297, "NAMA": "AMAN", "LOKASI_LAH": "LUAR IPPKH", "STATUS": "Lunas", "Lokasi_2": "Barat", "NIB_1": "297", "KETERANGAN": " ", "Luas_Acad": 0.51803519937700004, "long": 104.08376864500001, "lat": -2.4027382289200001 }, "geometry": { "type": "Polygon", "coordinates": [ [ [ 104.084246833401934, -2.403259208477048, 0.0 ], [ 104.083598140767876, -2.402142698064296, 0.0 ], [ 104.083563701137464, -2.402159090603503, 0.0 ], [ 104.083317870648429, -2.402280619632566, 0.0 ], [ 104.083439144083343, -2.402466128005989, 0.0 ], [ 104.083446275510966, -2.402478830676552, 0.0 ], [ 104.083699320282633, -2.402982405448931, 0.0 ], [ 104.083485997491778, -2.403196768268347, 0.0 ], [ 104.084246833401934, -2.403259208477048, 0.0 ] ] ] } },
{ "type": "Feature", "properties": { "FID": 415, "OBJECTID": 298, "NIB": "298", "NO": 298, "NAMA": "YAKUP", "LOKASI_LAH": "LUAR IPPKH", "STATUS": "Lunas", "Lokasi_2": "Barat", "NIB_1": "298", "KETERANGAN": " ", "Luas_Acad": 2.993924848, "long": 104.082607177, "lat": -2.4031174343299999 }, "geometry": { "type": "Polygon", "coordinates": [ [ [ 104.083317870648429, -2.402280619632566, 0.0 ], [ 104.083178541552542, -2.402060722500111, 0.0 ], [ 104.08234475780759, -2.40259824870699, 0.0 ], [ 104.081943487672888, -2.402917016094063, 0.0 ], [ 104.081626041308382, -2.403107150834103, 0.0 ], [ 104.081481863336435, -2.403199323332234, 0.0 ], [ 104.081535320629627, -2.403285071118246, 0.0 ], [ 104.081722650701678, -2.403603773962515, 0.0 ], [ 104.081970494670117, -2.404026725706526, 0.0 ], [ 104.08222155517349, -2.404103205575502, 0.0 ], [ 104.08247810001626, -2.404106843565449, 0.0 ], [ 104.08280599710919, -2.403843823135785, 0.0 ], [ 104.083485997491778, -2.403196768268347, 0.0 ], [ 104.083699320282633, -2.402982405448931, 0.0 ], [ 104.083446275510966, -2.402478830676552, 0.0 ], [ 104.083439144083343, -2.402466128005989, 0.0 ], [ 104.083317870648429, -2.402280619632566, 0.0 ] ] ] } },
{ "type": "Feature", "properties": { "FID": 416, "OBJECTID": 276, "NIB": "276", "NO": 276, "NAMA": "KARIM", "LOKASI_LAH": "LUAR IPPKH", "STATUS": "Lunas", "Lokasi_2": "Barat", "NIB_1": "276", "KETERANGAN": " ", "Luas_Acad": 1.61423592514, "long": 104.097154191, "lat": -2.4029907644700002 }, "geometry": { "type": "Polygon", "coordinates": [ [ [ 104.097916859167412, -2.403387892656126, 0.0 ], [ 104.096909656964158, -2.401997106871379, 0.0 ], [ 104.096380843902963, -2.402555778026552, 0.0 ], [ 104.097445946362484, -2.403997598706388, 0.0 ], [ 104.097916859167412, -2.403387892656126, 0.0 ] ] ] } },
{ "type": "Feature", "properties": { "FID": 417, "OBJECTID": 301, "NIB": "301", "NO": 301, "NAMA": "YANTO", "LOKASI_LAH": "LUAR IPPKH", "STATUS": "Lunas", "Lokasi_2": "Barat", "NIB_1": "301", "KETERANGAN": " ", "Luas_Acad": 2.11510513176, "long": 104.08013284099999, "lat": -2.4026518611499998 }, "geometry": { "type": "Polygon", "coordinates": [ [ [ 104.080862662421382, -2.402583994533095, 0.0 ], [ 104.079525921722706, -2.401866733691785, 0.0 ], [ 104.079268293089996, -2.40251951175084, 0.0 ], [ 104.079097533442592, -2.402960378589906, 0.0 ], [ 104.079207335795459, -2.40336759457379, 0.0 ], [ 104.080934229357965, -2.402920501171443, 0.0 ], [ 104.081058116071517, -2.402886516887361, 0.0 ], [ 104.081421841544582, -2.4027195785453, 0.0 ], [ 104.081253408534607, -2.402481739730792, 0.0 ], [ 104.080862662421382, -2.402583994533095, 0.0 ] ] ] } },
{ "type": "Feature", "properties": { "FID": 418, "OBJECTID": 274, "NIB": "274", "NO": 274, "NAMA": "MUSLIM", "LOKASI_LAH": "LUAR IPPKH", "STATUS": "Lunas", "Lokasi_2": "Barat", "NIB_1": "274", "KETERANGAN": " ", "Luas_Acad": 6.7462564874100002, "long": 104.09227635000001, "lat": -2.4034503975799999 }, "geometry": { "type": "Polygon", "coordinates": [ [ [ 104.091952701360583, -2.401840682931458, 0.0 ], [ 104.09193873414624, -2.401839874836707, 0.0 ], [ 104.091509147057081, -2.401879269899466, 0.0 ], [ 104.091252053140863, -2.402914034219369, 0.0 ], [ 104.091307475474579, -2.403134269329133, 0.0 ], [ 104.091029955644771, -2.404186853983127, 0.0 ], [ 104.090833481194025, -2.404215799939447, 0.0 ], [ 104.091254801643501, -2.404659786173835, 0.0 ], [ 104.091467779554691, -2.404881831036516, 0.0 ], [ 104.092021764279551, -2.405188364058182, 0.0 ], [ 104.09226133180259, -2.404659169616271, 0.0 ], [ 104.09265909662345, -2.404371681767944, 0.0 ], [ 104.093122067784634, -2.403819650338478, 0.0 ], [ 104.093889897975572, -2.403174358535965, 0.0 ], [ 104.092431754361684, -2.401934772999196, 0.0 ], [ 104.091952701360583, -2.401840682931458, 0.0 ] ] ] } },
{ "type": "Feature", "properties": { "FID": 419, "OBJECTID": 302, "NIB": "302", "NO": 302, "NAMA": "MUN GANI", "LOKASI_LAH": "LUAR IPPKH", "STATUS": "Lunas", "Lokasi_2": "Barat", "NIB_1": "302", "KETERANGAN": " ", "Luas_Acad": 1.0989899753500001, "long": 104.078529645, "lat": -2.40230065661 }, "geometry": { "type": "Polygon", "coordinates": [ [ [ 104.079268293089996, -2.40251951175084, 0.0 ], [ 104.078112813587637, -2.401610611451403, 0.0 ], [ 104.077816793538119, -2.402146421063329, 0.0 ], [ 104.078284042857177, -2.402655936253905, 0.0 ], [ 104.078646117219364, -2.402698164231929, 0.0 ], [ 104.079097533442592, -2.402960378589906, 0.0 ], [ 104.079268293089996, -2.40251951175084, 0.0 ] ] ] } },
{ "type": "Feature", "properties": { "FID": 420, "OBJECTID": 287, "NIB": "287", "NO": 287, "NAMA": "MANTO", "LOKASI_LAH": "LUAR IPPKH", "STATUS": "Lunas", "Lokasi_2": "Barat", "NIB_1": "287", "KETERANGAN": " ", "Luas_Acad": 3.5249674605800001, "long": 104.08860329, "lat": -2.4029126572499999 }, "geometry": { "type": "Polygon", "coordinates": [ [ [ 104.087975790019712, -2.402188411650617, 0.0 ], [ 104.087739587186775, -2.401427339456705, 0.0 ], [ 104.087385266309369, -2.402560918574374, 0.0 ], [ 104.089108559990876, -2.404154567507913, 0.0 ], [ 104.089320857437372, -2.404350893386604, 0.0 ], [ 104.089497744109565, -2.404020660860096, 0.0 ], [ 104.089585202961487, -2.40365822786308, 0.0 ], [ 104.08977944395366, -2.403521053217922, 0.0 ], [ 104.089556955232581, -2.403467057729912, 0.0 ], [ 104.089361365822015, -2.402964086180897, 0.0 ], [ 104.08941800439375, -2.402546659930469, 0.0 ], [ 104.089555978010324, -2.402298873671934, 0.0 ], [ 104.087975790019712, -2.402188411650617, 0.0 ] ] ] } },
{ "type": "Feature", "properties": { "FID": 421, "OBJECTID": 295, "NIB": "295", "NO": 295, "NAMA": "YANZA", "LOKASI_LAH": "LUAR IPPKH", "STATUS": "Lunas", "Lokasi_2": "Barat", "NIB_1": "295", "KETERANGAN": " ", "Luas_Acad": 0.85693692606100003, "long": 104.083800498, "lat": -2.4017633079 }, "geometry": { "type": "Polygon", "coordinates": [ [ [ 104.0847521471959, -2.401388984506603, 0.0 ], [ 104.084709697242943, -2.401270070730092, 0.0 ], [ 104.083622724026199, -2.401570997913264, 0.0 ], [ 104.083395723894, -2.40159303467931, 0.0 ], [ 104.082949355293422, -2.401703474632785, 0.0 ], [ 104.083178541552542, -2.402060722500111, 0.0 ], [ 104.083317870648429, -2.402280619632566, 0.0 ], [ 104.083563701137464, -2.402159090603503, 0.0 ], [ 104.083598140767876, -2.402142698064296, 0.0 ], [ 104.083611393439526, -2.402136053673023, 0.0 ], [ 104.0847521471959, -2.401388984506603, 0.0 ] ] ] } },
{ "type": "Feature", "properties": { "FID": 422, "OBJECTID": 294, "NIB": "294", "NO": 294, "NAMA": "MIRZAWAWI", "LOKASI_LAH": "LUAR IPPKH", "STATUS": "Lunas", "Lokasi_2": "Barat", "NIB_1": "294", "KETERANGAN": " ", "Luas_Acad": 1.9830285485800001, "long": 104.084383413, "lat": -2.4023546824399999 }, "geometry": { "type": "Polygon", "coordinates": [ [ [ 104.085122027064628, -2.401669804137506, 0.0 ], [ 104.084841975667644, -2.40124411002799, 0.0 ], [ 104.084709697242943, -2.401270070730092, 0.0 ], [ 104.0847521471959, -2.401388984506603, 0.0 ], [ 104.083611393439526, -2.402136053673023, 0.0 ], [ 104.083598140767876, -2.402142698064296, 0.0 ], [ 104.084246833401934, -2.403259208477048, 0.0 ], [ 104.084183750331533, -2.403513343014845, 0.0 ], [ 104.084918156764999, -2.40303803218023, 0.0 ], [ 104.084626056683717, -2.402507174658955, 0.0 ], [ 104.085122027064628, -2.401669804137506, 0.0 ] ] ] } },
{ "type": "Feature", "properties": { "FID": 423, "OBJECTID": 288, "NIB": "288", "NO": 288, "NAMA": "HERI", "LOKASI_LAH": "LUAR IPPKH", "STATUS": "Lunas", "Lokasi_2": "Barat", "NIB_1": "288", "KETERANGAN": " ", "Luas_Acad": 1.9097217746, "long": 104.08862665300001, "lat": -2.4016990924899999 }, "geometry": { "type": "Polygon", "coordinates": [ [ [ 104.089555978010324, -2.402298873671934, 0.0 ], [ 104.089021363916117, -2.401056191052545, 0.0 ], [ 104.087721819914208, -2.401313166965835, 0.0 ], [ 104.087975790019712, -2.402188411650617, 0.0 ], [ 104.089555978010324, -2.402298873671934, 0.0 ] ] ] } },
{ "type": "Feature", "properties": { "FID": 424, "OBJECTID": 285, "NIB": "285", "NO": 285, "NAMA": "IWAN", "LOKASI_LAH": "LUAR IPPKH", "STATUS": "Lunas", "Lokasi_2": "Barat", "NIB_1": "285", "KETERANGAN": " ", "Luas_Acad": 2.0006589182800001, "long": 104.090852036, "lat": -2.40195817689 }, "geometry": { "type": "Polygon", "coordinates": [ [ [ 104.091057514046142, -2.401167969471214, 0.0 ], [ 104.090941450245964, -2.401050404979634, 0.0 ], [ 104.090140638911251, -2.40130184770797, 0.0 ], [ 104.090442564073726, -2.401966058587083, 0.0 ], [ 104.090415104336486, -2.402630773619496, 0.0 ], [ 104.091061365414234, -2.40280268955195, 0.0 ], [ 104.091252053140863, -2.402914034219369, 0.0 ], [ 104.091509147057081, -2.401879269899466, 0.0 ], [ 104.091362438738926, -2.401474670313501, 0.0 ], [ 104.091057514046142, -2.401167969471214, 0.0 ] ] ] } },
{ "type": "Feature", "properties": { "FID": 425, "OBJECTID": 303, "NIB": "303", "NO": 303, "NAMA": "NULAZIM", "LOKASI_LAH": "LUAR IPPKH", "STATUS": "Lunas", "Lokasi_2": "Barat", "NIB_1": "303", "KETERANGAN": " ", "Luas_Acad": 1.56384511415, "long": 104.078859204, "lat": -2.4016970441900001 }, "geometry": { "type": "Polygon", "coordinates": [ [ [ 104.079297899168253, -2.401125772083494, 0.0 ], [ 104.078503428507943, -2.400971999433998, 0.0 ], [ 104.078112813587637, -2.401610611451403, 0.0 ], [ 104.079268293089996, -2.40251951175084, 0.0 ], [ 104.079525921722706, -2.401866733691785, 0.0 ], [ 104.079297899168253, -2.401125772083494, 0.0 ] ] ] } },
{ "type": "Feature", "properties": { "FID": 426, "OBJECTID": 296, "NIB": "296", "NO": 296, "NAMA": "MIRJAWAWI", "LOKASI_LAH": "LUAR IPPKH", "STATUS": "Lunas", "Lokasi_2": "Barat", "NIB_1": "296", "KETERANGAN": " ", "Luas_Acad": 3.0016734247299999, "long": 104.082070767, "lat": -2.40201747466 }, "geometry": { "type": "Polygon", "coordinates": [ [ [ 104.082949355293422, -2.401703474632785, 0.0 ], [ 104.082460006013491, -2.400939201443768, 0.0 ], [ 104.082102905489123, -2.40112528970357, 0.0 ], [ 104.081468646855441, -2.401618672765838, 0.0 ], [ 104.08097728598834, -2.40208297869004, 0.0 ], [ 104.081253408534607, -2.402481739730792, 0.0 ], [ 104.081421841544582, -2.4027195785453, 0.0 ], [ 104.081626041308382, -2.403107150834103, 0.0 ], [ 104.081943487672888, -2.402917016094063, 0.0 ], [ 104.08234475780759, -2.40259824870699, 0.0 ], [ 104.083178541552542, -2.402060722500111, 0.0 ], [ 104.082949355293422, -2.401703474632785, 0.0 ] ] ] } },
{ "type": "Feature", "properties": { "FID": 427, "OBJECTID": 284, "NIB": "284", "NO": 284, "NAMA": "NADIT", "LOKASI_LAH": "LUAR IPPKH", "STATUS": "Lunas", "Lokasi_2": "Barat", "NIB_1": "284", "KETERANGAN": " ", "Luas_Acad": 0.78656958654499998, "long": 104.090266425, "lat": -2.4008455016100001 }, "geometry": { "type": "Polygon", "coordinates": [ [ [ 104.090941450245964, -2.401050404979634, 0.0 ], [ 104.090307395903238, -2.400401029145792, 0.0 ], [ 104.089613287941319, -2.400550327671001, 0.0 ], [ 104.090140638911251, -2.40130184770797, 0.0 ], [ 104.090941450245964, -2.401050404979634, 0.0 ] ] ] } },
{ "type": "Feature", "properties": { "FID": 428, "OBJECTID": 277, "NIB": "277", "NO": 277, "NAMA": "RUDI HARTONO", "LOKASI_LAH": "LUAR IPPKH", "STATUS": "Lunas", "Lokasi_2": "Barat", "NIB_1": "277", "KETERANGAN": " ", "Luas_Acad": 2.7918635703, "long": 104.095913776, "lat": -2.4016284205499998 }, "geometry": { "type": "Polygon", "coordinates": [ [ [ 104.096909656964158, -2.401997106871379, 0.0 ], [ 104.095649346335307, -2.400391418267648, 0.0 ], [ 104.094939852624023, -2.40155929428542, 0.0 ], [ 104.096140610331901, -2.40280571277892, 0.0 ], [ 104.096380843902963, -2.402555778026552, 0.0 ], [ 104.096909656964158, -2.401997106871379, 0.0 ] ] ] } },
{ "type": "Feature", "properties": { "FID": 429, "OBJECTID": 304, "NIB": "304", "NO": 304, "NAMA": "KASNUS", "LOKASI_LAH": "LUAR IPPKH", "STATUS": "Lunas", "Lokasi_2": "Barat", "NIB_1": "304", "KETERANGAN": " ", "Luas_Acad": 2.58912833724, "long": 104.07752564, "lat": -2.4012946362899998 }, "geometry": { "type": "Polygon", "coordinates": [ [ [ 104.078503428507943, -2.400971999433998, 0.0 ], [ 104.077231400790936, -2.400305411581807, 0.0 ], [ 104.076581491057723, -2.401605754599462, 0.0 ], [ 104.077490301577242, -2.402265552096868, 0.0 ], [ 104.077816793538119, -2.402146421063329, 0.0 ], [ 104.078112813587637, -2.401610611451403, 0.0 ], [ 104.078503428507943, -2.400971999433998, 0.0 ] ] ] } },
{ "type": "Feature", "properties": { "FID": 430, "OBJECTID": 283, "NIB": "283", "NO": 283, "NAMA": "SAIDI", "LOKASI_LAH": "LUAR IPPKH", "STATUS": "Lunas", "Lokasi_2": "Barat", "NIB_1": "283", "KETERANGAN": " ", "Luas_Acad": 4.6246369966799996, "long": 104.091916586, "lat": -2.4008317273 }, "geometry": { "type": "Polygon", "coordinates": [ [ [ 104.092055575529798, -2.399775342058171, 0.0 ], [ 104.091895822138355, -2.399745419756047, 0.0 ], [ 104.091772798255633, -2.399912720546039, 0.0 ], [ 104.091539870112442, -2.400025165251884, 0.0 ], [ 104.090831222099538, -2.400202355425265, 0.0 ], [ 104.090307395903238, -2.400401029145792, 0.0 ], [ 104.090941450245964, -2.401050404979634, 0.0 ], [ 104.091057514046142, -2.401167969471214, 0.0 ], [ 104.091362438738926, -2.401474670313501, 0.0 ], [ 104.091509147057081, -2.401879269899466, 0.0 ], [ 104.09193873414624, -2.401839874836707, 0.0 ], [ 104.091952701360583, -2.401840682931458, 0.0 ], [ 104.092431754361684, -2.401934772999196, 0.0 ], [ 104.092420592372477, -2.401561712388548, 0.0 ], [ 104.092935669927883, -2.401473957043957, 0.0 ], [ 104.093201687014314, -2.401011041751096, 0.0 ], [ 104.09343728258871, -2.400743322745725, 0.0 ], [ 104.0934599450907, -2.400714841088218, 0.0 ], [ 104.092739192812118, -2.400217482596062, 0.0 ], [ 104.092725830412803, -2.400209183912694, 0.0 ], [ 104.092289070111988, -2.399969828912994, 0.0 ], [ 104.092141061532857, -2.399846748653237, 0.0 ], [ 104.092055575529798, -2.399775342058171, 0.0 ] ] ] } },
{ "type": "Feature", "properties": { "FID": 431, "OBJECTID": 278, "NIB": "278", "NO": 278, "NAMA": "KARNATA", "LOKASI_LAH": "LUAR IPPKH", "STATUS": "Lunas", "Lokasi_2": "Barat", "NIB_1": "278", "KETERANGAN": " ", "Luas_Acad": 2.9269375475800001, "long": 104.094561474, "lat": -2.4005681244399999 }, "geometry": { "type": "Polygon", "coordinates": [ [ [ 104.095218592295211, -2.400033768625254, 0.0 ], [ 104.094287297926058, -2.399588500714488, 0.0 ], [ 104.093828522748041, -2.400215719366208, 0.0 ], [ 104.0934599450907, -2.400714841088218, 0.0 ], [ 104.09343728258871, -2.400743322745725, 0.0 ], [ 104.093761835237402, -2.400943624366169, 0.0 ], [ 104.094939852624023, -2.40155929428542, 0.0 ], [ 104.095649346335307, -2.400391418267648, 0.0 ], [ 104.095218592295211, -2.400033768625254, 0.0 ] ] ] } },
{ "type": "Feature", "properties": { "FID": 432, "OBJECTID": 282, "NIB": "282", "NO": 282, "NAMA": "LISTRI", "LOKASI_LAH": "LUAR IPPKH", "STATUS": "Lunas", "Lokasi_2": "Barat", "NIB_1": "282", "KETERANGAN": " ", "Luas_Acad": 1.1641976241000001, "long": 104.09092973, "lat": -2.3999272169200001 }, "geometry": { "type": "Polygon", "coordinates": [ [ [ 104.090971681280237, -2.399563230957816, 0.0 ], [ 104.090556162082962, -2.399542102189377, 0.0 ], [ 104.090279038714399, -2.399554753193445, 0.0 ], [ 104.090107583709568, -2.399601596367575, 0.0 ], [ 104.090170590176115, -2.399984927002235, 0.0 ], [ 104.090307395903238, -2.400401029145792, 0.0 ], [ 104.090831222099538, -2.400202355425265, 0.0 ], [ 104.091539870112442, -2.400025165251884, 0.0 ], [ 104.091772798255633, -2.399912720546039, 0.0 ], [ 104.091895822138355, -2.399745419756047, 0.0 ], [ 104.091746943868216, -2.39967154107037, 0.0 ], [ 104.090971681280237, -2.399563230957816, 0.0 ] ] ] } },
{ "type": "Feature", "properties": { "FID": 433, "OBJECTID": 279, "NIB": "279", "NO": 279, "NAMA": "MUSTOPA", "LOKASI_LAH": "LUAR IPPKH", "STATUS": "Lunas", "Lokasi_2": "Barat", "NIB_1": "279", "KETERANGAN": " ", "Luas_Acad": 1.42852608339, "long": 104.092960209, "lat": -2.3999378929800002 }, "geometry": { "type": "Polygon", "coordinates": [ [ [ 104.093805707109169, -2.400135355612769, 0.0 ], [ 104.092278273509052, -2.399131115863212, 0.0 ], [ 104.092141061532857, -2.399846748653237, 0.0 ], [ 104.092289070111988, -2.399969828912994, 0.0 ], [ 104.092725830412803, -2.400209183912694, 0.0 ], [ 104.092739192812118, -2.400217482596062, 0.0 ], [ 104.0934599450907, -2.400714841088218, 0.0 ], [ 104.093828522748041, -2.400215719366208, 0.0 ], [ 104.093805707109169, -2.400135355612769, 0.0 ] ] ] } },
{ "type": "Feature", "properties": { "FID": 434, "OBJECTID": 280, "NIB": "280", "NO": 280, "NAMA": "MUN GANI", "LOKASI_LAH": "LUAR IPPKH", "STATUS": "Lunas", "Lokasi_2": "Barat", "NIB_1": "280", "KETERANGAN": " ", "Luas_Acad": 2.34513846219, "long": 104.091870324, "lat": -2.3981936192000002 }, "geometry": { "type": "Polygon", "coordinates": [ [ [ 104.092650389296708, -2.397365862054665, 0.0 ], [ 104.091636169994871, -2.397254014856199, 0.0 ], [ 104.091073975348309, -2.399000849913477, 0.0 ], [ 104.092165544359361, -2.399125504493552, 0.0 ], [ 104.092650389296708, -2.397365862054665, 0.0 ] ] ] } },
{ "type": "Feature", "properties": { "FID": 435, "OBJECTID": 281, "NIB": "281", "NO": 281, "NAMA": "SULTAN", "LOKASI_LAH": "LUAR IPPKH", "STATUS": "Lunas", "Lokasi_2": "Barat", "NIB_1": "281", "KETERANGAN": " ", "Luas_Acad": 0.72766832515900004, "long": 104.091193949, "lat": -2.3981086845799999 }, "geometry": { "type": "Polygon", "coordinates": [ [ [ 104.091636169994871, -2.397254014856199, 0.0 ], [ 104.091297751522916, -2.397226917883212, 0.0 ], [ 104.090754452166863, -2.398952688059996, 0.0 ], [ 104.091073975348309, -2.399000849913477, 0.0 ], [ 104.091636169994871, -2.397254014856199, 0.0 ] ] ] } },
{ "type": "Feature", "properties": { "FID": 436, "OBJECTID": 31, "NIB": "31", "NO": 31, "NAMA": "ADSITO 2", "LOKASI_LAH": "IPPKH", "STATUS": " ", "Lokasi_2": "Barat", "NIB_1": "31", "KETERANGAN": "Lahan terendam", "Luas_Acad": 1.15772691171, "long": 104.097755284, "lat": -2.4208174677500001 }, "geometry": { "type": "Polygon", "coordinates": [ [ [ 104.096881405999596, -2.420734176660384, 0.000000000000114 ], [ 104.09714538881822, -2.4212207420595, 0.000000000000114 ], [ 104.097716200121212, -2.421161182490452, 0.000000000000114 ], [ 104.098156934427124, -2.421089109137075, 0.000000000000114 ], [ 104.098606698204222, -2.420962765487335, 0.000000000000114 ], [ 104.098409209599254, -2.420401779717725, 0.000000000000114 ], [ 104.097295169929765, -2.420579727069733, 0.000000000000114 ], [ 104.096881405999596, -2.420734176660384, 0.000000000000114 ] ] ] } },
{ "type": "Feature", "properties": { "FID": 437, "OBJECTID": 30, "NIB": "30", "NO": 30, "NAMA": "IMRON", "LOKASI_LAH": "IPPKH", "STATUS": "Lunas", "Lokasi_2": "Barat", "NIB_1": "30", "KETERANGAN": "Lahan Terendam", "Luas_Acad": 0.62354123179599996, "long": 104.09789192300001, "lat": -2.4216786988500001 }, "geometry": { "type": "Polygon", "coordinates": [ [ [ 104.098162741917832, -2.422183441535701, 0.000000000000114 ], [ 104.098127216176223, -2.421504965725132, 0.000000000000114 ], [ 104.098154460154618, -2.421106958748842, 0.000000000000114 ], [ 104.097712803086949, -2.421184083410548, 0.000000000000114 ], [ 104.097616644097712, -2.421955601925495, 0.000000000000114 ], [ 104.097596186531533, -2.422119740127664, 0.000000000000114 ], [ 104.098036801480021, -2.422228587391794, 0.000000000000114 ], [ 104.098162741917832, -2.422183441535701, 0.000000000000114 ] ] ] } },
{ "type": "Feature", "properties": { "FID": 438, "OBJECTID": 0, "NIB": "0", "NO": 0, "NAMA": "USMAN", "LOKASI_LAH": "APL", "STATUS": " ", "Lokasi_2": "Barat", "NIB_1": "0", "KETERANGAN": " ", "Luas_Acad": 9.8147124979000004, "long": 104.093259647, "lat": -2.4244316817699998 }, "geometry": { "type": "Polygon", "coordinates": [ [ [ 104.092488279355976, -2.425269569656732, 0.000000000000114 ], [ 104.095104366355088, -2.426328240530314, 0.000000000000114 ], [ 104.095355613328422, -2.425384481849147, 0.000000000000114 ], [ 104.095516750943318, -2.424882138840728, 0.000000000000114 ], [ 104.095712586150114, -2.424271659093314, 0.000000000000114 ], [ 104.095787199692666, -2.424068078286765, 0.000000000000114 ], [ 104.095748349719798, -2.423798327843406, 0.000000000000114 ], [ 104.095701006069902, -2.423584198425685, 0.000000000000114 ], [ 104.095606145344561, -2.423474036872598, 0.000000000000114 ], [ 104.095305461353647, -2.423404891145134, 0.000000000000114 ], [ 104.095139785740116, -2.423845882946276, 0.000000000000114 ], [ 104.093388333199229, -2.423781142881738, 0.000000000000114 ], [ 104.093035337789942, -2.424242071905739, 0.000000000000114 ], [ 104.092021629246062, -2.423453103017479, 0.000000000000114 ], [ 104.091589195637269, -2.422732554897399, 0.000000000000114 ], [ 104.091063905611961, -2.422459034339204, 0.000000000000114 ], [ 104.09105561191943, -2.422749462444079, 0.000000000000114 ], [ 104.090856012376946, -2.422753370143078, 0.000000000000114 ], [ 104.090708866416861, -2.423196831145388, 0.000000000000114 ], [ 104.090385297748298, -2.423229027166535, 0.000000000000114 ], [ 104.090177955094561, -2.42355613681848, 0.000000000000114 ], [ 104.090528273803784, -2.42352588735062, 0.000000000000114 ], [ 104.091713707615597, -2.423992015121167, 0.000000000000114 ], [ 104.091524995938286, -2.424338890353272, 0.000000000000114 ], [ 104.092169628026454, -2.424455824221233, 0.000000000000114 ], [ 104.092845256237098, -2.424695646867692, 0.000000000000114 ], [ 104.092488279355976, -2.425269569656732, 0.000000000000114 ] ] ] } },
{ "type": "Feature", "properties": { "FID": 439, "OBJECTID": 88, "NIB": "88", "NO": 88, "NAMA": "DAUD 4", "LOKASI_LAH": "Luar IPPKH", "STATUS": " ", "Lokasi_2": "Barat", "NIB_1": "88", "KETERANGAN": "Terukur", "Luas_Acad": 1.9171985525599999, "long": 104.099863056, "lat": -2.4082281018299998 }, "geometry": { "type": "Polygon", "coordinates": [ [ [ 104.099620444118585, -2.407403200178331, 45.320000000006985 ], [ 104.099530520844951, -2.407385048401425, 45.320000000006985 ], [ 104.099476547881608, -2.407403104623969, 45.320000000006985 ], [ 104.09946753061476, -2.407439282765111, 45.320000000006985 ], [ 104.099476500377264, -2.407475472851722, 45.320000000006985 ], [ 104.099494481469506, -2.40748453082572, 45.320000000006985 ], [ 104.099476470686326, -2.407520702994027, 45.320000000006985 ], [ 104.099467459355921, -2.407547835106381, 45.320000000006985 ], [ 104.099467423725301, -2.407602111276951, 45.320000000006985 ], [ 104.099440383789741, -2.407692553640657, 45.320000000006985 ], [ 104.099449365428441, -2.407710651670942, 45.320000000006985 ], [ 104.099431360578208, -2.407737777808643, 45.320000000006985 ], [ 104.099404368149607, -2.407755851943608, 45.320000000006985 ], [ 104.099386943831888, -2.407808314592587, 45.320000000006985 ], [ 104.099188351463326, -2.408018043353958, 45.320000000006985 ], [ 104.099170358485964, -2.408027077429343, 45.320000000006985 ], [ 104.099161364968012, -2.40802707145311, 45.320000000006985 ], [ 104.099162735488406, -2.408040904650688, 45.320000000006985 ], [ 104.099170352544448, -2.408036123456968, 45.320000000006985 ], [ 104.099170346602889, -2.408045169484592, 45.320000000006985 ], [ 104.099197327157242, -2.408045187413067, 45.320000000006985 ], [ 104.099179334179482, -2.408054221488455, 45.320000000006985 ], [ 104.099197309333007, -2.408072325496134, 45.320000000006985 ], [ 104.099215284486988, -2.408090429503749, 45.320000000006985 ], [ 104.099233265582754, -2.408099487483527, 45.320000000006985 ], [ 104.099215231013744, -2.408171843753265, 45.320000000006985 ], [ 104.099233194285816, -2.408208039816718, 45.320000000006985 ], [ 104.099224153232981, -2.408280402062305, 45.320000000006985 ], [ 104.099260085720815, -2.408343748162409, 45.320000000006985 ], [ 104.099332226972962, -2.408444169061021, 45.320000000006985 ], [ 104.099358889678044, -2.408533780488009, 45.320000000006985 ], [ 104.099403809756581, -2.408606178593403, 45.320000000006985 ], [ 104.099520672082278, -2.408687670533301, 45.320000000006985 ], [ 104.099583602983131, -2.408723896474729, 45.320000000006985 ], [ 104.099601548447026, -2.408787230625231, 45.320000000006985 ], [ 104.099628505257527, -2.408823432665311, 45.320000000006985 ], [ 104.099655450188521, -2.408877726762825, 45.320000000006985 ], [ 104.099709357875966, -2.408959176871997, 45.320000000006985 ], [ 104.099799221853615, -2.409067788967179, 45.320000000006985 ], [ 104.099854031481982, -2.409104228423948, 45.320000000006985 ], [ 104.099943994720448, -2.409076753866567, 45.320000000006985 ], [ 104.100032178002621, -2.409059074974069, 45.320000000006985 ], [ 104.100105037389525, -2.409013715890498, 45.320000000006985 ], [ 104.100141035246722, -2.408977555660125, 45.320000000006985 ], [ 104.100213001271129, -2.408950465344849, 45.320000000006985 ], [ 104.100230994261167, -2.408941431257725, 45.320000000006985 ], [ 104.100235978145562, -2.408936452915886, 45.320000000006985 ], [ 104.100239993724486, -2.408932391198951, 45.320000000006985 ], [ 104.100284991039231, -2.408887190903494, 45.320000000006985 ], [ 104.100347951660225, -2.408878186668156, 45.320000000006985 ], [ 104.100365950584617, -2.408860106548036, 45.320000000006985 ], [ 104.10042894088113, -2.408805872154951, 45.320000000006985 ], [ 104.100467395023372, -2.408774943958202, 45.320000000006985 ], [ 104.100434910970279, -2.408756244144236, 45.320000000006985 ], [ 104.100418096391792, -2.408679899829463, 45.320000000006985 ], [ 104.100433879717315, -2.408643372467225, 45.320000000006985 ], [ 104.100445923901674, -2.408587089701407, 45.320000000006985 ], [ 104.100451508919008, -2.408560987456732, 45.320000000006985 ], [ 104.100429801040036, -2.408499600226937, 45.320000000006985 ], [ 104.100406554376391, -2.408450540816747, 45.320000000006985 ], [ 104.10040657688009, -2.408416237363875, 45.320000000006985 ], [ 104.100427738954522, -2.408381499257573, 45.320000000006985 ], [ 104.100443215413463, -2.408337021130116, 45.320000000006985 ], [ 104.10044323962768, -2.408300106992364, 45.320000000006985 ], [ 104.100443251897516, -2.408281401609935, 45.320000000006985 ], [ 104.100394799293824, -2.408281369454374, 45.320000000006985 ], [ 104.100394801100734, -2.408278614938037, 45.320000000006985 ], [ 104.100412726455218, -2.408256134773877, 45.320000000006985 ], [ 104.100434450103521, -2.408237267402331, 45.320000000006985 ], [ 104.100442043067758, -2.408204772752295, 45.320000000006985 ], [ 104.100440146298084, -2.408143125480803, 45.320000000006985 ], [ 104.10042415979116, -2.408101405415413, 45.320000000006985 ], [ 104.100427871485167, -2.408095820142833, 45.320000000006985 ], [ 104.10044062013516, -2.40808572237268, 45.320000000006985 ], [ 104.100450728951287, -2.408049928493511, 45.320000000006985 ], [ 104.100454378945301, -2.408024603827369, 45.320000000006985 ], [ 104.100461822707416, -2.408011163645166, 45.320000000006985 ], [ 104.100485595519331, -2.408003960683449, 45.320000000006985 ], [ 104.100513205659482, -2.407999818731718, 45.320000000006985 ], [ 104.100521269840968, -2.407986581591754, 45.320000000006985 ], [ 104.100527029323928, -2.407981051048933, 45.320000000006985 ], [ 104.100492465194975, -2.407937494977401, 45.320000000006985 ], [ 104.100492494857548, -2.407892264822688, 45.320000000006985 ], [ 104.100420546695389, -2.407892217083992, 45.320000000006985 ], [ 104.100474579006217, -2.407783700517476, 45.320000000006985 ], [ 104.100493425650129, -2.407774381131962, 45.320000000006985 ], [ 104.100518705695407, -2.407765923578365, 45.320000000006985 ], [ 104.100492595706157, -2.407738482296438, 45.320000000006985 ], [ 104.100438640522867, -2.407729400464231, 45.320000000006985 ], [ 104.10040265458106, -2.407747468657028, 45.320000000006985 ], [ 104.100348699399376, -2.407738386821333, 45.320000000006985 ], [ 104.100330718294572, -2.407729328855309, 45.320000000006985 ], [ 104.100321730708856, -2.407720276856969, 45.320000000006985 ], [ 104.100312754989631, -2.40769313279757, 45.320000000006985 ], [ 104.100303761471025, -2.407693126829742, 45.320000000006985 ], [ 104.100204874304438, -2.407629738967898, 45.320000000006985 ], [ 104.100177935287419, -2.407566398851166, 45.320000000006985 ], [ 104.100150978470651, -2.407530196825209, 45.320000000006985 ], [ 104.100088047587974, -2.407493970924535, 45.320000000006985 ], [ 104.100043097807742, -2.407466802990181, 45.320000000006985 ], [ 104.099998148029655, -2.407439635055, 45.320000000006985 ], [ 104.099971167481257, -2.407439617146964, 45.320000000006985 ], [ 104.099854263644914, -2.407421447480444, 45.320000000006985 ], [ 104.099809302002527, -2.40741237159957, 45.320000000006985 ], [ 104.099683392787455, -2.407412288007554, 45.320000000006985 ], [ 104.099620444118585, -2.407403200178331, 45.320000000006985 ] ] ] } },
{ "type": "Feature", "properties": { "FID": 440, "OBJECTID": 93, "NIB": "93", "NO": 93, "NAMA": "Mukri Aswadi", "LOKASI_LAH": "APL,IPPKH", "STATUS": "Lunas", "Lokasi_2": "Barat", "NIB_1": "93", "KETERANGAN": "Terukur", "Luas_Acad": 1.63005517722, "long": 104.09800482199999, "lat": -2.4318261536699999 }, "geometry": { "type": "Polygon", "coordinates": [ [ [ 104.097369381166786, -2.432598143495293, 0.000000000000114 ], [ 104.097495122706661, -2.432530427147777, 0.000000000000114 ], [ 104.097718860032955, -2.432415687717321, 0.000000000000114 ], [ 104.098026005785798, -2.432255333058663, 0.000000000000114 ], [ 104.098739148050171, -2.4320739580882, 0.000000000000114 ], [ 104.098696345536169, -2.431556693895118, 0.000000000000114 ], [ 104.097834871257078, -2.431119083714094, 0.000000000000114 ], [ 104.097425209988259, -2.431197127157472, 0.000000000000114 ], [ 104.097369381166786, -2.432598143495293, 0.000000000000114 ] ] ] } },
{ "type": "Feature", "properties": { "FID": 441, "OBJECTID": 94, "NIB": "94", "NO": 94, "NAMA": "Laili", "LOKASI_LAH": "APL", "STATUS": "Lunas", "Lokasi_2": "Barat", "NIB_1": "94", "KETERANGAN": "Lahan Terendam", "Luas_Acad": 1.16191299465, "long": 104.09700293100001, "lat": -2.4319278364599999 }, "geometry": { "type": "Polygon", "coordinates": [ [ [ 104.096444180922774, -2.431396120274381, 0.0 ], [ 104.096885393191812, -2.432406950753349, 0.0 ], [ 104.097067983093567, -2.432769925040233, 0.0 ], [ 104.097369381166786, -2.432598143495293, 0.0 ], [ 104.097425209988259, -2.431197127157472, 0.0 ], [ 104.096744681745591, -2.43131897521635, 0.0 ], [ 104.096526552125084, -2.431365488066188, 0.0 ], [ 104.096444180922774, -2.431396120274381, 0.0 ] ] ] } },
{ "type": "Feature", "properties": { "FID": 442, "OBJECTID": 650, "NIB": "650", "NO": 650, "NAMA": "IWAN ARIF R.", "LOKASI_LAH": "IPPKH", "STATUS": "Lunas", "Lokasi_2": "Timur", "NIB_1": "650", "KETERANGAN": " Terukur", "Luas_Acad": 0.52742606273100001, "long": 104.113348874, "lat": -2.4433546848800001 }, "geometry": { "type": "Polygon", "coordinates": [ [ [ 104.113081443549049, -2.443985478463386, 0.000000000000114 ], [ 104.113456877464074, -2.44387419928659, 0.000000000000114 ], [ 104.113460425650786, -2.443849172091784, 0.000000000000114 ], [ 104.113601296583553, -2.442990585300665, 0.000000000000114 ], [ 104.113312415279196, -2.442990393285275, 0.000000000000114 ], [ 104.113081443549049, -2.443985478463386, 0.000000000000114 ] ] ] } },
{ "type": "Feature", "properties": { "FID": 443, "OBJECTID": 651, "NIB": "651", "NO": 651, "NAMA": "Ismail#2", "LOKASI_LAH": "IPPKH", "STATUS": "Lunas", "Lokasi_2": "Timur", "NIB_1": "651", "KETERANGAN": " ", "Luas_Acad": 3.4421561733699999, "long": 104.117884843, "lat": -2.4395450257100002 }, "geometry": { "type": "Polygon", "coordinates": [ [ [ 104.117920459509506, -2.440923266929107, 0.000000000000114 ], [ 104.118476772590711, -2.440044789699153, 0.000000000000114 ], [ 104.118422886524002, -2.439927155220709, 0.000000000000114 ], [ 104.118944678644723, -2.439692300943869, 0.000000000000114 ], [ 104.118615217176568, -2.439268945138056, 0.000000000000114 ], [ 104.118442525668414, -2.438768021821804, 0.000000000000114 ], [ 104.11848672050688, -2.438579332091917, 0.000000000000114 ], [ 104.11830710427293, -2.438181186516828, 0.000000000000114 ], [ 104.117146307402379, -2.439103120953678, 0.000000000000114 ], [ 104.116921174116229, -2.439546229923036, 0.000000000000114 ], [ 104.11681319576762, -2.439627573301201, 0.000000000000114 ], [ 104.11687606363617, -2.43976330585974, 0.000000000000114 ], [ 104.116939043638141, -2.439727163140303, 0.000000000000114 ], [ 104.117920459509506, -2.440923266929107, 0.000000000000114 ] ] ] } },
{ "type": "Feature", "properties": { "FID": 444, "OBJECTID": 307, "NIB": "307", "NO": 307, "NAMA": "UJANG ROJALI", "LOKASI_LAH": "IPPKH", "STATUS": "Lunas", "Lokasi_2": "Barat", "NIB_1": "307", "KETERANGAN": "Terukur", "Luas_Acad": 1.8933502205699999, "long": 104.09612462699999, "lat": -2.4303496733299998 }, "geometry": { "type": "Polygon", "coordinates": [ [ [ 104.096524735730569, -2.430148357020186, 18.773316395000052 ], [ 104.096412950805416, -2.429762836270521, 7.040016394999952 ], [ 104.096179097756746, -2.429789817039085, 0.000016394999989 ], [ 104.095999206634858, -2.429816834073353, 0.000016394999989 ], [ 104.095899653704905, -2.429851141962627, 0.000016394999989 ], [ 104.095675362895463, -2.429925168372795, 0.000016394999989 ], [ 104.095459436952169, -2.430042621261789, 0.000016394999989 ], [ 104.09521653001886, -2.430160055929393, 0.000016394999989 ], [ 104.094910655428436, -2.430295540147151, 0.000016394999989 ], [ 104.094944982830043, -2.43050018058785, 0.000016394999989 ], [ 104.095021172312627, -2.430784205434844, 0.000016394999989 ], [ 104.095194435729098, -2.431184487287144, 0.000016394999989 ], [ 104.095480458693771, -2.431064070318264, 0.000016394999989 ], [ 104.095860141984119, -2.430918825302077, 0.000016394999989 ], [ 104.096388510094471, -2.430721136379357, 0.000016394999989 ], [ 104.096662635621371, -2.430644751636868, 9.386716395 ], [ 104.096524735730569, -2.430148357020186, 18.773316395000052 ] ] ] } },
{ "type": "Feature", "properties": { "FID": 445, "OBJECTID": 35, "NIB": "35", "NO": 35, "NAMA": "ISWADI IDRIS", "LOKASI_LAH": "APL", "STATUS": "Lunas", "Lokasi_2": "Barat", "NIB_1": "35", "KETERANGAN": "Terukur", "Luas_Acad": 0.75598818500099996, "long": 104.09600669, "lat": -2.4297609206900002 }, "geometry": { "type": "Polygon", "coordinates": [ [ [ 104.096359103140571, -2.429590925641829, 0.000016394999989 ], [ 104.096296303924191, -2.429355686844169, 0.000016394999989 ], [ 104.096071438589803, -2.429391719685012, 0.000016394999989 ], [ 104.095711626377863, -2.429490983816766, 0.000016394999989 ], [ 104.095627214284463, -2.42953071230636, 0.000016394999989 ], [ 104.095135852126688, -2.429761976767009, 0.000016394999989 ], [ 104.09491997438974, -2.429807061449272, 0.000016394999989 ], [ 104.094910655428436, -2.430295540147151, 0.000016394999989 ], [ 104.09521653001886, -2.430160055929393, 0.000016394999989 ], [ 104.095459436952169, -2.430042621261789, 0.000016394999989 ], [ 104.095675362895463, -2.429925168372795, 0.000016394999989 ], [ 104.095899653704905, -2.429851141962627, 0.000016394999989 ], [ 104.095999206634858, -2.429816834073353, 0.000016394999989 ], [ 104.096179097756746, -2.429789817039085, 0.000016394999989 ], [ 104.096412950805416, -2.429762836270521, 7.040016394999952 ], [ 104.096388186335886, -2.429679607069876, 14.080016394999916 ], [ 104.096359103140571, -2.429590925641829, 0.000016394999989 ] ] ] } },
{ "type": "Feature", "properties": { "FID": 446, "OBJECTID": 95, "NIB": "95", "NO": 95, "NAMA": "MALIK", "LOKASI_LAH": "APL", "STATUS": "Lunas", "Lokasi_2": "Barat", "NIB_1": "95", "KETERANGAN": "Lahan Terendam", "Luas_Acad": 1.14393275736, "long": 104.096126719, "lat": -2.4311520986100001 }, "geometry": { "type": "Polygon", "coordinates": [ [ [ 104.096677043005002, -2.430763144813051, 14.080016394999916 ], [ 104.096662635621371, -2.430644751636868, 9.386716395 ], [ 104.096388510094471, -2.430721136379357, 0.000016394999989 ], [ 104.095860141984119, -2.430918825302077, 0.000016394999989 ], [ 104.095480458693771, -2.431064070318264, 0.000016394999989 ], [ 104.095194435729098, -2.431184487287144, 0.000016394999989 ], [ 104.095374110142174, -2.431483126975481, 0.000016394999989 ], [ 104.095524187555682, -2.431738246229296, 0.000016394999989 ], [ 104.096526551634227, -2.431365487839316, 14.080016394999916 ], [ 104.096744681745591, -2.43131897521635, 18.773316395000052 ], [ 104.096677043005002, -2.430763144813051, 14.080016394999916 ] ] ] } },
{ "type": "Feature", "properties": { "FID": 447, "OBJECTID": 96, "NIB": "96", "NO": 96, "NAMA": "ISKANDAR#2", "LOKASI_LAH": "APL", "STATUS": "Lunas", "Lokasi_2": "Barat", "NIB_1": "96", "KETERANGAN": " ", "Luas_Acad": 1.358, "long": 104.095022254, "lat": -2.43247734862 }, "geometry": { "type": "Polygon", "coordinates": [ [ [ 104.095688640977585, -2.432665503382166, 0.000016395000102 ], [ 104.095317789565271, -2.431847159036128, 0.000016395000102 ], [ 104.09408314020169, -2.432439457959571, 0.000016395000102 ], [ 104.09422976709098, -2.432763928437458, 0.000016395000102 ], [ 104.094543528124248, -2.432622206902586, 0.000016395000102 ], [ 104.094884328755967, -2.433218357604341, 0.000016395000102 ], [ 104.095688640977585, -2.432665503382166, 0.000016395000102 ] ] ] } },
{ "type": "Feature", "properties": { "FID": 448, "OBJECTID": 97, "NIB": "97", "NO": 97, "NAMA": "ISKANDAR#3", "LOKASI_LAH": "APL", "STATUS": "Lunas", "Lokasi_2": "Barat", "NIB_1": "97", "KETERANGAN": " ", "Luas_Acad": 0.965, "long": 104.098096033, "lat": -2.4335905977699999 }, "geometry": { "type": "Polygon", "coordinates": [ [ [ 104.098793823332301, -2.433778164138022, 0.000016394999989 ], [ 104.097966256038404, -2.432982988722329, 0.000016394999989 ], [ 104.097399507628666, -2.433595326452791, 0.000016394999989 ], [ 104.097818114154691, -2.433897179904441, 0.000016394999989 ], [ 104.098488981523587, -2.434160909251527, 0.000016394999989 ], [ 104.098541460098133, -2.433969469995358, 0.000016394999989 ], [ 104.098793823332301, -2.433778164138022, 0.000016394999989 ] ] ] } },
{ "type": "Feature", "properties": { "FID": 449, "OBJECTID": 98, "NIB": "98", "NO": 98, "NAMA": "ISKANDAR$4", "LOKASI_LAH": "APL", "STATUS": "Lunas", "Lokasi_2": "Barat", "NIB_1": "98", "KETERANGAN": " ", "Luas_Acad": 3.2, "long": 104.10015649899999, "lat": -2.43444747154 }, "geometry": { "type": "Polygon", "coordinates": [ [ [ 104.101159085147501, -2.434011071839663, 10.512916394999934 ], [ 104.099766226859387, -2.433402378348081, 14.718016395000063 ], [ 104.099518852366842, -2.433699733510175, 14.718016395000063 ], [ 104.098790153013653, -2.434575661240431, 14.718016395000063 ], [ 104.099838117319266, -2.435605813291458, 14.718016395000063 ], [ 104.101029353923167, -2.434169631500665, 9.812016395 ], [ 104.101159085147501, -2.434011071839663, 10.512916394999934 ] ] ] } },
{ "type": "Feature", "properties": { "FID": 450, "OBJECTID": 652, "NIB": "652", "NO": 652, "NAMA": "Azwar Anas", "LOKASI_LAH": "IPPKH", "STATUS": "Lunas", "Lokasi_2": "Timur", "NIB_1": "652", "KETERANGAN": "Lahan Terendam", "Luas_Acad": 0.27039559569900001, "long": 104.114230573, "lat": -2.4342449083300002 }, "geometry": { "type": "Polygon", "coordinates": [ [ [ 104.113988001124341, -2.434535679086798, 0.000000000000114 ], [ 104.114676260195949, -2.434144245140882, 0.000000000000114 ], [ 104.114253661283527, -2.433981136927688, 0.000000000000114 ], [ 104.113839784472617, -2.434234153343619, 0.000000000000114 ], [ 104.113988001124341, -2.434535679086798, 0.000000000000114 ] ] ] } },
{ "type": "Feature", "properties": { "FID": 451, "OBJECTID": 99, "NIB": "99", "NO": 99, "NAMA": "Hardi Riansyah", "LOKASI_LAH": " ", "STATUS": "Lunas", "Lokasi_2": "Barat", "NIB_1": "99", "KETERANGAN": "Lahan Terendam", "Luas_Acad": 2.2, "long": 104.087325904, "lat": -2.4246052262800002 }, "geometry": { "type": "Polygon", "coordinates": [ [ [ 104.08616670051866, -2.424562339684567, 0.000000000000114 ], [ 104.086352369482455, -2.424252773634866, 0.000000000000114 ], [ 104.086372396114371, -2.424199168137253, 0.000000000000114 ], [ 104.086381028770731, -2.424112926161668, 0.000000000000114 ], [ 104.086400993295527, -2.424039491535473, 0.000000000000114 ], [ 104.086392499474471, -2.42402237606349, 0.000000000000114 ], [ 104.086454596816225, -2.423795009347108, 0.000000000000114 ], [ 104.086141802601674, -2.423897191090632, 0.000000000000114 ], [ 104.085745234675002, -2.425163361346871, 0.000000000000114 ], [ 104.086491648700417, -2.425245282077477, 0.000000000000114 ], [ 104.089325117563646, -2.424523521684846, 0.000000000000114 ], [ 104.089302272349869, -2.424462644040114, 0.000000000000114 ], [ 104.089297624776535, -2.424459533389409, 0.000000000000114 ], [ 104.088975093089033, -2.424452291413826, 0.000000000000114 ], [ 104.088779888164467, -2.424427633459191, 0.000000000000114 ], [ 104.088594052720325, -2.424444907923191, 0.000000000000114 ], [ 104.088291066905612, -2.424389217038983, 0.000000000000114 ], [ 104.087953624908678, -2.424247434827426, 0.000000000000114 ], [ 104.087944600641364, -2.424293241022979, 0.000000000000114 ], [ 104.087944513608065, -2.424423236387015, 0.000000000000114 ], [ 104.087935507897015, -2.424441322289506, 0.000000000000114 ], [ 104.087935126239842, -2.424501880615301, 0.000000000000114 ], [ 104.087920452822019, -2.424590067773607, 0.000000000000114 ], [ 104.08786352882646, -2.424647246343271, 0.000000000000114 ], [ 104.087748358680628, -2.424673128819337, 0.000000000000114 ], [ 104.087548627847823, -2.424672993473172, 0.000000000000114 ], [ 104.087548716989275, -2.424539920735106, 0.000000000000114 ], [ 104.087557753002201, -2.424476604856329, 0.000000000000114 ], [ 104.087557779803618, -2.424436592125204, 0.000000000000114 ], [ 104.087518024324822, -2.424392546725522, 0.000000000000114 ], [ 104.087465106566739, -2.424392431959921, 0.000000000000114 ], [ 104.087401841484706, -2.424400342627943, 0.000000000000114 ], [ 104.087374379191658, -2.424403776513001, 0.000000000000114 ], [ 104.087189116296713, -2.424325986468017, 0.000000000000114 ], [ 104.087189175430325, -2.424237733179496, 0.000000000000114 ], [ 104.087145079728714, -2.42424755795479, 0.000000000000114 ], [ 104.087083323718758, -2.424247516089092, 0.000000000000114 ], [ 104.087039728159482, -2.42425844708248, 0.000000000000114 ], [ 104.087022506697025, -2.424271216793708, 0.000000000000114 ], [ 104.087008508396337, -2.42428326879139, 0.000000000000114 ], [ 104.086965584445196, -2.424320224657053, 0.000000000000114 ], [ 104.086935186964169, -2.424356863911043, 0.000000000000114 ], [ 104.086906669946956, -2.424433195787871, 0.000000000000114 ], [ 104.086871153343409, -2.424468871182825, 0.000000000000114 ], [ 104.086826142917616, -2.424532162647008, 0.000000000000114 ], [ 104.08675920575557, -2.424599399059261, 0.000000000000114 ], [ 104.086747228137142, -2.424623453296357, 0.000000000000114 ], [ 104.086668855757011, -2.424682492012444, 0.000000000000114 ], [ 104.086640358922722, -2.424730811263502, 0.000000000000114 ], [ 104.086519758161941, -2.424773721970179, 0.000000000000114 ], [ 104.086378562281041, -2.424784550097388, 0.000000000000114 ], [ 104.086218854081565, -2.42475013717378, 0.000000000000114 ], [ 104.08616670051866, -2.424562339684567, 0.000000000000114 ] ] ] } },
{ "type": "Feature", "properties": { "FID": 452, "OBJECTID": 308, "NIB": "308", "NO": 308, "NAMA": "Rosmwani", "LOKASI_LAH": "IPPKH", "STATUS": "Lunas", "Lokasi_2": "Barat", "NIB_1": "308", "KETERANGAN": "Lahan Terendam", "Luas_Acad": 10.533141672599999, "long": 104.100802301, "lat": -2.4296019925099999 }, "geometry": { "type": "Polygon", "coordinates": [ [ [ 104.098544507488313, -2.42967380785946, 0.000000000000114 ], [ 104.098500816815033, -2.430495355107828, 0.000000000000114 ], [ 104.097734471698388, -2.430586912677552, 0.000000000000114 ], [ 104.097834871257078, -2.431119083714094, 0.000000000000114 ], [ 104.098696345536169, -2.431556693895118, 0.000000000000114 ], [ 104.099003710839156, -2.431321225738338, 0.000000000000114 ], [ 104.099524559094448, -2.431135027927295, 0.000000000000114 ], [ 104.100661096524817, -2.430444445682571, 0.000000000000114 ], [ 104.101408302061316, -2.429830558125354, 0.000000000000114 ], [ 104.10083609874404, -2.429761108831545, 0.000000000000114 ], [ 104.100430595688863, -2.42976943926149, 0.000000000000114 ], [ 104.100416702525266, -2.429372219604618, 0.000000000000114 ], [ 104.100544396278224, -2.428866668064782, 0.000000000000114 ], [ 104.101174997130514, -2.428647226071856, 0.000000000000114 ], [ 104.101633299168341, -2.428697222324149, 0.000000000000114 ], [ 104.101988899671227, -2.428697224748898, 0.000000000000114 ], [ 104.101808304048888, -2.42932777557773, 0.000000000000114 ], [ 104.102499997979223, -2.429627778249327, 0.000000000000114 ], [ 104.102701146955269, -2.429743447682255, 0.000000000000114 ], [ 104.103055595727966, -2.429252775750228, 0.000000000000114 ], [ 104.103313895074734, -2.429236113449221, 0.000000000000114 ], [ 104.103500001537981, -2.429277777030629, 0.000000000000114 ], [ 104.103727801303279, -2.429361107321983, 0.000000000000114 ], [ 104.103908301821562, -2.429500002103933, 0.000000000000114 ], [ 104.104055598666136, -2.429558329691302, 0.000000000000114 ], [ 104.104244399487357, -2.429699999882659, 0.000000000000114 ], [ 104.104264110728082, -2.429704400353895, 0.000000000000114 ], [ 104.103972481770825, -2.428940231576657, 0.000000000000114 ], [ 104.10341643371909, -2.428577036900462, 0.000000000000114 ], [ 104.103341703836136, -2.428527781903469, 0.000000000000114 ], [ 104.101683171764009, -2.427767145031711, 0.000000000000114 ], [ 104.100704328108321, -2.428047324982014, 0.000000000000114 ], [ 104.098544507488313, -2.42967380785946, 0.000000000000114 ] ] ] } },
{ "type": "Feature", "properties": { "FID": 453, "OBJECTID": 308, "NIB": "308", "NO": 308, "NAMA": "JOHAN", "LOKASI_LAH": "APL", "STATUS": " ", "Lokasi_2": "Barat", "NIB_1": "308", "KETERANGAN": " ", "Luas_Acad": 1.25, "long": 104.08559640199999, "lat": -2.41910008788 }, "geometry": { "type": "Polygon", "coordinates": [ [ [ 104.084882704254113, -2.418563128161741, 0.000000000000114 ], [ 104.085042965614733, -2.419379386349954, 0.000000000000114 ], [ 104.085460907308274, -2.4194785976042, 0.000000000000114 ], [ 104.085671307857666, -2.419540079686973, 0.000000000000114 ], [ 104.085968664598028, -2.419686063344034, 0.000000000000114 ], [ 104.08633991106197, -2.418921021050752, 0.000000000000114 ], [ 104.085791457534029, -2.418690372555015, 0.000000000000114 ], [ 104.084882704254113, -2.418563128161741, 0.000000000000114 ] ] ] } },
{ "type": "Feature", "properties": { "FID": 454, "OBJECTID": 669, "NIB": "669", "NO": 669, "NAMA": "ARJIM#2", "LOKASI_LAH": "IPPKH", "STATUS": " ", "Lokasi_2": "TIMUR", "NIB_1": "669", "KETERANGAN": " ", "Luas_Acad": 3.406, "long": 104.127560125, "lat": -2.43477683971 }, "geometry": { "type": "Polygon", "coordinates": [ [ [ 104.128841055123118, -2.434705333058404, 0.0 ], [ 104.126669586431348, -2.433721229650994, 0.0 ], [ 104.12621491122988, -2.434649347680177, 0.0 ], [ 104.128561498522345, -2.435872098299179, 0.0 ], [ 104.128841055123118, -2.434705333058404, 0.0 ] ] ] } },
{ "type": "Feature", "properties": { "FID": 455, "OBJECTID": 668, "NIB": "668", "NO": 668, "NAMA": "HASAN.HASIDI", "LOKASI_LAH": "IPPKH", "STATUS": " ", "Lokasi_2": "TIMUR", "NIB_1": "668", "KETERANGAN": " ", "Luas_Acad": 3.921, "long": 104.127023243, "lat": -2.4315608545999998 }, "geometry": { "type": "Polygon", "coordinates": [ [ [ 104.127359717956651, -2.430606487646422, 26.44999999999709 ], [ 104.126829099217147, -2.430588050592407, 26.44999999999709 ], [ 104.126316310979803, -2.430813869503046, 26.44999999999709 ], [ 104.125785372158546, -2.431292966966993, 13.224999999998545 ], [ 104.125839293827042, -2.431356324731025, 13.224999999998545 ], [ 104.12594715464158, -2.43145590198665, 13.224999999998545 ], [ 104.126135918381493, -2.431618854563052, 13.224999999998545 ], [ 104.126378609700993, -2.431836118795672, 13.224999999998545 ], [ 104.126666223276573, -2.432125781007171, 13.224999999998545 ], [ 104.126953825341417, -2.432433535385818, 13.224999999998545 ], [ 104.127268466934808, -2.432650846362042, 17.633333333331393 ], [ 104.128447327540115, -2.431593218784532, 26.44999999999709 ], [ 104.128042980678188, -2.431014005876299, 26.44999999999709 ], [ 104.127854257319214, -2.430787730848184, 26.44999999999709 ], [ 104.127359717956651, -2.430606487646422, 26.44999999999709 ] ] ] } },
{ "type": "Feature", "properties": { "FID": 456, "OBJECTID": 664, "NIB": "664", "NO": 664, "NAMA": "SAJALI", "LOKASI_LAH": " ", "STATUS": " ", "Lokasi_2": "TIMUR", "NIB_1": "664", "KETERANGAN": " ", "Luas_Acad": 0.0, "long": 104.12560165399999, "lat": -2.4325607628400001 }, "geometry": { "type": "Polygon", "coordinates": [ [ [ 104.124669968564589, -2.430780155358735, 0.000000000000114 ], [ 104.123933211229158, -2.430441427378319, 0.000000000000114 ], [ 104.12364522530082, -2.43073071435379, 0.000000000000114 ], [ 104.123125077102159, -2.431504579871411, 0.000000000000114 ], [ 104.123164812113885, -2.431544107710802, 0.000000000000114 ], [ 104.123382491648826, -2.431760652250131, 0.000000000000114 ], [ 104.122946479165691, -2.432496256165592, 0.000000000000114 ], [ 104.124380996143017, -2.433390744820857, 0.000000000000114 ], [ 104.124551778139903, -2.433544639817045, 0.000000000000114 ], [ 104.12455174896273, -2.433589870250818, 0.000000000000114 ], [ 104.124596746881906, -2.433544669162984, 0.000000000000114 ], [ 104.12621491122988, -2.434649347680177, 0.000000000000114 ], [ 104.126669586431362, -2.433721229650994, 0.000000000000114 ], [ 104.12676425253099, -2.433527989666199, 0.000000000000114 ], [ 104.127179546949776, -2.432805533802649, 0.000000000000114 ], [ 104.127268466934822, -2.432650846362042, 17.633333333331393 ], [ 104.126953825341403, -2.432433535385818, 13.224999999998658 ], [ 104.126666223276573, -2.432125781007171, 13.224999999998658 ], [ 104.126378609700993, -2.431836118795655, 13.224999999998658 ], [ 104.126135918381507, -2.431618854563052, 13.224999999998658 ], [ 104.125947154641594, -2.43145590198665, 13.224999999998658 ], [ 104.125839293827042, -2.431356324731025, 13.224999999998658 ], [ 104.12578537215856, -2.431292966966993, 13.224999999998658 ], [ 104.124669968564589, -2.430780155358735, 0.000000000000114 ] ] ] } },
{ "type": "Feature", "properties": { "FID": 457, "OBJECTID": 583, "NIB": "583", "NO": 583, "NAMA": "ANDI CANDRA#3", "LOKASI_LAH": "IPPKH", "STATUS": "Lunas", "Lokasi_2": "TIMUR", "NIB_1": "583", "KETERANGAN": " ", "Luas_Acad": 0.0, "long": 104.12122659000001, "lat": -2.4302702962099998 }, "geometry": { "type": "Polygon", "coordinates": [ [ [ 104.120793690623273, -2.429173508066993, 0.000000000000114 ], [ 104.120473629973375, -2.429674933770881, 0.000000000000114 ], [ 104.120825330821333, -2.430020367659724, 0.000000000000114 ], [ 104.120469762746438, -2.430398085623994, 0.000000000000114 ], [ 104.12081226074902, -2.430638401968981, 0.000000000000114 ], [ 104.121513250364686, -2.431443962093824, 0.000000000000114 ], [ 104.121693823477656, -2.430964868216695, 0.000000000000114 ], [ 104.122004363046074, -2.430170805331292, 0.000000000000114 ], [ 104.120793690623273, -2.429173508066993, 0.000000000000114 ] ] ] } },
{ "type": "Feature", "properties": { "FID": 458, "OBJECTID": 663, "NIB": "663", "NO": 663, "NAMA": "HASAN.HASIDI", "LOKASI_LAH": " ", "STATUS": " ", "Lokasi_2": "TIMUR", "NIB_1": "663", "KETERANGAN": " ", "Luas_Acad": 0.0, "long": 104.125799634, "lat": -2.4292756400800002 }, "geometry": { "type": "Polygon", "coordinates": [ [ [ 104.12635347210103, -2.428968490217454, 0.0 ], [ 104.125103542790313, -2.428660109990353, 0.0 ], [ 104.124797430346291, -2.429166491850228, 0.0 ], [ 104.125795593790087, -2.429384247790562, 0.0 ], [ 104.125696569742459, -2.429528920867335, 0.0 ], [ 104.126074120080673, -2.429818641509074, 0.0 ], [ 104.126307863960207, -2.429963531057126, 0.0 ], [ 104.126712860751454, -2.429529581758846, 0.0 ], [ 104.12635347210103, -2.428968490217454, 0.0 ] ] ] } },
{ "type": "Feature", "properties": { "FID": 459, "OBJECTID": 581, "NIB": "581", "NO": 581, "NAMA": "NAZIAL AKBAR", "LOKASI_LAH": "IPPKH", "STATUS": "Lunas", "Lokasi_2": "TIMUR", "NIB_1": "581", "KETERANGAN": " ", "Luas_Acad": 0.0, "long": 104.120155662, "lat": -2.4290176796699998 }, "geometry": { "type": "Polygon", "coordinates": [ [ [ 104.120740575950549, -2.429015421186, 0.000000000000114 ], [ 104.119669331240246, -2.428306274969339, 0.000000000000114 ], [ 104.119529413532717, -2.42854463414942, 0.000000000000114 ], [ 104.119475827533108, -2.428762226147152, 0.000000000000114 ], [ 104.120473629973375, -2.429674933770881, 0.000000000000114 ], [ 104.120793690623273, -2.429173508066993, 0.000000000000114 ], [ 104.120840236623579, -2.429100586335084, 0.000000000000114 ], [ 104.120740575950549, -2.429015421186, 0.000000000000114 ] ] ] } },
{ "type": "Feature", "properties": { "FID": 460, "OBJECTID": 659, "NIB": "659", "NO": 659, "NAMA": "M.ZAENUDIN", "LOKASI_LAH": "IPPKH", "STATUS": "Lunas", "Lokasi_2": "TIMUR", "NIB_1": "659", "KETERANGAN": " ", "Luas_Acad": 12.3, "long": 104.12283227899999, "lat": -2.4295261135400001 }, "geometry": { "type": "Polygon", "coordinates": [ [ [ 104.122594798372788, -2.427880511305947, 0.000000000000114 ], [ 104.12229804110288, -2.427826041111382, 0.000000000000114 ], [ 104.121904445033607, -2.427862608739844, 0.000000000000114 ], [ 104.121524535814928, -2.427897904656163, 0.000000000000114 ], [ 104.121443516528785, -2.428015450809175, 0.000000000000114 ], [ 104.121275001424507, -2.428457887177384, 0.000000000000114 ], [ 104.121188335273501, -2.42868045152746, 0.000000000000114 ], [ 104.120976761146892, -2.428590813371484, 0.000000000000114 ], [ 104.120793974253232, -2.428927259616525, 0.000000000000114 ], [ 104.120740575950549, -2.429015421186, 0.000000000000114 ], [ 104.120840236623579, -2.429100586335084, 0.000000000000114 ], [ 104.120793690623273, -2.429173508066993, 0.000000000000114 ], [ 104.120983594089466, -2.429329612650704, 0.000000000000114 ], [ 104.122004363046074, -2.430170805331292, 0.000000000000114 ], [ 104.121693823477656, -2.430964868216695, 0.000000000000114 ], [ 104.121817551632603, -2.431047950762576, 0.000000000000114 ], [ 104.122134286471606, -2.431166515701789, 0.000000000000114 ], [ 104.12253913981408, -2.431257284559458, 0.000000000000114 ], [ 104.12288845913109, -2.431374655790942, 0.000000000000114 ], [ 104.123022226096708, -2.431437546487242, 0.000000000000114 ], [ 104.123125077102159, -2.431504579871411, 0.000000000000114 ], [ 104.12364522530082, -2.43073071435379, 0.000000000000114 ], [ 104.123932688981583, -2.430441187272161, 0.000000000000114 ], [ 104.123933211229158, -2.430441427378319, 0.000000000000114 ], [ 104.124669968564589, -2.430780155358735, 0.000000000000114 ], [ 104.124669879240088, -2.430484061645314, 0.000000000000114 ], [ 104.124669876890451, -2.430474074723725, 0.000000000000114 ], [ 104.124669188567339, -2.428214751110783, 0.000000000000114 ], [ 104.124669085254652, -2.42786968805796, 0.000000000000114 ], [ 104.124258587656854, -2.427863404142479, 0.000000000000114 ], [ 104.123107404668417, -2.427935122232416, 0.000000000000114 ], [ 104.122594798372788, -2.427880511305947, 0.000000000000114 ] ] ] } },
{ "type": "Feature", "properties": { "FID": 461, "OBJECTID": 661, "NIB": "661", "NO": 661, "NAMA": "KADES RUDI", "LOKASI_LAH": "IPPKH", "STATUS": "Lunas", "Lokasi_2": "TIMUR", "NIB_1": "661", "KETERANGAN": " ", "Luas_Acad": 0.0, "long": 104.118277428, "lat": -2.4282769177899999 }, "geometry": { "type": "Polygon", "coordinates": [ [ [ 104.119529413532717, -2.42854463414942, 0.000000000000114 ], [ 104.116914890511069, -2.427087333943684, 0.000000000000114 ], [ 104.11678529747924, -2.42721634452047, 0.000000000000114 ], [ 104.117931551733435, -2.42837078010632, 0.000000000000114 ], [ 104.118978328096134, -2.429425025824, 0.000000000000114 ], [ 104.119475827533108, -2.428762226147152, 0.000000000000114 ], [ 104.119529413532717, -2.42854463414942, 0.000000000000114 ] ] ] } },
{ "type": "Feature", "properties": { "FID": 462, "OBJECTID": 653, "NIB": "653", "NO": 653, "NAMA": "RAWA MAJID", "LOKASI_LAH": "IPPKH", "STATUS": "Lunas", "Lokasi_2": "TIMUR", "NIB_1": "653", "KETERANGAN": " ", "Luas_Acad": 0.0, "long": 104.114425118, "lat": -2.4273245966700001 }, "geometry": { "type": "Polygon", "coordinates": [ [ [ 104.114232089890123, -2.42693439249137, 0.0 ], [ 104.113945168143047, -2.426807569155689, 0.0 ], [ 104.113052919007586, -2.427213888346841, 0.0 ], [ 104.113466439626535, -2.427503635043275, 0.0 ], [ 104.113574458104139, -2.427358969213962, 0.0 ], [ 104.113825570224336, -2.427280252081164, 0.0 ], [ 104.114174235421942, -2.427290246096609, 0.0 ], [ 104.114724944998684, -2.427278318828963, 0.0 ], [ 104.114779452603386, -2.427604006723579, 0.0 ], [ 104.115669645259445, -2.427885020587061, 0.0 ], [ 104.115702455005092, -2.427460049442134, 0.0 ], [ 104.114232089890123, -2.42693439249137, 0.0 ] ] ] } },
{ "type": "Feature", "properties": { "FID": 463, "OBJECTID": 662, "NIB": "662", "NO": 662, "NAMA": "SOLHANA", "LOKASI_LAH": " ", "STATUS": " ", "Lokasi_2": "TIMUR", "NIB_1": "662", "KETERANGAN": " ", "Luas_Acad": 0.0, "long": 104.118930101, "lat": -2.4278763863 }, "geometry": { "type": "Polygon", "coordinates": [ [ [ 104.117422285601762, -2.426919560159625, 0.000000000000114 ], [ 104.117124842639925, -2.42676232645496, 0.000000000000114 ], [ 104.116914890511069, -2.427087333943684, 0.000000000000114 ], [ 104.119529413532717, -2.42854463414942, 0.000000000000114 ], [ 104.119669331240246, -2.428306274969339, 0.000000000000114 ], [ 104.120740575950549, -2.429015421186, 0.000000000000114 ], [ 104.120976761146892, -2.428590813371484, 0.000000000000114 ], [ 104.119708443855984, -2.42805346129087, 0.000000000000114 ], [ 104.117422285601762, -2.426919560159625, 0.000000000000114 ] ] ] } },
{ "type": "Feature", "properties": { "FID": 464, "OBJECTID": 648, "NIB": "648", "NO": 648, "NAMA": "HERI WIYONO", "LOKASI_LAH": "IPPKH", "STATUS": "Lunas", "Lokasi_2": "TIMUR", "NIB_1": "648", "KETERANGAN": " ", "Luas_Acad": 0.0, "long": 104.12141134700001, "lat": -2.4273596675700002 }, "geometry": { "type": "Polygon", "coordinates": [ [ [ 104.121201481157712, -2.426785025312148, 0.0 ], [ 104.121129601695557, -2.426676425354602, 0.0 ], [ 104.120580466048153, -2.42748116776525, 0.0 ], [ 104.120895175369398, -2.427589926517145, 0.0 ], [ 104.121524535814913, -2.427897904656196, 0.0 ], [ 104.121904445033607, -2.427862608739844, 0.0 ], [ 104.122298041102866, -2.427826041111399, 0.0 ], [ 104.122280088712969, -2.427771752878049, 0.0 ], [ 104.122298099468154, -2.427735580290987, 0.0 ], [ 104.122298116977305, -2.427708442044812, 0.0 ], [ 104.122244740994404, -2.427670521288954, 0.0 ], [ 104.12217226349054, -2.427617899036554, 0.0 ], [ 104.122055392049958, -2.427545454057084, 0.0 ], [ 104.121947520164085, -2.42746396886283, 0.0 ], [ 104.12186660604165, -2.427418685606324, 0.0 ], [ 104.121830654591477, -2.427382477791899, 0.0 ], [ 104.121767710363315, -2.427364344520057, 0.0 ], [ 104.121740740939728, -2.427346234739105, 0.0 ], [ 104.121614945930659, -2.427165230899461, 0.0 ], [ 104.121525032302102, -2.427128987839482, 0.0 ], [ 104.121417160487368, -2.427047502625884, 0.0 ], [ 104.121345228429149, -2.427020317387399, 0.0 ], [ 104.121291283769182, -2.426993143896904, 0.0 ], [ 104.121219386768416, -2.426911682176479, 0.0 ], [ 104.121201481157712, -2.426785025312148, 0.0 ] ] ] } },
{ "type": "Feature", "properties": { "FID": 465, "OBJECTID": 696, "NIB": "696", "NO": 696, "NAMA": "ANTON", "LOKASI_LAH": " ", "STATUS": " ", "Lokasi_2": "TIMUR", "NIB_1": "696", "KETERANGAN": " ", "Luas_Acad": 0.0, "long": 104.123442251, "lat": -2.4272899965599999 }, "geometry": { "type": "Polygon", "coordinates": [ [ [ 104.122678051465414, -2.426716082373519, 0.0 ], [ 104.1223707784266, -2.426604866964491, 0.0 ], [ 104.122225596158273, -2.426955481419983, 0.0 ], [ 104.122037492207753, -2.427409751092043, 0.0 ], [ 104.122055392049958, -2.427545454057084, 0.0 ], [ 104.12217226349054, -2.427617899036554, 0.0 ], [ 104.122244740994404, -2.427670521288954, 0.0 ], [ 104.122298116977305, -2.427708442044812, 0.0 ], [ 104.122298099468154, -2.427735580290987, 0.0 ], [ 104.122280088712969, -2.427771752878049, 0.0 ], [ 104.122298041102866, -2.427826041111399, 0.0 ], [ 104.122594798372788, -2.427880511305947, 0.0 ], [ 104.123107404668389, -2.427935122232416, 0.0 ], [ 104.124258587656868, -2.427863404142479, 0.0 ], [ 104.124978809020035, -2.426828195095675, 0.0 ], [ 104.122883296768691, -2.426795169052635, 0.0 ], [ 104.122678051465414, -2.426716082373519, 0.0 ] ] ] } },
{ "type": "Feature", "properties": { "FID": 466, "OBJECTID": 658, "NIB": "658", "NO": 658, "NAMA": "EKO/ARBY", "LOKASI_LAH": " ", "STATUS": " ", "Lokasi_2": "TIMUR", "NIB_1": "658", "KETERANGAN": " ", "Luas_Acad": 0.0, "long": 104.125519278, "lat": -2.4270161770200001 }, "geometry": { "type": "Polygon", "coordinates": [ [ [ 104.126702338038314, -2.426380821273991, 0.0 ], [ 104.126265312641536, -2.426200327689494, 0.0 ], [ 104.126076328708123, -2.426381126860882, 0.0 ], [ 104.125428968454784, -2.426212092305118, 0.0 ], [ 104.125383883266949, -2.426272123780918, 0.0 ], [ 104.124978809020035, -2.426828195095658, 0.0 ], [ 104.124258587656854, -2.427863404142479, 0.0 ], [ 104.124669085254652, -2.42786968805796, 0.0 ], [ 104.125499766586174, -2.427882403783213, 0.0 ], [ 104.126702338038314, -2.426380821273991, 0.0 ] ] ] } },
{ "type": "Feature", "properties": { "FID": 467, "OBJECTID": 665, "NIB": "665", "NO": 665, "NAMA": "M.ZAENUDIN", "LOKASI_LAH": " ", "STATUS": " ", "Lokasi_2": "TIMUR", "NIB_1": "665", "KETERANGAN": " ", "Luas_Acad": 0.0, "long": 104.121503464, "lat": -2.4267457299 }, "geometry": { "type": "Polygon", "coordinates": [ [ [ 104.121138434546125, -2.426181812956513, 0.0 ], [ 104.120483668237185, -2.426017434904472, 0.0 ], [ 104.120770058456003, -2.426359577532929, 0.0 ], [ 104.120971381615931, -2.426569578201808, 0.0 ], [ 104.120994778072117, -2.42654969210657, 0.0 ], [ 104.121129601695557, -2.426676425354602, 0.0 ], [ 104.121201481157712, -2.426785025312148, 0.0 ], [ 104.121219386768416, -2.426911682176479, 0.0 ], [ 104.121291283769182, -2.426993143896904, 0.0 ], [ 104.121345228429149, -2.427020317387399, 0.0 ], [ 104.121417160487368, -2.427047502625884, 0.0 ], [ 104.12148008717098, -2.427092774147602, 0.0 ], [ 104.121525032302102, -2.427128987839482, 0.0 ], [ 104.121614945930659, -2.427165230899461, 0.0 ], [ 104.121740740939728, -2.427346234739105, 0.0 ], [ 104.121767710363315, -2.427364344520057, 0.0 ], [ 104.121830654591477, -2.427382477791899, 0.0 ], [ 104.12186660604165, -2.427418685606324, 0.0 ], [ 104.121947520164085, -2.42746396886283, 0.0 ], [ 104.122055392049958, -2.427545454057084, 0.0 ], [ 104.122037492207753, -2.427409751092043, 0.0 ], [ 104.122225596158273, -2.426955481419983, 0.0 ], [ 104.1223707784266, -2.426604866964491, 0.0 ], [ 104.121138434546125, -2.426181812956513, 0.0 ] ] ] } },
{ "type": "Feature", "properties": { "FID": 468, "OBJECTID": 656, "NIB": "656", "NO": 656, "NAMA": "ARBYANSYAH#1", "LOKASI_LAH": " ", "STATUS": " ", "Lokasi_2": "TIMUR", "NIB_1": "656", "KETERANGAN": " ", "Luas_Acad": 0.0, "long": 104.11946461399999, "lat": -2.4273570568 }, "geometry": { "type": "Polygon", "coordinates": [ [ [ 104.119073603803443, -2.426510562894367, 0.0 ], [ 104.118377971599799, -2.425996169137807, 0.0 ], [ 104.117422285601762, -2.426919560159625, 0.0 ], [ 104.11970844385597, -2.428053461290904, 0.0 ], [ 104.120976761146878, -2.428590813371501, 0.0 ], [ 104.121188335273487, -2.42868045152746, 0.0 ], [ 104.121275001424507, -2.428457887177401, 0.0 ], [ 104.121443516528771, -2.428015450809192, 0.0 ], [ 104.121524535814913, -2.427897904656196, 0.0 ], [ 104.120895175369398, -2.427589926517145, 0.0 ], [ 104.120580466048153, -2.42748116776525, 0.0 ], [ 104.119798213322483, -2.427173089281969, 0.0 ], [ 104.119735275016552, -2.427145909852505, 0.0 ], [ 104.119618374550399, -2.427118695101076, 0.0 ], [ 104.119555430400126, -2.427100561740863, 0.0 ], [ 104.119492497959484, -2.42706433622772, 0.0 ], [ 104.119438576776773, -2.42700097837517, 0.0 ], [ 104.119303806038403, -2.426792830330354, 0.0 ], [ 104.119258884418016, -2.42672043229071, 0.0 ], [ 104.119073603803443, -2.426510562894367, 0.0 ] ] ] } },
{ "type": "Feature", "properties": { "FID": 469, "OBJECTID": 647, "NIB": "647", "NO": 647, "NAMA": "SUTARMAN", "LOKASI_LAH": " ", "STATUS": "Lunas", "Lokasi_2": "TIMUR", "NIB_1": "647", "KETERANGAN": " ", "Luas_Acad": 0.0, "long": 104.12011009, "lat": -2.4266513355799999 }, "geometry": { "type": "Polygon", "coordinates": [ [ [ 104.120483668237185, -2.426017434904472, 0.0 ], [ 104.119790079597735, -2.425843310209697, 0.0 ], [ 104.119073603803443, -2.426510562894367, 0.0 ], [ 104.119258884418016, -2.42672043229071, 0.0 ], [ 104.119438576776773, -2.42700097837517, 0.0 ], [ 104.119492497959484, -2.42706433622772, 0.0 ], [ 104.119555430400126, -2.427100561740863, 0.0 ], [ 104.119618374550399, -2.427118695101076, 0.0 ], [ 104.119735275016552, -2.427145909852505, 0.0 ], [ 104.119798213322483, -2.427173089281969, 0.0 ], [ 104.120580466048153, -2.42748116776525, 0.0 ], [ 104.121129601695557, -2.426676425354602, 0.0 ], [ 104.120994778072117, -2.42654969210657, 0.0 ], [ 104.120971381615931, -2.426569578201808, 0.0 ], [ 104.120770058456003, -2.426359577532929, 0.0 ], [ 104.120483668237185, -2.426017434904472, 0.0 ] ] ] } },
{ "type": "Feature", "properties": { "FID": 470, "OBJECTID": 646, "NIB": "646", "NO": 646, "NAMA": "SULASNO", "LOKASI_LAH": " ", "STATUS": "Lunas", "Lokasi_2": "TIMUR", "NIB_1": "646", "KETERANGAN": " ", "Luas_Acad": 0.0, "long": 104.119043631, "lat": -2.4259950088000002 }, "geometry": { "type": "Polygon", "coordinates": [ [ [ 104.119293316021157, -2.425794598905485, 0.0 ], [ 104.11868956699594, -2.425492296855926, 0.0 ], [ 104.118377971599799, -2.425996169137807, 0.0 ], [ 104.119073603803443, -2.426510562894367, 0.0 ], [ 104.119790079597735, -2.425843310209697, 0.0 ], [ 104.119293316021157, -2.425794598905485, 0.0 ] ] ] } },
{ "type": "Feature", "properties": { "FID": 471, "OBJECTID": 658, "NIB": "658", "NO": 658, "NAMA": "EKO", "LOKASI_LAH": " ", "STATUS": " ", "Lokasi_2": "TIMUR", "NIB_1": "658", "KETERANGAN": " ", "Luas_Acad": 0.0, "long": 104.123170468, "lat": -2.426170083 }, "geometry": { "type": "Polygon", "coordinates": [ [ [ 104.123023351218578, -2.425820799652516, 0.0 ], [ 104.121031494602363, -2.425400863552764, 0.0 ], [ 104.121138434546154, -2.426181812956513, 0.0 ], [ 104.1223707784266, -2.426604866964475, 0.0 ], [ 104.12257758681136, -2.42667737055701, 0.0 ], [ 104.122885051852464, -2.426791004726793, 0.0 ], [ 104.124978809020035, -2.426828195095658, 0.0 ], [ 104.125428968454784, -2.426212092305118, 0.0 ], [ 104.125236856031037, -2.426152250137111, 0.0 ], [ 104.125195114353772, -2.426118217478381, 0.0 ], [ 104.125042262143523, -2.426054795445715, 0.0 ], [ 104.12474862443095, -2.426024677362866, 0.0 ], [ 104.124746833722426, -2.426024493691747, 0.0 ], [ 104.12433440556633, -2.425972753799557, 0.0 ], [ 104.123023351218578, -2.425820799652516, 0.0 ] ] ] } },
{ "type": "Feature", "properties": { "FID": 472, "OBJECTID": 675, "NIB": "675", "NO": 675, "NAMA": "NAZIAL AKBAR", "LOKASI_LAH": " ", "STATUS": "Belum Lunas", "Lokasi_2": "TIMUR", "NIB_1": "675", "KETERANGAN": " ", "Luas_Acad": 0.0, "long": 104.12422183299999, "lat": -2.42548410712 }, "geometry": { "type": "Polygon", "coordinates": [ [ [ 104.124043559521937, -2.42503248094595, 0.000000000000114 ], [ 104.123150215893688, -2.424905479639665, 0.000000000000114 ], [ 104.122975960404801, -2.425810808449098, 0.000000000000114 ], [ 104.12433440556633, -2.425972753799557, 0.000000000000114 ], [ 104.12474862443095, -2.426024677362866, 0.000000000000114 ], [ 104.125042262143523, -2.426054795445715, 0.000000000000114 ], [ 104.125236856031037, -2.426152250137111, 0.000000000000114 ], [ 104.125420881005539, -2.42505807732708, 0.000000000000114 ], [ 104.124941824056606, -2.424878738100614, 0.000000000000114 ], [ 104.124697695306054, -2.424878579396267, 0.000000000000114 ], [ 104.124043559521937, -2.42503248094595, 0.000000000000114 ] ] ] } },
{ "type": "Feature", "properties": { "FID": 473, "OBJECTID": 660, "NIB": "660", "NO": 660, "NAMA": "ADI PURWONO", "LOKASI_LAH": " ", "STATUS": "Lunas", "Lokasi_2": "TIMUR", "NIB_1": "660", "KETERANGAN": " ", "Luas_Acad": 0.0, "long": 104.117833859, "lat": -2.42543494303 }, "geometry": { "type": "Polygon", "coordinates": [ [ [ 104.118646668449259, -2.425470817191413, 0.0 ], [ 104.117146576174662, -2.424855556522373, 0.0 ], [ 104.117029259593593, -2.425470612572997, 0.0 ], [ 104.118377971599799, -2.425996169137807, 0.0 ], [ 104.11868956699594, -2.425492296855926, 0.0 ], [ 104.118646668449259, -2.425470817191413, 0.0 ] ] ] } },
{ "type": "Feature", "properties": { "FID": 474, "OBJECTID": 698, "NIB": "698", "NO": 698, "NAMA": "KOSIM", "LOKASI_LAH": " ", "STATUS": " ", "Lokasi_2": "TIMUR", "NIB_1": "698", "KETERANGAN": " ", "Luas_Acad": 0.0, "long": 104.119887045, "lat": -2.42549190583 }, "geometry": { "type": "Polygon", "coordinates": [ [ [ 104.121031494602349, -2.425400863552781, 0.0 ], [ 104.118756479094429, -2.424802334834542, 0.0 ], [ 104.118646668449259, -2.425470817191413, 0.0 ], [ 104.118691483371194, -2.425489197936726, 0.0 ], [ 104.119293316021157, -2.425794598905485, 0.0 ], [ 104.119790079597735, -2.425843310209697, 0.0 ], [ 104.119971561889628, -2.425888764834209, 0.0 ], [ 104.120314439115532, -2.425974642871764, 0.0 ], [ 104.120417730727866, -2.426000513574892, 0.0 ], [ 104.120483237779439, -2.42601692064815, 0.0 ], [ 104.121138434546125, -2.426181812956513, 0.0 ], [ 104.121129922952505, -2.426178890988739, 0.0 ], [ 104.121031494602349, -2.425400863552781, 0.0 ] ] ] } },
{ "type": "Feature", "properties": { "FID": 475, "OBJECTID": 697, "NIB": "697", "NO": 697, "NAMA": "HARDI RIANSYAH", "LOKASI_LAH": " ", "STATUS": " ", "Lokasi_2": "TIMUR", "NIB_1": "697", "KETERANGAN": " ", "Luas_Acad": 0.0, "long": 104.122121104, "lat": -2.4251646890599998 }, "geometry": { "type": "Polygon", "coordinates": [ [ [ 104.122444582060794, -2.424760541752501, 0.000000000000114 ], [ 104.12128427654028, -2.424492836948054, 0.000000000000114 ], [ 104.121256792033662, -2.424695416134633, 0.000000000000114 ], [ 104.121031494602363, -2.425400863552764, 0.000000000000114 ], [ 104.122975960404801, -2.425810808449098, 0.000000000000114 ], [ 104.123160431811144, -2.42485240367929, 0.000000000000114 ], [ 104.122444582060794, -2.424760541752501, 0.000000000000114 ] ] ] } },
{ "type": "Feature", "properties": { "FID": 476, "OBJECTID": 657, "NIB": "657", "NO": 657, "NAMA": "YUSUF", "LOKASI_LAH": " ", "STATUS": " ", "Lokasi_2": "TIMUR", "NIB_1": "657", "KETERANGAN": " ", "Luas_Acad": 0.0, "long": 104.11461704, "lat": -2.4258960762799999 }, "geometry": { "type": "Polygon", "coordinates": [ [ [ 104.117146576174676, -2.424855556522373, 0.000000000000114 ], [ 104.115492298727048, -2.42399509404267, 0.000000000000114 ], [ 104.115545767360828, -2.424754999026198, 0.000000000000114 ], [ 104.114485967513502, -2.424640660828055, 0.000000000000114 ], [ 104.113962664531428, -2.424422456741196, 0.000000000000114 ], [ 104.11371000884948, -2.424367203641654, 0.000000000000114 ], [ 104.11349505211443, -2.42434221332235, 0.000000000000114 ], [ 104.11334435177767, -2.424355397154672, 0.000000000000114 ], [ 104.113299730973537, -2.424377027204206, 0.000000000000114 ], [ 104.11325511016841, -2.424398657251679, 0.000000000000114 ], [ 104.112962972003814, -2.424439100487385, 0.000000000000114 ], [ 104.112237150318876, -2.424410539202246, 0.000000000000114 ], [ 104.111284539250747, -2.424373053104713, 0.000000000000114 ], [ 104.111289873115624, -2.425804324250334, 0.000000000000114 ], [ 104.111265419481498, -2.427105030385322, 0.000000000000114 ], [ 104.112035256292501, -2.427040676570721, 0.000000000000114 ], [ 104.112881968345405, -2.427322328356383, 0.000000000000114 ], [ 104.113466439626549, -2.427503635043275, 0.000000000000114 ], [ 104.113052919007586, -2.427213888346841, 0.000000000000114 ], [ 104.113945168143033, -2.426807569155689, 0.000000000000114 ], [ 104.114232089890137, -2.426934392491352, 0.000000000000114 ], [ 104.115702455005092, -2.427460049442134, 0.000000000000114 ], [ 104.115669645259459, -2.427885020587061, 0.000000000000114 ], [ 104.116308573314967, -2.427306492092007, 0.000000000000114 ], [ 104.11678529747924, -2.42721634452047, 0.000000000000114 ], [ 104.116914890511069, -2.427087333943684, 0.000000000000114 ], [ 104.117124842639925, -2.42676232645496, 0.000000000000114 ], [ 104.117422285601762, -2.426919560159625, 0.000000000000114 ], [ 104.118377971599784, -2.425996169137791, 0.000000000000114 ], [ 104.117029259593622, -2.425470612572997, 0.000000000000114 ], [ 104.117146576174676, -2.424855556522373, 0.000000000000114 ] ] ] } },
{ "type": "Feature", "properties": { "FID": 477, "OBJECTID": 699, "NIB": "699", "NO": 699, "NAMA": "AGUNG SUTOPO", "LOKASI_LAH": " ", "STATUS": "Lunas", "Lokasi_2": "TIMUR", "NIB_1": "699", "KETERANGAN": " ", "Luas_Acad": 0.0, "long": 104.117839073, "lat": -2.4247311413700001 }, "geometry": { "type": "Polygon", "coordinates": [ [ [ 104.117389968010528, -2.423987292973824, 0.0 ], [ 104.117345023112904, -2.423951079220602, 0.0 ], [ 104.117234682934154, -2.424150630611149, 0.0 ], [ 104.116912591125981, -2.424733136549134, 0.0 ], [ 104.117146576174662, -2.424855556522373, 0.0 ], [ 104.118646668449259, -2.425470817191413, 0.0 ], [ 104.118756479094429, -2.424802334834542, 0.0 ], [ 104.118342840265683, -2.424693511096416, 0.0 ], [ 104.117389968010528, -2.423987292973824, 0.0 ] ] ] } },
{ "type": "Feature", "properties": { "FID": 478, "OBJECTID": 672, "NIB": "672", "NO": 672, "NAMA": "ALAMSYAH", "LOKASI_LAH": " ", "STATUS": " ", "Lokasi_2": "TIMUR", "NIB_1": "672", "KETERANGAN": " ", "Luas_Acad": 0.0, "long": 104.113693594, "lat": -2.4240753324700002 }, "geometry": { "type": "Polygon", "coordinates": [ [ [ 104.11241911067367, -2.423592487825096, 42.503299999996671 ], [ 104.112365211648665, -2.423591675633678, 0.0 ], [ 104.112237150318862, -2.424410539202246, 0.0 ], [ 104.1129629720038, -2.424439100487385, 0.0 ], [ 104.11325511016841, -2.424398657251696, 0.0 ], [ 104.113299730973523, -2.424377027204206, 0.0 ], [ 104.113344351777656, -2.424355397154672, 0.0 ], [ 104.113495052114416, -2.42434221332235, 0.0 ], [ 104.11371000884948, -2.424367203641671, 0.0 ], [ 104.113962664531428, -2.424422456741196, 0.0 ], [ 104.114485967513488, -2.424640660828054, 0.0 ], [ 104.115545767360828, -2.424754999026198, 0.0 ], [ 104.115492298727034, -2.42399509404267, 0.0 ], [ 104.11536779855723, -2.423692521091739, 0.0 ], [ 104.115204665993616, -2.42374161516746, 0.0 ], [ 104.114961813657246, -2.423777639884927, 0.0 ], [ 104.114709985295505, -2.423786520450206, 0.0 ], [ 104.114488834140872, -2.423677735791164, 0.0 ], [ 104.114197458445418, -2.423614308202622, 42.503299999996671 ], [ 104.113222926224594, -2.423595574836137, 42.503299999996671 ], [ 104.112596599537113, -2.423595162346814, 42.503299999996671 ], [ 104.11241911067367, -2.423592487825096, 42.503299999996671 ] ] ] } },
{ "type": "Feature", "properties": { "FID": 479, "OBJECTID": 667, "NIB": "667", "NO": 667, "NAMA": "AGANI", "LOKASI_LAH": " ", "STATUS": " ", "Lokasi_2": "TIMUR", "NIB_1": "667", "KETERANGAN": " ", "Luas_Acad": 0.0, "long": 104.119280674, "lat": -2.4244380403800001 }, "geometry": { "type": "Polygon", "coordinates": [ [ [ 104.1183111227284, -2.42364523183937, 0.000000000000114 ], [ 104.117651141697621, -2.423435653532318, 0.000000000000114 ], [ 104.117498085369178, -2.423688843360847, 0.000000000000114 ], [ 104.117345023112904, -2.423951079220602, 0.000000000000114 ], [ 104.117389968010528, -2.423987292973807, 0.000000000000114 ], [ 104.118342840265697, -2.424693511096416, 0.000000000000114 ], [ 104.118756479094429, -2.424802334834542, 0.000000000000114 ], [ 104.121031494602363, -2.425400863552764, 0.000000000000114 ], [ 104.121256792033662, -2.424695416134633, 0.000000000000114 ], [ 104.1183111227284, -2.42364523183937, 0.000000000000114 ] ] ] } },
{ "type": "Feature", "properties": { "FID": 480, "OBJECTID": 673, "NIB": "673", "NO": 673, "NAMA": "ANSORI PE'I", "LOKASI_LAH": " ", "STATUS": "Lunas", "Lokasi_2": "TIMUR", "NIB_1": "673", "KETERANGAN": " ", "Luas_Acad": 0.0, "long": 104.11633194700001, "lat": -2.4239105798499998 }, "geometry": { "type": "Polygon", "coordinates": [ [ [ 104.11650898163586, -2.423380628475001, 8.08666666666492 ], [ 104.115681711599109, -2.423153933894024, 12.129999999997381 ], [ 104.115339647255539, -2.423624104929925, 0.0 ], [ 104.11536779855723, -2.423692521091739, 0.0 ], [ 104.115492298727034, -2.42399509404267, 0.0 ], [ 104.116912591125981, -2.424733136549134, 0.0 ], [ 104.117234682934154, -2.424150630611149, 0.0 ], [ 104.117345023112904, -2.423951079220602, 0.0 ], [ 104.117498085369164, -2.423688843360865, 0.0 ], [ 104.11650898163586, -2.423380628475001, 8.08666666666492 ] ] ] } },
{ "type": "Feature", "properties": { "FID": 481, "OBJECTID": 655, "NIB": "655", "NO": 655, "NAMA": "HAMZAH#2", "LOKASI_LAH": " ", "STATUS": "Belum Lunas", "Lokasi_2": "TIMUR", "NIB_1": "655", "KETERANGAN": " ", "Luas_Acad": 0.0, "long": 104.113201108, "lat": -2.42320804491 }, "geometry": { "type": "Polygon", "coordinates": [ [ [ 104.113507373290275, -2.422796986891156, 70.3459999999953 ], [ 104.112803995311623, -2.422763061143574, 85.006599999993341 ], [ 104.112210290834767, -2.422952637394809, 85.006599999993341 ], [ 104.11241911067367, -2.423592487825096, 42.503299999996671 ], [ 104.112596599537113, -2.423595162346814, 42.503299999996671 ], [ 104.113222926224594, -2.423595574836137, 42.503299999996671 ], [ 104.113226155334814, -2.423595576962026, 85.006599999993341 ], [ 104.114197458445418, -2.423614308202622, 42.503299999996671 ], [ 104.114135014379869, -2.422827259345771, 70.3459999999953 ], [ 104.113507373290275, -2.422796986891156, 70.3459999999953 ] ] ] } },
{ "type": "Feature", "properties": { "FID": 482, "OBJECTID": 676, "NIB": "676", "NO": 676, "NAMA": "JUNED", "LOKASI_LAH": "timur", "STATUS": " ", "Lokasi_2": "TIMUR", "NIB_1": "676", "KETERANGAN": " ", "Luas_Acad": 0.0, "long": 104.12273066, "lat": -2.42336316969 }, "geometry": { "type": "Polygon", "coordinates": [ [ [ 104.123321651613807, -2.423228365476306, 0.000000000000114 ], [ 104.122526258628099, -2.42258850583544, 0.000000000000114 ], [ 104.122237738770508, -2.423710032630786, 0.000000000000114 ], [ 104.123037943282824, -2.4240723974042, 0.000000000000114 ], [ 104.123321651613807, -2.423228365476306, 0.000000000000114 ] ] ] } },
{ "type": "Feature", "properties": { "FID": 483, "OBJECTID": 666, "NIB": "666", "NO": 666, "NAMA": "AZWAR ANNAS", "LOKASI_LAH": " ", "STATUS": " ", "Lokasi_2": "TIMUR", "NIB_1": "666", "KETERANGAN": " ", "Luas_Acad": 0.0, "long": 104.118023149, "lat": -2.4233429686100001 }, "geometry": { "type": "Polygon", "coordinates": [ [ [ 104.117435815055416, -2.422630411828134, 6.064999999998804 ], [ 104.116482563545745, -2.422512188204679, 12.129999999997381 ], [ 104.11637462795106, -2.422530209577736, 12.129999999997381 ], [ 104.116212689373057, -2.422611518026399, 12.129999999997381 ], [ 104.116425057913119, -2.423149605647723, 0.000000000000114 ], [ 104.116508981635846, -2.423380628474985, 8.086666666664883 ], [ 104.117498085369178, -2.423688843360847, 0.000000000000114 ], [ 104.117651141697621, -2.423435653532318, 0.000000000000114 ], [ 104.1183111227284, -2.42364523183937, 0.000000000000114 ], [ 104.121256792033662, -2.424695416134633, 0.000000000000114 ], [ 104.12128427654028, -2.424492836948054, 0.000000000000114 ], [ 104.121356195127746, -2.423962748203985, 0.000000000000114 ], [ 104.120510982245264, -2.423663675804782, 0.000000000000114 ], [ 104.120170353822431, -2.423184378434899, 0.000000000000114 ], [ 104.119665769902383, -2.423364603009943, 0.559259337728804 ], [ 104.117435815055416, -2.422630411828134, 6.064999999998804 ] ] ] } },
{ "type": "Feature", "properties": { "FID": 484, "OBJECTID": 654, "NIB": "654", "NO": 654, "NAMA": "HAMZAH#1", "LOKASI_LAH": " ", "STATUS": "Belum Lunas", "Lokasi_2": "TIMUR", "NIB_1": "654", "KETERANGAN": " ", "Luas_Acad": 0.0, "long": 104.11899141400001, "lat": -2.4226474954000001 }, "geometry": { "type": "Polygon", "coordinates": [ [ [ 104.118164798804045, -2.421861972584304, 0.000000000000114 ], [ 104.117958009090714, -2.421762330446461, 8.086666666664883 ], [ 104.117435815055416, -2.422630411828134, 6.064999999998804 ], [ 104.119665769902383, -2.423364603009943, 1.315847596939193 ], [ 104.120170353822431, -2.423184378434899, 0.000000000000114 ], [ 104.120510982245264, -2.423663675804782, 0.000000000000114 ], [ 104.121356195127746, -2.423962748203985, 0.000000000000114 ], [ 104.12146451584124, -2.423347685132157, 0.000000000000114 ], [ 104.119900043383623, -2.422686300040016, 0.000000000000114 ], [ 104.11948645165765, -2.422505108245145, 0.000000000000114 ], [ 104.119612596591494, -2.422143347461656, 0.000000000000114 ], [ 104.119477726728462, -2.422088982877157, 0.000000000000114 ], [ 104.118479483200105, -2.422006915656438, 0.000000000000114 ], [ 104.118164798804045, -2.421861972584304, 0.000000000000114 ] ] ] } },
{ "type": "Feature", "properties": { "FID": 485, "OBJECTID": 691, "NIB": "691", "NO": 691, "NAMA": "SOPIAN HADI", "LOKASI_LAH": " ", "STATUS": " ", "Lokasi_2": "TIMUR", "NIB_1": "691", "KETERANGAN": " ", "Luas_Acad": 0.0, "long": 104.11393726199999, "lat": -2.4222026511900001 }, "geometry": { "type": "Polygon", "coordinates": [ [ [ 104.114342550016147, -2.421778051984706, 41.024799999999232 ], [ 104.114345262176499, -2.421591101379838, 32.642399999996996 ], [ 104.113857004856342, -2.421605857624561, 32.642399999996996 ], [ 104.11365013342585, -2.421632859819959, 32.642399999996996 ], [ 104.113542174430847, -2.421687065224032, 50.097133333329111 ], [ 104.113515070014088, -2.421877014769612, 63.015699999996286 ], [ 104.113452055692818, -2.421967433975968, 63.015699999996286 ], [ 104.113460931710151, -2.42214836111514, 63.015699999996286 ], [ 104.113505741137644, -2.422392634347953, 63.015699999996286 ], [ 104.113505594083449, -2.422618785878818, 63.015699999996286 ], [ 104.113507373290275, -2.422796986891156, 70.3459999999953 ], [ 104.114135014379869, -2.422827259345771, 70.3459999999953 ], [ 104.114282975414113, -2.422826776728301, 41.024799999999232 ], [ 104.114279118527676, -2.422510741737605, 41.024799999999232 ], [ 104.114252266870125, -2.422311710615626, 41.024799999999232 ], [ 104.114306410922239, -2.42203131811982, 41.024799999999232 ], [ 104.114342550016147, -2.421778051984706, 41.024799999999232 ] ] ] } },
{ "type": "Feature", "properties": { "FID": 486, "OBJECTID": 694, "NIB": "694", "NO": 694, "NAMA": " ARIS NASUTION_ABDUL LATIF", "LOKASI_LAH": " ", "STATUS": " ", "Lokasi_2": "TIMUR", "NIB_1": "694", "KETERANGAN": " ", "Luas_Acad": 0.0, "long": 104.114795864, "lat": -2.4227401007 }, "geometry": { "type": "Polygon", "coordinates": [ [ [ 104.115501903015442, -2.423054309085304, 24.259999999994761 ], [ 104.115394691310655, -2.421567552477745, 24.259999999994761 ], [ 104.114345262176499, -2.421591101379838, 32.642399999996996 ], [ 104.114342550016147, -2.421778051984706, 41.024799999999232 ], [ 104.114306410922239, -2.42203131811982, 41.024799999999232 ], [ 104.114252266870125, -2.422311710615626, 41.024799999999232 ], [ 104.114279118527676, -2.422510741737605, 41.024799999999232 ], [ 104.114282975414113, -2.422826776728301, 41.024799999999232 ], [ 104.114135014379869, -2.422827259345771, 70.3459999999953 ], [ 104.114197458445418, -2.423614308202622, 42.503299999996671 ], [ 104.114488834140872, -2.423677735791164, 0.0 ], [ 104.114709985295505, -2.423786520450206, 0.0 ], [ 104.114961813657246, -2.423777639884927, 0.0 ], [ 104.115204665993616, -2.42374161516746, 0.0 ], [ 104.11536779855723, -2.423692521091739, 0.0 ], [ 104.115339647255539, -2.423624104929925, 0.0 ], [ 104.115681711599109, -2.423153933894024, 12.129999999997381 ], [ 104.115501903015442, -2.423054309085304, 24.259999999994761 ] ] ] } },
{ "type": "Feature", "properties": { "FID": 487, "OBJECTID": 671, "NIB": "671", "NO": 671, "NAMA": "SULI", "LOKASI_LAH": " ", "STATUS": " ", "Lokasi_2": "TIMUR", "NIB_1": "671", "KETERANGAN": " ", "Luas_Acad": 0.0, "long": 104.12046791900001, "lat": -2.4223357374200001 }, "geometry": { "type": "Polygon", "coordinates": [ [ [ 104.120458537565781, -2.421311660219011, 0.0 ], [ 104.118685332366525, -2.42115030768717, 0.0 ], [ 104.118245811893999, -2.421753472660558, 0.0 ], [ 104.118166265494835, -2.42186000826204, 0.0 ], [ 104.118479483200105, -2.422006915656438, 0.0 ], [ 104.119091028575056, -2.422043499796693, 0.0 ], [ 104.119477726728448, -2.422088982877157, 0.0 ], [ 104.119612596591494, -2.422143347461656, 0.0 ], [ 104.119486451657636, -2.422505108245145, 0.0 ], [ 104.121464515841225, -2.423347685132157, 0.0 ], [ 104.12223773877048, -2.423710032630786, 0.0 ], [ 104.122526258628085, -2.42258850583544, 0.0 ], [ 104.122112736181961, -2.422298761741471, 0.0 ], [ 104.121915050255581, -2.422027250383828, 0.0 ], [ 104.121429543864878, -2.421791735802545, 0.0 ], [ 104.120458537565781, -2.421311660219011, 0.0 ] ] ] } },
{ "type": "Feature", "properties": { "FID": 488, "OBJECTID": 677, "NIB": "677", "NO": 677, "NAMA": "WINOTO", "LOKASI_LAH": " ", "STATUS": "Lunas", "Lokasi_2": "TIMUR", "NIB_1": "677", "KETERANGAN": " ", "Luas_Acad": 0.0, "long": 104.122421808, "lat": -2.4217325450199998 }, "geometry": { "type": "Polygon", "coordinates": [ [ [ 104.121624432217487, -2.420968462080873, 0.0 ], [ 104.12135275840788, -2.420943786236504, 0.0 ], [ 104.121169246392441, -2.420986464650605, 0.0 ], [ 104.120358400858109, -2.421300011178249, 0.0 ], [ 104.120458537565781, -2.421311660219011, 0.0 ], [ 104.121915050255581, -2.422027250383828, 0.0 ], [ 104.122112736181961, -2.422298761741471, 0.0 ], [ 104.122526258628085, -2.42258850583544, 0.0 ], [ 104.12262669871015, -2.42254195088458, 0.0 ], [ 104.122724171785478, -2.422507219908755, 0.0 ], [ 104.12294906594083, -2.422425951504199, 0.0 ], [ 104.123225154254754, -2.422404385997722, 0.0 ], [ 104.123570951580163, -2.422450956402373, 0.0 ], [ 104.123983568659099, -2.422560136566198, 0.0 ], [ 104.124204941146601, -2.422493079512103, 0.0 ], [ 104.12402853908182, -2.422064809980466, 0.0 ], [ 104.123929753991959, -2.421838593510201, 0.0 ], [ 104.123857973172349, -2.421576210233151, 0.0 ], [ 104.123896320880917, -2.421132965658774, 0.0 ], [ 104.123707039884863, -2.421169104682185, 0.0 ], [ 104.123415549643653, -2.421159752852871, 0.0 ], [ 104.12326412349239, -2.421141734347569, 0.0 ], [ 104.123029622653902, -2.421159724618684, 0.0 ], [ 104.122758305028555, -2.421114060021716, 0.0 ], [ 104.122281156405307, -2.421095638492948, 0.0 ], [ 104.12188372509317, -2.421013602255462, 0.0 ], [ 104.121624432217487, -2.420968462080873, 0.0 ] ] ] } },
{ "type": "Feature", "properties": { "FID": 489, "OBJECTID": 693, "NIB": "693", "NO": 693, "NAMA": "MASHUR", "LOKASI_LAH": " ", "STATUS": "Lunas", "Lokasi_2": "TIMUR", "NIB_1": "693", "KETERANGAN": " ", "Luas_Acad": 0.0, "long": 104.115723617, "lat": -2.4219903811000001 }, "geometry": { "type": "Polygon", "coordinates": [ [ [ 104.116108695710977, -2.421247903989334, 12.129999999997381 ], [ 104.113626775898581, -2.420912281795559, 33.381649999995716 ], [ 104.113542174430847, -2.421687065224032, 50.097133333329111 ], [ 104.11365013342585, -2.421632859819959, 32.642399999996996 ], [ 104.113857004856342, -2.421605857624561, 32.642399999996996 ], [ 104.114345262176499, -2.421591101379838, 32.642399999996996 ], [ 104.115394691310655, -2.421567552477745, 24.259999999994761 ], [ 104.115501903015442, -2.423054309085304, 24.259999999994761 ], [ 104.115681711599109, -2.423153933894024, 12.129999999997381 ], [ 104.11650898163586, -2.423380628475001, 8.08666666666492 ], [ 104.116212689373029, -2.422611518026399, 12.129999999997381 ], [ 104.116374627951046, -2.422530209577753, 12.129999999997381 ], [ 104.11648256354573, -2.422512188204679, 12.129999999997381 ], [ 104.117444761862984, -2.422702786285663, 6.06499999999869 ], [ 104.117958009090714, -2.421762330446477, 8.08666666666492 ], [ 104.117690167337855, -2.421523888482302, 12.129999999997381 ], [ 104.117526565389682, -2.421373066838043, 12.129999999997381 ], [ 104.117300854558763, -2.421250631179745, 8.08666666666492 ], [ 104.116462468931246, -2.421480879531281, 12.129999999997381 ], [ 104.116460089225384, -2.421295421462581, 8.08666666666492 ], [ 104.11642039924007, -2.421290927683407, 0.0 ], [ 104.116108695710977, -2.421247903989334, 12.129999999997381 ] ] ] } },
{ "type": "Feature", "properties": { "FID": 490, "OBJECTID": 692, "NIB": "692", "NO": 692, "NAMA": "GUSNURI", "LOKASI_LAH": " ", "STATUS": " ", "Lokasi_2": "TIMUR", "NIB_1": "692", "KETERANGAN": " ", "Luas_Acad": 0.0, "long": 104.112350073, "lat": -2.4218166856700001 }, "geometry": { "type": "Polygon", "coordinates": [ [ [ 104.112209619379527, -2.42086197035703, 42.503299999996671 ], [ 104.110925341631841, -2.420827174853003, 85.006599999993341 ], [ 104.111356643153002, -2.421803225029671, 85.006599999993341 ], [ 104.112210290834767, -2.422952637394809, 85.006599999993341 ], [ 104.112803995311623, -2.422763061143574, 85.006599999993341 ], [ 104.113507373290275, -2.422796986891156, 70.3459999999953 ], [ 104.113505594083449, -2.422618785878818, 63.015699999996286 ], [ 104.113505741137644, -2.422392634347953, 63.015699999996286 ], [ 104.113460931710151, -2.42214836111514, 63.015699999996286 ], [ 104.113452055692818, -2.421967433975968, 63.015699999996286 ], [ 104.113515070014088, -2.421877014769612, 63.015699999996286 ], [ 104.113542174430847, -2.421687065224032, 50.097133333329111 ], [ 104.113626775898581, -2.420912281795559, 33.381649999995716 ], [ 104.112209619379527, -2.42086197035703, 42.503299999996671 ] ] ] } },
{ "type": "Feature", "properties": { "FID": 491, "OBJECTID": 674, "NIB": "674", "NO": 674, "NAMA": "GUN TOKE", "LOKASI_LAH": " ", "STATUS": "Belum Lunas", "Lokasi_2": "TIMUR", "NIB_1": "674", "KETERANGAN": " ", "Luas_Acad": 0.0, "long": 104.119813968, "lat": -2.4208560767199998 }, "geometry": { "type": "Polygon", "coordinates": [ [ [ 104.120198363210378, -2.420316421481862, 0.0 ], [ 104.11886775874784, -2.419609958757848, 0.0 ], [ 104.118851423766174, -2.419616262239799, 0.0 ], [ 104.118813785213305, -2.419628015664212, 0.0 ], [ 104.118666222680574, -2.419655057512495, 0.0 ], [ 104.118218752602331, -2.419728239610257, 0.0 ], [ 104.117832300314745, -2.419849432729236, 0.0 ], [ 104.117923139933225, -2.420052599244539, 0.0 ], [ 104.117895626826808, -2.420875774178568, 0.0 ], [ 104.117670779771132, -2.42088467315171, 0.0 ], [ 104.117400987898463, -2.420857358370267, 0.0 ], [ 104.117167176495286, -2.420821021020619, 0.0 ], [ 104.1169872684425, -2.420875179670296, 0.0 ], [ 104.116951252869583, -2.420938478602165, 0.0 ], [ 104.117023079082458, -2.421128493188764, 0.0 ], [ 104.117292812432851, -2.421246268769718, 12.129999999997381 ], [ 104.117301254532293, -2.421250521333639, 0.0 ], [ 104.117436664001886, -2.421318731540207, 0.0 ], [ 104.117526565389682, -2.421373066838043, 12.129999999997381 ], [ 104.117690167337855, -2.421523888482302, 12.129999999997381 ], [ 104.117958009090714, -2.421762330446477, 8.08666666666492 ], [ 104.118166265494835, -2.42186000826204, 0.0 ], [ 104.118245811893999, -2.421753472660558, 0.0 ], [ 104.118685332366525, -2.42115030768717, 0.0 ], [ 104.120358400858109, -2.421300011178249, 0.0 ], [ 104.121169246392441, -2.420986464650605, 0.0 ], [ 104.121277392492061, -2.420958125372387, 0.0 ], [ 104.12135275840788, -2.420943786236504, 0.0 ], [ 104.121624432217487, -2.420968462080873, 0.0 ], [ 104.12188372509317, -2.421013602255462, 0.0 ], [ 104.122281156405307, -2.421095638492948, 0.0 ], [ 104.122758305028555, -2.421114060021716, 0.0 ], [ 104.123029622653902, -2.421159724618684, 0.0 ], [ 104.12326412349239, -2.421141734347569, 0.0 ], [ 104.123415549643653, -2.421159752852871, 0.0 ], [ 104.123707039884863, -2.421169104682185, 0.0 ], [ 104.123896320880917, -2.421132965658774, 0.0 ], [ 104.123847867702352, -2.420281536238014, 11.33666666666492 ], [ 104.123055911723, -2.420137800815407, 0.0 ], [ 104.12234797427233, -2.420118808028542, 0.0 ], [ 104.121412605223782, -2.420163429535172, 0.0 ], [ 104.120801182612453, -2.419936879065773, 0.0 ], [ 104.120396375127171, -2.42008135249089, 0.0 ], [ 104.120198363210378, -2.420316421481862, 0.0 ] ] ] } },
{ "type": "Feature", "properties": { "FID": 492, "OBJECTID": 700, "NIB": "700", "NO": 700, "NAMA": "MERON", "LOKASI_LAH": " ", "STATUS": "Belum Lunas", "Lokasi_2": "TIMUR", "NIB_1": "700", "KETERANGAN": " ", "Luas_Acad": 0.0, "long": 104.122253578, "lat": -2.41943720068 }, "geometry": { "type": "Polygon", "coordinates": [ [ [ 104.123670848928853, -2.418862261553748, 11.33666666666492 ], [ 104.123419282274241, -2.418464070231594, 11.33666666666492 ], [ 104.122213947827817, -2.418752761720319, 0.0 ], [ 104.120163274929737, -2.418941394169956, 0.0 ], [ 104.119893465702347, -2.418941218241488, 0.0 ], [ 104.119650678243516, -2.418877737322341, 0.0 ], [ 104.119281985719184, -2.418805128132457, 0.0 ], [ 104.11921000743709, -2.418850311557706, 0.0 ], [ 104.119101990396658, -2.418994978326146, 0.0 ], [ 104.119047987704008, -2.419058265628591, 0.0 ], [ 104.119011960610337, -2.419139656820414, 0.0 ], [ 104.118948876693111, -2.419338629368585, 0.0 ], [ 104.118813785213305, -2.419628015664212, 0.0 ], [ 104.118851423766174, -2.419616262239799, 0.0 ], [ 104.11886775874784, -2.419609958757848, 0.0 ], [ 104.120198363210378, -2.420316421481862, 0.0 ], [ 104.120396375127171, -2.42008135249089, 0.0 ], [ 104.120801182612453, -2.419936879065773, 0.0 ], [ 104.121412605223782, -2.420163429535172, 0.0 ], [ 104.12234797427233, -2.420118808028542, 0.0 ], [ 104.123055911723, -2.420137800815407, 0.0 ], [ 104.123847867702352, -2.420281536238014, 11.33666666666492 ], [ 104.123742054842012, -2.420020207364883, 17.004999999997381 ], [ 104.123670848928853, -2.418862261553748, 11.33666666666492 ] ] ] } },
{ "type": "Feature", "properties": { "FID": 493, "OBJECTID": 690, "NIB": "690", "NO": 690, "NAMA": "USMAN", "LOKASI_LAH": " ", "STATUS": " ", "Lokasi_2": "TIMUR", "NIB_1": "690", "KETERANGAN": " ", "Luas_Acad": 0.0, "long": 104.114134467, "lat": -2.4199989096399999 }, "geometry": { "type": "Polygon", "coordinates": [ [ [ 104.115576719964949, -2.418630829780383, 0.0 ], [ 104.114223892937801, -2.418062823803876, 0.0 ], [ 104.113703042830835, -2.418959855493535, 0.0 ], [ 104.113345736902218, -2.419497788311869, 0.0 ], [ 104.112401023664802, -2.420085161240688, 0.0 ], [ 104.112212104478104, -2.420166451476819, 0.0 ], [ 104.112209619379527, -2.42086197035703, 42.503299999996671 ], [ 104.113626775898581, -2.420912281795559, 33.381649999995716 ], [ 104.11437902386163, -2.421009160220548, 0.0 ], [ 104.116108695710977, -2.421247903989334, 12.129999999997381 ], [ 104.116460089225384, -2.421295421462581, 8.08666666666492 ], [ 104.116456549610263, -2.421019569199274, 0.0 ], [ 104.116403220416416, -2.420042558429179, 0.0 ], [ 104.116277584760411, -2.419617310732899, 0.0 ], [ 104.116169848555558, -2.419327765855684, 0.0 ], [ 104.116017120789309, -2.419074375801491, 0.0 ], [ 104.11588232761089, -2.418902412141406, 0.0 ], [ 104.11571155994713, -2.418730424910298, 0.0 ], [ 104.115576719964949, -2.418630829780383, 0.0 ] ] ] } },
{ "type": "Feature", "properties": { "FID": 494, "OBJECTID": 683, "NIB": "683", "NO": 683, "NAMA": "SADI#2", "LOKASI_LAH": " ", "STATUS": " ", "Lokasi_2": "TIMUR", "NIB_1": "683", "KETERANGAN": " ", "Luas_Acad": 0.0, "long": 104.116410231, "lat": -2.4197396102400002 }, "geometry": { "type": "Polygon", "coordinates": [ [ [ 104.116332904676483, -2.417518658138484, 0.0 ], [ 104.114886173064846, -2.416988786599907, 0.0 ], [ 104.114223892937801, -2.418062823803876, 0.0 ], [ 104.115576719964949, -2.418630829780383, 0.0 ], [ 104.11571155994713, -2.418730424910298, 0.0 ], [ 104.11588232761089, -2.418902412141406, 0.0 ], [ 104.116017120789309, -2.419074375801491, 0.0 ], [ 104.116169848555558, -2.419327765855684, 0.0 ], [ 104.116277584760411, -2.419617310732899, 0.0 ], [ 104.116403220416416, -2.420042558429179, 0.0 ], [ 104.116456549610263, -2.421019569199274, 0.0 ], [ 104.116460089225384, -2.421295421462581, 8.08666666666492 ], [ 104.116462468931246, -2.421480879531281, 12.129999999997381 ], [ 104.117292050888437, -2.421246483941829, 8.08666666666492 ], [ 104.117023079082458, -2.421128493188764, 0.0 ], [ 104.116960228949722, -2.420965622701545, 0.0 ], [ 104.116951252869583, -2.420938478602165, 0.0 ], [ 104.1169872684425, -2.420875179670296, 0.0 ], [ 104.117167176495286, -2.420821021020619, 0.0 ], [ 104.117400987898463, -2.420857358370267, 0.0 ], [ 104.117670779771132, -2.42088467315171, 0.0 ], [ 104.117859652233079, -2.420875750645319, 0.0 ], [ 104.117895626826808, -2.420875774178568, 0.0 ], [ 104.117923139933225, -2.420052599244539, 0.0 ], [ 104.117832300314745, -2.419849432729236, 0.0 ], [ 104.117680761849115, -2.419355892902709, 0.0 ], [ 104.117294591032746, -2.418496263221109, 0.0 ], [ 104.117016192012329, -2.417871902008777, 0.0 ], [ 104.116332904676483, -2.417518658138484, 0.0 ] ] ] } },
{ "type": "Feature", "properties": { "FID": 495, "OBJECTID": 682, "NIB": "682", "NO": 682, "NAMA": "SADI#1", "LOKASI_LAH": " ", "STATUS": " ", "Lokasi_2": "TIMUR", "NIB_1": "682", "KETERANGAN": " ", "Luas_Acad": 0.0, "long": 104.122138859, "lat": -2.4179343320200002 }, "geometry": { "type": "Polygon", "coordinates": [ [ [ 104.120992110401502, -2.416734689780912, 0.0 ], [ 104.12045250436168, -2.416716246363913, 0.0 ], [ 104.120254644566543, -2.416716117515936, 0.0 ], [ 104.119706033371656, -2.416715760104098, 0.0 ], [ 104.119939284981655, -2.417620520242276, 0.0 ], [ 104.11909384283679, -2.417683291509293, 0.0 ], [ 104.118823677946224, -2.418234926026465, 0.0 ], [ 104.118328706921659, -2.418732137101209, 0.0 ], [ 104.118813785213305, -2.419628015664212, 0.0 ], [ 104.118948876693111, -2.419338629368585, 0.0 ], [ 104.119011960610337, -2.419139656820414, 0.0 ], [ 104.119047987704008, -2.419058265628591, 0.0 ], [ 104.119101990396658, -2.418994978326146, 0.0 ], [ 104.11921000743709, -2.418850311557706, 0.0 ], [ 104.119281985719184, -2.418805128132457, 0.0 ], [ 104.119650678243516, -2.418877737322341, 0.0 ], [ 104.119893465702347, -2.418941218241488, 0.0 ], [ 104.120163274929737, -2.418941394169956, 0.0 ], [ 104.122213947827817, -2.418752761720319, 0.0 ], [ 104.123419282274241, -2.418464070231594, 11.33666666666492 ], [ 104.123401353049189, -2.418373597690574, 17.004999999997381 ], [ 104.12398854017836, -2.417064237878784, 11.33666666666492 ], [ 104.123474271527954, -2.416862948005694, 0.0 ], [ 104.123276428961759, -2.416835681334829, 0.0 ], [ 104.123042594461225, -2.416835529538148, 0.0 ], [ 104.122925665604384, -2.416853545794704, 0.0 ], [ 104.122628829223046, -2.416925721718745, 0.0 ], [ 104.1223050642255, -2.416916465281382, 0.0 ], [ 104.121738494453595, -2.416870866566142, 0.0 ], [ 104.12144175697091, -2.416789258820682, 0.0 ], [ 104.120992110401502, -2.416734689780912, 0.0 ] ] ] } },
{ "type": "Feature", "properties": { "FID": 496, "OBJECTID": 681, "NIB": "681", "NO": 681, "NAMA": "MASHUR", "LOKASI_LAH": " ", "STATUS": " ", "Lokasi_2": "TIMUR", "NIB_1": "681", "KETERANGAN": " ", "Luas_Acad": 0.0, "long": 104.125430855, "lat": -2.4182243862 }, "geometry": { "type": "Polygon", "coordinates": [ [ [ 104.125731489531361, -2.417153885970859, 0.0 ], [ 104.125354098161651, -2.416619922030115, 0.0 ], [ 104.125003091417554, -2.417017722843585, 17.004999999997381 ], [ 104.12435495216657, -2.417949050288463, 17.004999999997381 ], [ 104.124624622376786, -2.418166331389411, 17.004999999997381 ], [ 104.125280712486997, -2.418863305921546, 17.004999999997381 ], [ 104.124956854024944, -2.41899878738073, 11.33666666666492 ], [ 104.125576877244058, -2.419840476092529, 0.0 ], [ 104.12569376005942, -2.419894828418782, 0.0 ], [ 104.126711166403283, -2.41814054446979, 0.0 ], [ 104.126351796424046, -2.417552315649409, 0.0 ], [ 104.125731489531361, -2.417153885970859, 0.0 ] ] ] } },
{ "type": "Feature", "properties": { "FID": 497, "OBJECTID": 689, "NIB": "689", "NO": 689, "NAMA": "USMAN#1", "LOKASI_LAH": " ", "STATUS": " ", "Lokasi_2": "TIMUR", "NIB_1": "689", "KETERANGAN": " ", "Luas_Acad": 0.0, "long": 104.117987914, "lat": -2.4177619795599998 }, "geometry": { "type": "Polygon", "coordinates": [ [ [ 104.118033342007067, -2.416524701380183, 0.0 ], [ 104.117781730852883, -2.416198878337189, 4.722499999999854 ], [ 104.117781614077728, -2.416379799788328, 0.0 ], [ 104.117673591378306, -2.416533512536211, 0.0 ], [ 104.117502636677457, -2.416650999850909, 0.0 ], [ 104.11732273507431, -2.416696112684854, 0.0 ], [ 104.117160861613542, -2.416677914749809, 0.0 ], [ 104.116936026989663, -2.416668721713449, 0.0 ], [ 104.116783112094168, -2.416704806035858, 0.0 ], [ 104.116638974445451, -2.417075600797504, 0.0 ], [ 104.116629963280133, -2.417102733124032, 0.0 ], [ 104.116332904676483, -2.417518658138484, 0.0 ], [ 104.117016192012329, -2.417871902008777, 0.0 ], [ 104.117680761849115, -2.419355892902709, 0.0 ], [ 104.117832300314745, -2.419849432729236, 0.0 ], [ 104.118218752602331, -2.419728239610257, 0.0 ], [ 104.118666222680574, -2.419655057512495, 0.0 ], [ 104.118813785213305, -2.419628015664212, 0.0 ], [ 104.118328706921659, -2.418732137101209, 0.0 ], [ 104.118823677946224, -2.418234926026465, 0.0 ], [ 104.11909384283679, -2.417683291509293, 0.0 ], [ 104.119939284981655, -2.417620520242276, 0.0 ], [ 104.119706033371656, -2.416715760104098, 0.0 ], [ 104.119400226801559, -2.416751745100089, 0.0 ], [ 104.118986520075978, -2.416751475331422, 0.0 ], [ 104.118141072819313, -2.416823292258087, 0.0 ], [ 104.118033342007067, -2.416524701380183, 0.0 ] ] ] } },
{ "type": "Feature", "properties": { "FID": 498, "OBJECTID": 680, "NIB": "680", "NO": 680, "NAMA": "SANDI WIJAYA", "LOKASI_LAH": " ", "STATUS": " ", "Lokasi_2": "TIMUR", "NIB_1": "680", "KETERANGAN": " ", "Luas_Acad": 0.0, "long": 104.12426638, "lat": -2.4182756955500002 }, "geometry": { "type": "Polygon", "coordinates": [ [ [ 104.124463884520964, -2.416375100841456, 34.009999999994761 ], [ 104.124185215169646, -2.416166860099939, 34.009999999994761 ], [ 104.124094855627845, -2.416827166216645, 22.67333333332984 ], [ 104.12398854017836, -2.417064237878784, 11.33666666666492 ], [ 104.123401353049189, -2.418373597690574, 17.004999999997381 ], [ 104.123419282274241, -2.418464070231594, 11.33666666666492 ], [ 104.123670848928853, -2.418862261553748, 11.33666666666492 ], [ 104.123742054842012, -2.420020207364883, 17.004999999997381 ], [ 104.123847867702352, -2.420281536238014, 11.33666666666492 ], [ 104.123888765724786, -2.420227689998768, 34.009999999994761 ], [ 104.124206443020327, -2.419349997262803, 34.009999999994761 ], [ 104.124324442432908, -2.41919499806606, 34.009999999994761 ], [ 104.124519750379633, -2.419061242722639, 34.009999999994761 ], [ 104.124804672037968, -2.418998746350123, 34.009999999994761 ], [ 104.124956854024944, -2.41899878738073, 11.33666666666492 ], [ 104.125280712486997, -2.418863305921546, 17.004999999997381 ], [ 104.124624622376786, -2.418166331389411, 17.004999999997381 ], [ 104.12435495216657, -2.417949050288463, 17.004999999997381 ], [ 104.125003091417554, -2.417017722843585, 17.004999999997381 ], [ 104.12474250761862, -2.416655710271839, 34.009999999994761 ], [ 104.124463884520964, -2.416375100841456, 34.009999999994761 ] ] ] } },
{ "type": "Feature", "properties": { "FID": 499, "OBJECTID": 701, "NIB": "701", "NO": 701, "NAMA": "ADI WIJAYA", "LOKASI_LAH": "TIMUR", "STATUS": " ", "Lokasi_2": "TIMUR", "NIB_1": "701", "KETERANGAN": " ", "Luas_Acad": 0.0, "long": 104.11859142599999, "lat": -2.41643618204 }, "geometry": { "type": "Polygon", "coordinates": [ [ [ 104.119400226801559, -2.416751745100089, 0.0 ], [ 104.119086186738528, -2.416073730829367, 6.296666666666472 ], [ 104.117781730852883, -2.416198878337189, 4.722499999999854 ], [ 104.118033342007067, -2.416524701380183, 0.0 ], [ 104.118141072819313, -2.416823292258087, 0.0 ], [ 104.118986520075978, -2.416751475331422, 0.0 ], [ 104.119400226801559, -2.416751745100089, 0.0 ] ] ] } },
{ "type": "Feature", "properties": { "FID": 500, "OBJECTID": 670, "NIB": "670", "NO": 670, "NAMA": "JAMAL", "LOKASI_LAH": " ", "STATUS": " ", "Lokasi_2": "TIMUR", "NIB_1": "670", "KETERANGAN": " ", "Luas_Acad": 0.0, "long": 104.121475932, "lat": -2.4164895442800001 }, "geometry": { "type": "Polygon", "coordinates": [ [ [ 104.123106533455086, -2.416579293272757, 0.0 ], [ 104.122414725057695, -2.415932766893342, 6.296666666666472 ], [ 104.121962355023015, -2.415995693512716, 9.444999999999709 ], [ 104.121605712361529, -2.416045303925952, 9.444999999999709 ], [ 104.121096217412671, -2.416116176522465, 9.444999999999709 ], [ 104.120713709479247, -2.416110328824516, 9.444999999999709 ], [ 104.120273051041337, -2.416064811569073, 9.444999999999709 ], [ 104.11960754633526, -2.416028193776358, 9.444999999999709 ], [ 104.119154204780884, -2.416067205245739, 9.444999999999709 ], [ 104.119086186738528, -2.416073730829367, 6.296666666666472 ], [ 104.119400226801559, -2.416751745100089, 0.0 ], [ 104.119706033371656, -2.416715760104098, 0.0 ], [ 104.120254644566543, -2.416716117515936, 0.0 ], [ 104.12045250436168, -2.416716246363913, 0.0 ], [ 104.120992110401502, -2.416734689780912, 0.0 ], [ 104.12144175697091, -2.416789258820682, 0.0 ], [ 104.121738494453595, -2.416870866566142, 0.0 ], [ 104.1223050642255, -2.416916465281382, 0.0 ], [ 104.122628829223046, -2.416925721718745, 0.0 ], [ 104.122925665604384, -2.416853545794704, 0.0 ], [ 104.123042594461225, -2.416835529538148, 0.0 ], [ 104.123276428961759, -2.416835681334829, 0.0 ], [ 104.123474271527954, -2.416862948005694, 0.0 ], [ 104.12398854017836, -2.417064237878784, 11.33666666666492 ], [ 104.124094855627845, -2.416827166216645, 22.67333333332984 ], [ 104.123833031214062, -2.416762872666152, 0.0 ], [ 104.123527724956176, -2.416685724593375, 0.0 ], [ 104.123106533455086, -2.416579293272757, 0.0 ] ] ] } },
{ "type": "Feature", "properties": { "FID": 501, "OBJECTID": 678, "NIB": "678", "NO": 678, "NAMA": "MAJDNURI", "LOKASI_LAH": " ", "STATUS": " ", "Lokasi_2": "TIMUR", "NIB_1": "678", "KETERANGAN": " ", "Luas_Acad": 0.0, "long": 104.11921962300001, "lat": -2.4156321785700001 }, "geometry": { "type": "Polygon", "coordinates": [ [ [ 104.120040095927209, -2.414698701493206, 18.889999999999418 ], [ 104.119878257464023, -2.414626227489664, 18.889999999999418 ], [ 104.11976123571479, -2.414788980768812, 18.889999999999418 ], [ 104.119671235536245, -2.414888429056906, 18.889999999999418 ], [ 104.119716162844824, -2.414951780882638, 18.889999999999418 ], [ 104.119707105178975, -2.415051281877716, 18.889999999999418 ], [ 104.119644056699897, -2.415195978113561, 18.889999999999418 ], [ 104.119392153920657, -2.415322459145529, 18.889999999999418 ], [ 104.119203258863593, -2.415367566458434, 18.889999999999418 ], [ 104.118906522028595, -2.415285958330147, 18.889999999999418 ], [ 104.118609954330807, -2.414942013982086, 18.889999999999418 ], [ 104.118493037387751, -2.414941937744654, 18.889999999999418 ], [ 104.118115229916199, -2.415059290326104, 18.889999999999418 ], [ 104.117431493701659, -2.415402594945348, 18.889999999999418 ], [ 104.117080690305144, -2.415483780491879, 18.889999999999418 ], [ 104.115792421164301, -2.415886461333045, 18.889999999999418 ], [ 104.116493460923408, -2.416601559669905, 18.889999999999418 ], [ 104.117781730852883, -2.416198878337189, 4.722499999999854 ], [ 104.119085887222852, -2.416073084173094, 0.0 ], [ 104.119086186738528, -2.416073730829367, 6.296666666666472 ], [ 104.119154204780884, -2.416067205245739, 9.444999999999709 ], [ 104.11960754633526, -2.416028193776358, 9.444999999999709 ], [ 104.120273051041337, -2.416064811569073, 9.444999999999709 ], [ 104.120713709479247, -2.416110328824516, 9.444999999999709 ], [ 104.121096217412671, -2.416116176522465, 9.444999999999709 ], [ 104.121605712361529, -2.416045303925952, 9.444999999999709 ], [ 104.121962355023015, -2.415995693512716, 9.444999999999709 ], [ 104.122414725057695, -2.415932766893342, 6.296666666666472 ], [ 104.122215912172052, -2.415695185579965, 18.889999999999418 ], [ 104.121928313711564, -2.41538743179522, 18.889999999999418 ], [ 104.121811477962453, -2.415260710675406, 18.889999999999418 ], [ 104.121775555766362, -2.415179272558847, 18.889999999999418 ], [ 104.121739726525448, -2.414953097124549, 18.889999999999418 ], [ 104.121541861106138, -2.414962014640831, 18.889999999999418 ], [ 104.121164047766214, -2.415088414249866, 18.889999999999418 ], [ 104.120939282908012, -2.414970669000662, 18.889999999999418 ], [ 104.120795408301319, -2.414934391094974, 18.889999999999418 ], [ 104.120705472138368, -2.414934332597267, 18.889999999999418 ], [ 104.120552534128464, -2.415006601773473, 18.889999999999418 ], [ 104.120435611300422, -2.415015571781224, 18.889999999999418 ], [ 104.120291719265239, -2.415006432061716, 18.889999999999418 ], [ 104.12012096279075, -2.414816353196345, 18.889999999999418 ], [ 104.120040095927209, -2.414698701493206, 18.889999999999418 ] ] ] } },
{ "type": "Feature", "properties": { "FID": 502, "OBJECTID": 688, "NIB": "688", "NO": 688, "NAMA": "JAWAWI TOKE", "LOKASI_LAH": " ", "STATUS": " ", "Lokasi_2": "TIMUR", "NIB_1": "688", "KETERANGAN": " ", "Luas_Acad": 0.0, "long": 104.11089105400001, "lat": -2.41384317818 }, "geometry": { "type": "Polygon", "coordinates": [ [ [ 104.111540976875986, -2.414946432435341, 0.000000000000114 ], [ 104.111756958263868, -2.41473851495079, 0.000000000000114 ], [ 104.111891956143111, -2.414593866647913, 0.000000000000114 ], [ 104.111973039423518, -2.414376814411528, 0.000000000000114 ], [ 104.111937070931518, -2.414367744725388, 0.000000000000114 ], [ 104.111924488125993, -2.414355071973715, 0.000000000000114 ], [ 104.111793219813194, -2.414296286858109, 0.000000000000114 ], [ 104.111721289366443, -2.414268096302439, 0.000000000000114 ], [ 104.111559440001415, -2.414213713599728, 0.000000000000114 ], [ 104.111487526540628, -2.414159389980334, 0.000000000000114 ], [ 104.111514624803036, -2.413978486559361, 0.000000000000114 ], [ 104.111577732637372, -2.413743330421301, 0.000000000000114 ], [ 104.111616401648376, -2.413635510800533, 0.000000000000114 ], [ 104.111658821733243, -2.413517232142957, 0.000000000000114 ], [ 104.111677020295204, -2.413191585870024, 0.000000000000114 ], [ 104.111767155725317, -2.412884078946271, 0.000000000000114 ], [ 104.109797826758481, -2.412475712020005, 0.000000000000114 ], [ 104.109896620783985, -2.412683836333416, 0.000000000000114 ], [ 104.10995949346335, -2.412810522500361, 0.000000000000114 ], [ 104.110013325517556, -2.413009571183466, 0.000000000000114 ], [ 104.110121154342465, -2.413154379043456, 0.000000000000114 ], [ 104.110228883199994, -2.413452969827459, 0.000000000000114 ], [ 104.1102197719771, -2.413633884998047, 0.000000000000114 ], [ 104.110237588548088, -2.41389623240736, 0.000000000000114 ], [ 104.110210443063423, -2.414149504174572, 0.000000000000114 ], [ 104.110201284725747, -2.414402787774006, 0.000000000000114 ], [ 104.110191890949793, -2.415017913534922, 0.000000000000114 ], [ 104.1102458583822, -2.415008903000929, 0.000000000000114 ], [ 104.110380738713417, -2.415045176009901, 0.000000000000114 ], [ 104.110560610552369, -2.415045294378491, 0.000000000000114 ], [ 104.11088439164746, -2.41502741527012, 0.000000000000114 ], [ 104.111028253853164, -2.415081786249358, 0.000000000000114 ], [ 104.111154146525976, -2.415109007220131, 0.000000000000114 ], [ 104.111270998580437, -2.41520859072143, 0.000000000000114 ], [ 104.111369975154332, -2.415136287310715, 0.000000000000114 ], [ 104.111540976875986, -2.414946432435341, 0.000000000000114 ] ] ] } },
{ "type": "Feature", "properties": { "FID": 503, "OBJECTID": 687, "NIB": "687", "NO": 687, "NAMA": "SARILA/LUKMAN", "LOKASI_LAH": " ", "STATUS": " ", "Lokasi_2": "TIMUR", "NIB_1": "687", "KETERANGAN": " ", "Luas_Acad": 0.0, "long": 104.1145717, "lat": -2.4144029943200001 }, "geometry": { "type": "Polygon", "coordinates": [ [ [ 104.114959029980199, -2.414197850855264, 9.444999999999823 ], [ 104.114964923343678, -2.41410652228316, 9.444999999999823 ], [ 104.114959111911105, -2.414071205932296, 9.444999999999823 ], [ 104.114887174844611, -2.414053066709308, 9.444999999999823 ], [ 104.114752282610269, -2.414034886272303, 9.444999999999823 ], [ 104.114707076113305, -2.414019696637037, 6.296666666666624 ], [ 104.114563458085186, -2.41397144016717, 0.000000000000114 ], [ 104.114329653904633, -2.413926056721804, 0.000000000000114 ], [ 104.114131911980152, -2.413745005848085, 0.000000000000114 ], [ 104.113988061365902, -2.413672543077257, 0.000000000000114 ], [ 104.113394666066156, -2.413391726169163, 0.000000000000114 ], [ 104.113026052088784, -2.413201517139418, 0.000000000000114 ], [ 104.112837251288084, -2.413101886621529, 0.000000000000114 ], [ 104.112513634748368, -2.412866476695322, 0.000000000000114 ], [ 104.111888044310817, -2.41251905209219, 0.000000000000114 ], [ 104.111884283566638, -2.412558497592137, 0.000000000000114 ], [ 104.111849297085897, -2.412655749866143, 0.000000000000114 ], [ 104.111803301782786, -2.412783603440124, 0.000000000000114 ], [ 104.111767155725317, -2.412884078946271, 0.000000000000114 ], [ 104.111677020295204, -2.413191585870024, 0.000000000000114 ], [ 104.111658821733243, -2.413517232142957, 0.000000000000114 ], [ 104.111613753968257, -2.413670985590323, 0.000000000000114 ], [ 104.111577732637372, -2.413743330421301, 0.000000000000114 ], [ 104.111514624803036, -2.413978486559361, 0.000000000000114 ], [ 104.111487526540628, -2.414159389980334, 0.000000000000114 ], [ 104.111559440001415, -2.414213713599728, 0.000000000000114 ], [ 104.111730282956358, -2.414268102210618, 0.000000000000114 ], [ 104.111793219813194, -2.414296286858109, 0.000000000000114 ], [ 104.111883132877693, -2.414331525048885, 0.000000000000114 ], [ 104.111910107777078, -2.414340588828878, 0.000000000000114 ], [ 104.111924488125993, -2.414355071973715, 0.000000000000114 ], [ 104.111973039423518, -2.414376814411528, 0.000000000000114 ], [ 104.112179815700671, -2.414494549019731, 0.000000000000114 ], [ 104.112476463391388, -2.414711849309919, 0.000000000000114 ], [ 104.11263825419293, -2.41485669253922, 0.000000000000114 ], [ 104.112854071164065, -2.414902064510404, 0.000000000000114 ], [ 104.113465618208608, -2.414929603909747, 0.000000000000114 ], [ 104.113690423003007, -2.414984027722814, 0.000000000000114 ], [ 104.114274772643128, -2.415346253456573, 0.000000000000114 ], [ 104.114346662876656, -2.415436761248032, 0.000000000000114 ], [ 104.114454527538214, -2.415527292611957, 9.444999999999823 ], [ 104.115992533278913, -2.415469653172554, 18.889999999999418 ], [ 104.116579172612106, -2.4142477554897, 12.593333333333021 ], [ 104.11568748220057, -2.414243557804426, 9.444999999999823 ], [ 104.115615533405744, -2.414243510748347, 9.444999999999823 ], [ 104.115129884928947, -2.414234146953364, 9.444999999999823 ], [ 104.115021961754337, -2.414234076323585, 9.444999999999823 ], [ 104.114959029980199, -2.414197850855264, 9.444999999999823 ] ] ] } },
{ "type": "Feature", "properties": { "FID": 504, "OBJECTID": 679, "NIB": "679", "NO": 679, "NAMA": "UDIN", "LOKASI_LAH": " ", "STATUS": " ", "Lokasi_2": "TIMUR", "NIB_1": "679", "KETERANGAN": " ", "Luas_Acad": 0.0, "long": 104.117752039, "lat": -2.41466578508 }, "geometry": { "type": "Polygon", "coordinates": [ [ [ 104.118511805723188, -2.413729775477336, 18.889999999999418 ], [ 104.118376907510182, -2.413720641470156, 18.889999999999418 ], [ 104.118206029065647, -2.413720530069684, 18.889999999999418 ], [ 104.116810969071281, -2.413823766883354, 9.444999999999709 ], [ 104.116579172612106, -2.414247755489717, 12.593333333332945 ], [ 104.115992533278899, -2.415469653172554, 18.889999999999418 ], [ 104.115792421164301, -2.415886461333045, 18.889999999999418 ], [ 104.117080690305144, -2.415483780491879, 18.889999999999418 ], [ 104.117431493701659, -2.415402594945348, 18.889999999999418 ], [ 104.118115229916199, -2.415059290326104, 18.889999999999418 ], [ 104.118493037387751, -2.414941937744654, 18.889999999999418 ], [ 104.118609954330807, -2.414942013982086, 18.889999999999418 ], [ 104.118906522028595, -2.415285958330147, 18.889999999999418 ], [ 104.119203258863593, -2.415367566458434, 18.889999999999418 ], [ 104.119392153920657, -2.415322459145529, 18.889999999999418 ], [ 104.119644056699897, -2.415195978113561, 18.889999999999418 ], [ 104.119707105178975, -2.415051281877716, 18.889999999999418 ], [ 104.119716162844824, -2.414951780882638, 18.889999999999418 ], [ 104.119671235536245, -2.414888429056906, 18.889999999999418 ], [ 104.11976123571479, -2.414788980768812, 18.889999999999418 ], [ 104.119878257464023, -2.414626227489664, 18.889999999999418 ], [ 104.120040095927209, -2.414698701493206, 18.889999999999418 ], [ 104.12012096279075, -2.414816353196345, 18.889999999999418 ], [ 104.120291719265239, -2.415006432061716, 18.889999999999418 ], [ 104.120435611300422, -2.415015571781224, 18.889999999999418 ], [ 104.120552534128464, -2.415006601773473, 18.889999999999418 ], [ 104.120705472138368, -2.414934332597267, 18.889999999999418 ], [ 104.120795408301319, -2.414934391094974, 18.889999999999418 ], [ 104.120804477517211, -2.414816797902707, 18.889999999999418 ], [ 104.120795571128056, -2.414681100851652, 18.889999999999418 ], [ 104.120975675959571, -2.414319374592881, 18.889999999999418 ], [ 104.120391248217828, -2.414074750286831, 18.889999999999418 ], [ 104.120274383644031, -2.413993259520223, 18.889999999999418 ], [ 104.120184095863962, -2.413958767693163, 18.889999999999418 ], [ 104.120067559734068, -2.413947894546982, 18.889999999999418 ], [ 104.118745493745337, -2.413956079743401, 18.889999999999418 ], [ 104.118574714325007, -2.413802185106722, 18.889999999999418 ], [ 104.118511805723188, -2.413729775477336, 18.889999999999418 ] ] ] } },
{ "type": "Feature", "properties": { "FID": 505, "OBJECTID": 686, "NIB": "686", "NO": 686, "NAMA": "ANDI SIKIJING", "LOKASI_LAH": " ", "STATUS": " ", "Lokasi_2": "TIMUR", "NIB_1": "686", "KETERANGAN": " ", "Luas_Acad": 0.0, "long": 104.11494307, "lat": -2.4133671310100002 }, "geometry": { "type": "Polygon", "coordinates": [ [ [ 104.111803904700622, -2.411690022853811, 0.0 ], [ 104.111390302390419, -2.411680407334834, 0.0 ], [ 104.111416911689574, -2.412338389976145, 0.0 ], [ 104.11181238775643, -2.412477035841082, 0.0 ], [ 104.111888044310803, -2.41251905209219, 0.0 ], [ 104.112513634748368, -2.412866476695322, 0.0 ], [ 104.112837251288084, -2.413101886621529, 0.0 ], [ 104.113394666066142, -2.413391726169181, 0.0 ], [ 104.113988061365902, -2.413672543077257, 0.0 ], [ 104.114131911980152, -2.413745005848085, 0.0 ], [ 104.114329653904647, -2.413926056721804, 0.0 ], [ 104.114563458085172, -2.413971440167188, 0.0 ], [ 104.114707076113291, -2.414019696637037, 6.296666666666472 ], [ 104.114752282610283, -2.414034886272303, 9.444999999999709 ], [ 104.114887174844611, -2.414053066709308, 9.444999999999709 ], [ 104.114959111911105, -2.414071205932296, 9.444999999999709 ], [ 104.114964923343692, -2.414106522283177, 9.444999999999709 ], [ 104.114963409073994, -2.414142488166966, 0.0 ], [ 104.114959029980199, -2.414197850855264, 9.444999999999709 ], [ 104.115021961754309, -2.414234076323585, 9.444999999999709 ], [ 104.115129884928933, -2.414234146953364, 9.444999999999709 ], [ 104.115615533405744, -2.414243510748347, 9.444999999999709 ], [ 104.115687482200556, -2.414243557804426, 9.444999999999709 ], [ 104.116579172612106, -2.414247755489717, 12.593333333332945 ], [ 104.116810969071281, -2.413823766883354, 9.444999999999709 ], [ 104.116953535315744, -2.413477666732239, 0.0 ], [ 104.116119765211891, -2.413330187109815, 0.0 ], [ 104.115432009487535, -2.413194151921552, 0.0 ], [ 104.115013681948227, -2.413130450370911, 0.0 ], [ 104.114204335004175, -2.413012321775495, 0.0 ], [ 104.113116492011983, -2.412423614810499, 0.0 ], [ 104.112514250482278, -2.411916640380045, 0.0 ], [ 104.11224436469837, -2.411768063391134, 0.0 ], [ 104.112073694309501, -2.411717338045029, 0.0 ], [ 104.111983764436502, -2.411708232986821, 0.0 ], [ 104.111803904700622, -2.411690022853811, 0.0 ] ] ] } },
{ "type": "Feature", "properties": { "FID": 506, "OBJECTID": 685, "NIB": "685", "NO": 685, "NAMA": "YASIR ARAFAT", "LOKASI_LAH": " ", "STATUS": " ", "Lokasi_2": "TIMUR", "NIB_1": "685", "KETERANGAN": " ", "Luas_Acad": 0.0, "long": 104.114371589, "lat": -2.4120725471900002 }, "geometry": { "type": "Polygon", "coordinates": [ [ [ 104.112353180999705, -2.410659131895453, 0.0 ], [ 104.111912719265007, -2.410568026407191, 0.0 ], [ 104.111390302390419, -2.411680407334834, 0.0 ], [ 104.111803904700622, -2.411690022853811, 0.0 ], [ 104.111983764436502, -2.411708232986821, 0.0 ], [ 104.112073694309501, -2.411717338045029, 0.0 ], [ 104.11224436469837, -2.411768063391134, 0.0 ], [ 104.112514250482278, -2.411916640380045, 0.0 ], [ 104.113116492011983, -2.412423614810499, 0.0 ], [ 104.114204335004175, -2.413012321775495, 0.0 ], [ 104.115013681948227, -2.413130450370911, 0.0 ], [ 104.115432009487535, -2.413194151921552, 0.0 ], [ 104.116119765211891, -2.413330187109815, 0.0 ], [ 104.116953535315744, -2.413477666732239, 0.0 ], [ 104.117374750366309, -2.412420266603524, 0.0 ], [ 104.116498214364498, -2.412217767281924, 0.0 ], [ 104.116354340310821, -2.412181489052636, 0.0 ], [ 104.114744786762074, -2.411719087600202, 0.0 ], [ 104.114512375060443, -2.411614780232375, 0.0 ], [ 104.114415432780149, -2.411580019479187, 0.0 ], [ 104.113989571869439, -2.411338658627524, 0.0 ], [ 104.113486136553036, -2.411021716724707, 0.0 ], [ 104.113153468073321, -2.410876761816993, 0.0 ], [ 104.112802806691519, -2.410740841129856, 0.0 ], [ 104.112353180999705, -2.410659131895453, 0.0 ] ] ] } },
{ "type": "Feature", "properties": { "FID": 507, "OBJECTID": 684, "NIB": "684", "NO": 684, "NAMA": "UDIN", "LOKASI_LAH": " ", "STATUS": " ", "Lokasi_2": "TIMUR", "NIB_1": "684", "KETERANGAN": " ", "Luas_Acad": 0.0, "long": 104.11455775500001, "lat": -2.4111011113999998 }, "geometry": { "type": "Polygon", "coordinates": [ [ [ 104.11223672177023, -2.409953462593255, 0.0 ], [ 104.111806691514161, -2.409821224823896, 0.0 ], [ 104.111872304350342, -2.410199098608068, 0.0 ], [ 104.111912719265007, -2.410568026407191, 0.0 ], [ 104.112353180999705, -2.410659131895453, 0.0 ], [ 104.112802806691519, -2.410740841129856, 0.0 ], [ 104.113153468073321, -2.410876761816993, 0.0 ], [ 104.113486136553036, -2.411021716724707, 0.0 ], [ 104.113989571869439, -2.411338658627524, 0.0 ], [ 104.114415432780149, -2.411580019479187, 0.0 ], [ 104.114512375060443, -2.411614780232375, 0.0 ], [ 104.114744786762074, -2.411719087600202, 0.0 ], [ 104.116354340310821, -2.412181489052636, 0.0 ], [ 104.116498214364498, -2.412217767281924, 0.0 ], [ 104.117374750366309, -2.412420266603524, 0.0 ], [ 104.116995643026058, -2.411675909500973, 0.0 ], [ 104.116157018537052, -2.411349121482624, 0.0 ], [ 104.115338813036956, -2.411022928498312, 0.0 ], [ 104.115069105067548, -2.410868969051544, 0.0 ], [ 104.114646623330799, -2.410533988307745, 0.0 ], [ 104.114349929006266, -2.41038905720807, 0.0 ], [ 104.112749319746996, -2.410008074833917, 0.0 ], [ 104.11223672177023, -2.409953462593255, 0.0 ] ] ] } },
{ "type": "Feature", "properties": { "FID": 508, "OBJECTID": 999, "NIB": "999", "NO": 999, "NAMA": "AGUS CANDRA", "LOKASI_LAH": " ", "STATUS": "Lunas", "Lokasi_2": "BARAT", "NIB_1": "999", "KETERANGAN": " ", "Luas_Acad": 0.0, "long": 0.0, "lat": 0.0 }, "geometry": { "type": "Polygon", "coordinates": [ [ [ 104.083464343065529, -2.423610074488902, 0.000000000000114 ], [ 104.084263597038529, -2.423980373033592, 0.000000000000114 ], [ 104.08455792012775, -2.424035608950649, 0.000000000000114 ], [ 104.084859621668087, -2.423817597498437, 0.000000000000114 ], [ 104.085027802953363, -2.423305553812953, 0.000000000000114 ], [ 104.085049997592549, -2.423294442314728, 0.000000000000114 ], [ 104.0856001411683, -2.42216356253982, 0.000000000000114 ], [ 104.084277798945081, -2.421594447956209, 0.000000000000114 ], [ 104.083464343065529, -2.423610074488902, 0.000000000000114 ] ] ] } },
{ "type": "Feature", "properties": { "FID": 509, "OBJECTID": 309, "NIB": "309", "NO": 309, "NAMA": "SURADI", "LOKASI_LAH": "BARAT", "STATUS": "Lunas", "Lokasi_2": "BARAT", "NIB_1": "309", "KETERANGAN": " ", "Luas_Acad": 0.0, "long": 0.0, "lat": 0.0 }, "geometry": { "type": "Polygon", "coordinates": [ [ [ 104.08474389326723, -2.425943870012098, 0.000000000000114 ], [ 104.084840928901272, -2.426959844332335, 0.000000000000114 ], [ 104.084869258006961, -2.427256453627652, 0.000000000000114 ], [ 104.085568426615922, -2.427068838708036, 0.000000000000114 ], [ 104.085675924395503, -2.42770213145052, 0.000000000000114 ], [ 104.086944894575822, -2.42748421422396, 0.000000000000114 ], [ 104.086767081888397, -2.42638238462265, 0.000000000000114 ], [ 104.086684842879038, -2.425872784561575, 0.000000000000114 ], [ 104.086223576063148, -2.42594264577561, 0.000000000000114 ], [ 104.085983967511638, -2.426144991822477, 0.000000000000114 ], [ 104.085487761930111, -2.426198966547596, 0.000000000000114 ], [ 104.08474389326723, -2.425943870012098, 0.000000000000114 ] ] ] } },
{ "type": "Feature", "properties": { "FID": 510, "OBJECTID": 314, "NIB": "314", "NO": 3140, "NAMA": "ELIAN ROZI", "LOKASI_LAH": "BARAT", "STATUS": " ", "Lokasi_2": "BARAT", "NIB_1": "314", "KETERANGAN": " ", "Luas_Acad": 0.0, "long": 0.0, "lat": 0.0 }, "geometry": { "type": "Polygon", "coordinates": [ [ [ 104.08474389326723, -2.425943870012098, 0.000000000000114 ], [ 104.084421073398843, -2.425805917011453, 0.000000000000114 ], [ 104.083686929661127, -2.425416299958031, 0.000000000000114 ], [ 104.083671219049137, -2.425264022513309, 0.000000000000114 ], [ 104.083582425225387, -2.425195924422071, 0.000000000000114 ], [ 104.083516220325549, -2.42528325842144, 0.000000000000114 ], [ 104.083249233706667, -2.425348522038775, 0.000000000000114 ], [ 104.083078123980314, -2.425692153061839, 0.000000000000114 ], [ 104.083242472019833, -2.426320615710143, 0.000000000000114 ], [ 104.0834909644107, -2.426976964828386, 0.000000000000114 ], [ 104.083579834418231, -2.427211699305896, 0.000000000000114 ], [ 104.084840928901272, -2.426959844332335, 0.000000000000114 ], [ 104.08474389326723, -2.425943870012098, 0.000000000000114 ] ] ] } },
{ "type": "Feature", "properties": { "FID": 511, "OBJECTID": 0, "NIB": " ", "NO": 0, "NAMA": " ", "LOKASI_LAH": " ", "STATUS": " ", "Lokasi_2": " ", "NIB_1": " ", "KETERANGAN": " ", "Luas_Acad": 0.0, "long": 0.0, "lat": 0.0 }, "geometry": { "type": "Polygon", "coordinates": [ [ [ 104.081735223242035, -2.429293669467793, 0.0 ], [ 104.081213388053854, -2.42825967933789, 0.0 ], [ 104.080989747448527, -2.42844975350643, 0.0 ], [ 104.080791680208279, -2.428757181493493, 0.0 ], [ 104.080665604558504, -2.429001336788599, 0.0 ], [ 104.080485585540771, -2.429218317198726, 0.0 ], [ 104.080952825213188, -2.42985185562823, 0.0 ], [ 104.081600683435198, -2.429381907455127, 0.0 ], [ 104.081742924796544, -2.429312959206886, 0.0 ], [ 104.081735223242035, -2.429293669467793, 0.0 ] ] ] } },
{ "type": "Feature", "properties": { "FID": 512, "OBJECTID": 311, "NIB": "311", "NO": 311, "NAMA": "DARYANTO", "LOKASI_LAH": "BARAT", "STATUS": " ", "Lokasi_2": "BARAT", "NIB_1": "311", "KETERANGAN": " ", "Luas_Acad": 0.0, "long": 0.0, "lat": 0.0 }, "geometry": { "type": "Polygon", "coordinates": [ [ [ 104.084074044086563, -2.429211721788019, 0.0 ], [ 104.084062877548291, -2.42866103376851, 0.0 ], [ 104.082635199512765, -2.429011728626688, 0.0 ], [ 104.081861583795757, -2.429255441950082, 0.0 ], [ 104.081742924796544, -2.429312959206886, 0.0 ], [ 104.081600683435198, -2.429381907455127, 0.0 ], [ 104.080952825213188, -2.42985185562823, 0.0 ], [ 104.082057750582052, -2.431761313979742, 0.0 ], [ 104.082507560510464, -2.431571655758526, 0.0 ], [ 104.083506219925098, -2.43102957851554, 0.0 ], [ 104.083641362331591, -2.43067687714936, 0.0 ], [ 104.083767334128325, -2.430586503194708, 0.0 ], [ 104.085269404287175, -2.430388515176904, 0.0 ], [ 104.084999796376849, -2.430089813772077, 0.0 ], [ 104.084775095794868, -2.42988160287484, 0.0 ], [ 104.08455929752202, -2.429809087911977, 0.0 ], [ 104.084136621561385, -2.42977261588094, 0.0 ], [ 104.084074044086563, -2.429211721788019, 0.0 ] ] ] } },
{ "type": "Feature", "properties": { "FID": 513, "OBJECTID": 312, "NIB": "312", "NO": 312, "NAMA": "NURDIN", "LOKASI_LAH": "BARAT", "STATUS": " ", "Lokasi_2": "BARAT", "NIB_1": "312", "KETERANGAN": " ", "Luas_Acad": 0.0, "long": 0.0, "lat": 0.0 }, "geometry": { "type": "Polygon", "coordinates": [ [ [ 104.084533394705119, -2.428207929661843, 0.0 ], [ 104.084029862000264, -2.428044758852259, 0.0 ], [ 104.084062877548291, -2.42866103376851, 0.0 ], [ 104.084074044086563, -2.429211721788019, 0.0 ], [ 104.084136621561385, -2.42977261588094, 0.0 ], [ 104.08455929752202, -2.429809087911977, 0.0 ], [ 104.084533394705119, -2.428207929661843, 0.0 ] ] ] } },
{ "type": "Feature", "properties": { "FID": 514, "OBJECTID": 321, "NIB": "321", "NO": 321, "NAMA": "SURADI", "LOKASI_LAH": "BARAT", "STATUS": " ", "Lokasi_2": "BARAT", "NIB_1": "321", "KETERANGAN": " ", "Luas_Acad": 0.0, "long": 0.0, "lat": 0.0 }, "geometry": { "type": "Polygon", "coordinates": [ [ [ 104.085675924395488, -2.427702131450504, 0.0 ], [ 104.085568426615922, -2.427068838708036, 0.0 ], [ 104.08486945918547, -2.427258562510849, 0.0 ], [ 104.084973984451679, -2.428352965500245, 0.0 ], [ 104.085863896491091, -2.429032020594395, 0.0 ], [ 104.086025690493187, -2.429167820572517, 0.0 ], [ 104.086115505120873, -2.429348801573983, 0.0 ], [ 104.086331382542241, -2.429303718389181, 0.0 ], [ 104.08722198240271, -2.42896057566847, 0.0 ], [ 104.086962933228207, -2.427494833122215, 0.0 ], [ 104.085675924395488, -2.427702131450504, 0.0 ] ] ] } },
{ "type": "Feature", "properties": { "FID": 515, "OBJECTID": 310, "NIB": "310", "NO": 310, "NAMA": "AMIR", "LOKASI_LAH": "BARAT", "STATUS": " ", "Lokasi_2": "BARAT", "NIB_1": "310", "KETERANGAN": " ", "Luas_Acad": 0.0, "long": 0.0, "lat": 0.0 }, "geometry": { "type": "Polygon", "coordinates": [ [ [ 104.083571742349747, -2.427221261593652, 0.0 ], [ 104.0834909644107, -2.426976964828386, 0.0 ], [ 104.0830497052184, -2.427155704194405, 0.0 ], [ 104.082978188840684, -2.427184673070707, 0.0 ], [ 104.082852314977671, -2.427130311313535, 0.0 ], [ 104.082600506305766, -2.427112047608142, 0.0 ], [ 104.082438468968505, -2.427338086751957, 0.0 ], [ 104.082276468182755, -2.427509849960508, 0.0 ], [ 104.082069505436422, -2.427672536455792, 0.0 ], [ 104.081610611782011, -2.427997878577677, 0.0 ], [ 104.08122371567697, -2.428250901795138, 0.0 ], [ 104.081213388053854, -2.42825967933789, 0.0 ], [ 104.081735223242035, -2.429293669467793, 0.0 ], [ 104.081742924796544, -2.429312959206886, 0.0 ], [ 104.081861583795757, -2.429255441950082, 0.0 ], [ 104.082635199512765, -2.429011728626688, 0.0 ], [ 104.084062877548291, -2.42866103376851, 0.0 ], [ 104.084029862000264, -2.428044758852259, 0.0 ], [ 104.083571742349747, -2.427221261593652, 0.0 ] ] ] } },
{ "type": "Feature", "properties": { "FID": 516, "OBJECTID": 315, "NIB": "315", "NO": 315, "NAMA": "KOSIM", "LOKASI_LAH": "BARAT", "STATUS": " ", "Lokasi_2": "BARAT", "NIB_1": "315", "KETERANGAN": " ", "Luas_Acad": 0.0, "long": 0.0, "lat": 0.0 }, "geometry": { "type": "Polygon", "coordinates": [ [ [ 104.08486945918547, -2.427258562510849, 0.0 ], [ 104.084840928901258, -2.426959844332353, 0.0 ], [ 104.083571742349747, -2.427221261593652, 0.0 ], [ 104.084029862000264, -2.428044758852259, 0.0 ], [ 104.084533394705119, -2.428207929661843, 0.0 ], [ 104.084973984451679, -2.428352965500245, 0.0 ], [ 104.08486945918547, -2.427258562510849, 0.0 ] ] ] } },
{ "type": "Feature", "properties": { "FID": 517, "OBJECTID": 313, "NIB": "313", "NO": 313, "NAMA": "NURDIN#2", "LOKASI_LAH": "BARAT", "STATUS": " ", "Lokasi_2": "BARAT", "NIB_1": "313", "KETERANGAN": " ", "Luas_Acad": 0.0, "long": 0.0, "lat": 0.0 }, "geometry": { "type": "Polygon", "coordinates": [ [ [ 104.0834909644107, -2.426976964828386, 0.0 ], [ 104.083242472019833, -2.42632061571016, 0.0 ], [ 104.083091679820512, -2.426375888082348, 0.0 ], [ 104.082843766412381, -2.426469948352894, 0.0 ], [ 104.082951421399343, -2.426868045227922, 0.0 ], [ 104.082987328751628, -2.426967575580114, 0.0 ], [ 104.0830497052184, -2.427155704194405, 0.0 ], [ 104.0834909644107, -2.426976964828386, 0.0 ] ] ] } },
{ "type": "Feature", "properties": { "FID": 518, "OBJECTID": 0, "NIB": " ", "NO": 0, "NAMA": " ", "LOKASI_LAH": " ", "STATUS": " ", "Lokasi_2": " ", "NIB_1": " ", "KETERANGAN": " ", "Luas_Acad": 0.0, "long": 0.0, "lat": 0.0 }, "geometry": { "type": "Polygon", "coordinates": [ [ [ 104.089656093466431, -2.430099946449943, 0.0 ], [ 104.088822124744894, -2.429809773645887, 0.0 ], [ 104.088396187738198, -2.431783341736991, 0.0 ], [ 104.089418419545538, -2.431602051467598, 0.0 ], [ 104.089623712793554, -2.43030459353475, 0.0 ], [ 104.089656093466431, -2.430099946449943, 0.0 ] ] ] } },
{ "type": "Feature", "properties": { "FID": 519, "OBJECTID": 0, "NIB": " ", "NO": 0, "NAMA": " ", "LOKASI_LAH": " ", "STATUS": " ", "Lokasi_2": " ", "NIB_1": " ", "KETERANGAN": " ", "Luas_Acad": 0.0, "long": 0.0, "lat": 0.0 }, "geometry": { "type": "Polygon", "coordinates": [ [ [ 104.090770840134979, -2.430013124206014, 0.0 ], [ 104.090706848466453, -2.428479429112909, 0.0 ], [ 104.090298425904948, -2.4288922541523, 0.0 ], [ 104.089868382372117, -2.428758269074988, 0.0 ], [ 104.089656093466431, -2.430099946449943, 0.0 ], [ 104.089623712793554, -2.43030459353475, 0.0 ], [ 104.090785730338737, -2.430370001022499, 0.0 ], [ 104.090770840134979, -2.430013124206014, 0.0 ] ] ] } },
{ "type": "Feature", "properties": { "FID": 520, "OBJECTID": 0, "NIB": " ", "NO": 0, "NAMA": " ", "LOKASI_LAH": " ", "STATUS": " ", "Lokasi_2": " ", "NIB_1": " ", "KETERANGAN": " ", "Luas_Acad": 0.0, "long": 0.0, "lat": 0.0 }, "geometry": { "type": "Polygon", "coordinates": [ [ [ 104.091394684614386, -2.428354100993525, 0.0 ], [ 104.091140229509179, -2.428118740608219, 0.0 ], [ 104.090706848466453, -2.428479429112909, 0.0 ], [ 104.090770840134979, -2.430013124206014, 0.0 ], [ 104.091666627602876, -2.430065409306598, 0.0 ], [ 104.091758133686341, -2.428690276090236, 0.0 ], [ 104.091394684614386, -2.428354100993525, 0.0 ] ] ] } },
{ "type": "Feature", "properties": { "FID": 521, "OBJECTID": 998, "NIB": "998", "NO": 998, "NAMA": "AGUS CANDRA#2", "LOKASI_LAH": "APL", "STATUS": "Lunas", "Lokasi_2": "Barat", "NIB_1": "998", "KETERANGAN": " ", "Luas_Acad": 1.448, "long": 0.0, "lat": 0.0 }, "geometry": { "type": "Polygon", "coordinates": [ [ [ 104.092754893116805, -2.426192444838039, 0.0 ], [ 104.092251755761851, -2.425764146104428, 0.0 ], [ 104.092144266500313, -2.425989354929288, 0.0 ], [ 104.092137994608521, -2.425988725031065, 0.0 ], [ 104.092136143241731, -2.425992379862652, 0.0 ], [ 104.091938978247299, -2.42659299252866, 0.0 ], [ 104.091777459719168, -2.427085016693175, 0.0 ], [ 104.091661916684217, -2.427436988111489, 0.0 ], [ 104.092002162106979, -2.427479878868369, 0.0 ], [ 104.091975170712772, -2.427711203330021, 0.0 ], [ 104.092226369175137, -2.427763815776447, 0.0 ], [ 104.092659812180571, -2.426487208787506, 0.0 ], [ 104.092754893116805, -2.426192444838039, 0.0 ] ] ] } },
{ "type": "Feature", "properties": { "FID": 522, "OBJECTID": 97, "NIB": "97", "NO": 97, "NAMA": "ISKANDAR#3", "LOKASI_LAH": "APL", "STATUS": "Lunas", "Lokasi_2": " ", "NIB_1": " ", "KETERANGAN": " ", "Luas_Acad": 0.0, "long": 0.0, "lat": 0.0 }, "geometry": { "type": "Polygon", "coordinates": [ [ [ 104.096885393191812, -2.432406950753349, 28.160000000003492 ], [ 104.096444180922774, -2.431396120274398, 23.466666666669578 ], [ 104.095638885609645, -2.431708806506439, 28.160000000003492 ], [ 104.095566551145396, -2.431722492844806, 14.080000000001746 ], [ 104.095943068173241, -2.43219080525662, 28.160000000003492 ], [ 104.096427885612528, -2.432558249734723, 28.160000000003492 ], [ 104.0965853770591, -2.432393929600861, 28.160000000003492 ], [ 104.096885393191812, -2.432406950753349, 28.160000000003492 ] ] ] } },
{ "type": "Feature", "properties": { "FID": 523, "OBJECTID": 316, "NIB": "316", "NO": 316, "NAMA": "KAELANI#2", "LOKASI_LAH": "APL", "STATUS": "Lunas", "Lokasi_2": " ", "NIB_1": " ", "KETERANGAN": " ", "Luas_Acad": 0.0, "long": 0.0, "lat": 0.0 }, "geometry": { "type": "Polygon", "coordinates": [ [ [ 104.101312708064526, -2.415230967424789, 0.0 ], [ 104.101054639803692, -2.414668118526257, 0.0 ], [ 104.100525954167594, -2.414787697104695, 0.0 ], [ 104.099818540216418, -2.414944343026703, 32.318499999998799 ], [ 104.099580261070244, -2.415173715130905, 73.227849999999307 ], [ 104.099920730163916, -2.415761934007556, 65.318633333333608 ], [ 104.100073537500535, -2.415888680239392, 65.318633333333608 ], [ 104.100450231267516, -2.416096989839387, 65.318633333333608 ], [ 104.100612901872992, -2.416268972779623, 65.318633333333608 ], [ 104.100765986369524, -2.416401011906428, 55.578779999999099 ], [ 104.101341990709585, -2.416041009166908, 20.484499999998661 ], [ 104.101647418858676, -2.415880681486188, 10.242249999999331 ], [ 104.101312708064526, -2.415230967424789, 0.0 ] ] ] } },
{ "type": "Feature", "properties": { "FID": 524, "OBJECTID": 320, "NIB": "320", "NO": 320, "NAMA": "MAYA NUNGCI", "LOKASI_LAH": "APL", "STATUS": "Lunas", "Lokasi_2": " ", "NIB_1": " ", "KETERANGAN": " ", "Luas_Acad": 0.0, "long": 0.0, "lat": 0.0 }, "geometry": { "type": "Polygon", "coordinates": [ [ [ 104.102574640876412, -2.414128586847011, 0.0 ], [ 104.102440213117674, -2.413809665437945, 8.193333333333916 ], [ 104.10190934941464, -2.414180200554854, 12.290000000000873 ], [ 104.101540512261195, -2.414333738157525, 12.290000000000873 ], [ 104.101135718628072, -2.414460113616897, 9.832000000000699 ], [ 104.100991809698925, -2.414478110006494, 0.0 ], [ 104.101054639803692, -2.414668118526257, 0.0 ], [ 104.101312708064526, -2.415230967424789, 0.0 ], [ 104.102574640876412, -2.414128586847011, 0.0 ] ] ] } },
{ "type": "Feature", "properties": { "FID": 525, "OBJECTID": 318, "NIB": "318", "NO": 318, "NAMA": "EMAWATI", "LOKASI_LAH": "APL", "STATUS": "Lunas", "Lokasi_2": " ", "NIB_1": " ", "KETERANGAN": " ", "Luas_Acad": 0.0, "long": 0.0, "lat": 0.0 }, "geometry": { "type": "Polygon", "coordinates": [ [ [ 104.101135718628072, -2.414460113616897, 9.832000000000699 ], [ 104.100749476981235, -2.413727127969361, 12.290000000000873 ], [ 104.100614436829275, -2.41393509696558, 40.51183333333271 ], [ 104.100170837060077, -2.414497609184523, 48.477749999998196 ], [ 104.099818540216418, -2.414944343026703, 32.318499999998799 ], [ 104.101054639803692, -2.414668118526257, 0.0 ], [ 104.100991809698925, -2.414478110006494, 0.0 ], [ 104.101135718628072, -2.414460113616897, 9.832000000000699 ] ] ] } },
{ "type": "Feature", "properties": { "FID": 526, "OBJECTID": 317, "NIB": "317", "NO": 317, "NAMA": "KAELANI#3", "LOKASI_LAH": "APL", "STATUS": "Lunas", "Lokasi_2": " ", "NIB_1": " ", "KETERANGAN": " ", "Luas_Acad": 0.0, "long": 0.0, "lat": 0.0 }, "geometry": { "type": "Polygon", "coordinates": [ [ [ 104.101919958692989, -2.413199715100709, 12.290000000000873 ], [ 104.101092123433816, -2.412370450397129, 12.290000000000873 ], [ 104.10057022409849, -2.412786221196497, 24.580000000001746 ], [ 104.100308625877275, -2.413010021040657, 24.580000000001746 ], [ 104.099805766700314, -2.413421355499382, 60.767749999999069 ], [ 104.100614436829275, -2.41393509696558, 40.51183333333271 ], [ 104.100749476981235, -2.413727127969361, 12.290000000000873 ], [ 104.101135718628072, -2.414460113616897, 9.832000000000699 ], [ 104.101540512261195, -2.414333738157525, 12.290000000000873 ], [ 104.10190934941464, -2.414180200554854, 12.290000000000873 ], [ 104.102440213117674, -2.413809665437945, 8.193333333333916 ], [ 104.101919958692989, -2.413199715100709, 12.290000000000873 ] ] ] } },
{ "type": "Feature", "properties": { "FID": 527, "OBJECTID": 582, "NIB": "582", "NO": 582, "NAMA": "ANDRI CANDRA", "LOKASI_LAH": "TIMUR", "STATUS": "Lunas", "Lokasi_2": "TIMUR", "NIB_1": "582", "KETERANGAN": " ", "Luas_Acad": 0.0, "long": 0.0, "lat": 0.0 }, "geometry": { "type": "Polygon", "coordinates": [ [ [ 104.120473629973375, -2.429674933770897, 0.0 ], [ 104.119475827533094, -2.428762226147136, 0.0 ], [ 104.118978328096134, -2.429425025824018, 0.0 ], [ 104.118648612533804, -2.429765180225058, 0.0 ], [ 104.119135403497381, -2.430347594667229, 0.0 ], [ 104.11929236341679, -2.430574083622838, 0.0 ], [ 104.120012182944194, -2.430077021034605, 0.0 ], [ 104.12046976274641, -2.430398085623978, 0.0 ], [ 104.120825330821347, -2.430020367659724, 0.0 ], [ 104.120473629973375, -2.429674933770897, 0.0 ] ] ] } },
{ "type": "Feature", "properties": { "FID": 528, "OBJECTID": 997, "NIB": "997", "NO": 997, "NAMA": "NN", "LOKASI_LAH": "TIMUR", "STATUS": "Lunas", "Lokasi_2": "TIMUR", "NIB_1": "996", "KETERANGAN": " ", "Luas_Acad": 0.0, "long": 0.0, "lat": 0.0 }, "geometry": { "type": "Polygon", "coordinates": [ [ [ 104.112949887346389, -2.442144255114168, 0.000000000000114 ], [ 104.112889563963819, -2.44209884092914, 0.000000000000114 ], [ 104.112704044457487, -2.442464250303346, 0.000000000000114 ], [ 104.113049520717539, -2.442605715109867, 0.000000000000114 ], [ 104.11315433721532, -2.44223599494451, 0.000000000000114 ], [ 104.113448682424362, -2.442269866410842, 0.000000000000114 ], [ 104.113475330048871, -2.442125716316411, 0.000000000000114 ], [ 104.113197764851407, -2.442135509465631, 0.000000000000114 ], [ 104.113086380704331, -2.442138906627847, 0.000000000000114 ], [ 104.112949887346389, -2.442144255114168, 0.000000000000114 ] ] ] } },
{ "type": "Feature", "properties": { "FID": 529, "OBJECTID": 702, "NIB": "702", "NO": 702, "NAMA": "M.ZAENUDIN", "LOKASI_LAH": "TIMUR", "STATUS": " ", "Lokasi_2": "TIMUR", "NIB_1": "702", "KETERANGAN": " ", "Luas_Acad": 0.0, "long": 0.0, "lat": 0.0 }, "geometry": { "type": "Polygon", "coordinates": [ [ [ 104.123037943282824, -2.4240723974042, 0.0 ], [ 104.122802772759343, -2.42396407926051, 0.0 ], [ 104.122237738770508, -2.423710032630786, 0.0 ], [ 104.12146451584124, -2.423347685132157, 0.0 ], [ 104.121356195127746, -2.423962748203985, 0.0 ], [ 104.12128427654028, -2.424492836948054, 0.0 ], [ 104.122444582060794, -2.424760541752466, 0.0 ], [ 104.123160431811144, -2.42485240367929, 0.0 ], [ 104.123150215893688, -2.424905479639665, 0.0 ], [ 104.124050905185285, -2.425030752699895, 0.0 ], [ 104.124097092579518, -2.425019885990364, 0.0 ], [ 104.124697695306054, -2.424878579396267, 0.0 ], [ 104.125420881005539, -2.42505807732708, 0.0 ], [ 104.125236856031037, -2.426152250137111, 0.0 ], [ 104.125428968454784, -2.426212092305118, 0.0 ], [ 104.126076328708123, -2.426381126860882, 0.0 ], [ 104.126265312641536, -2.426200327689494, 0.0 ], [ 104.126702338038314, -2.426380821273991, 0.0 ], [ 104.127453049889453, -2.425314580776753, 0.0 ], [ 104.127120329359087, -2.425241996268562, 0.0 ], [ 104.12712044532249, -2.425061074386431, 0.0 ], [ 104.126860387650012, -2.42387586698351, 0.0 ], [ 104.12663029449142, -2.42323454559682, 0.0 ], [ 104.126149207799372, -2.423327746972172, 0.0 ], [ 104.125565575155875, -2.423440814406127, 0.0 ], [ 104.125547889593307, -2.422970406020615, 0.0 ], [ 104.125188095930724, -2.423042541202184, 0.0 ], [ 104.124648324088696, -2.423277389005384, 0.0 ], [ 104.123321651613807, -2.423228365476306, 0.0 ], [ 104.123037943282824, -2.4240723974042, 0.0 ] ] ] } },
{ "type": "Feature", "properties": { "FID": 530, "OBJECTID": 703, "NIB": "703", "NO": 703, "NAMA": "M.ZAENUDIN", "LOKASI_LAH": "TIMUR", "STATUS": " ", "Lokasi_2": "TIMUR", "NIB_1": "703", "KETERANGAN": " ", "Luas_Acad": 0.0, "long": 0.0, "lat": 0.0 }, "geometry": { "type": "Polygon", "coordinates": [ [ [ 104.127622759134525, -2.427142002764649, 0.0 ], [ 104.126714881790932, -2.426381541483014, 0.0 ], [ 104.125499766586159, -2.427882403783213, 0.0 ], [ 104.124669085254624, -2.42786968805796, 0.0 ], [ 104.124669188567324, -2.428214751110783, 0.0 ], [ 104.124669876890451, -2.430474074723708, 0.0 ], [ 104.124669879240088, -2.430484061645314, 0.0 ], [ 104.124669968564575, -2.430780155358751, 0.0 ], [ 104.12578537215856, -2.431292966966993, 0.0 ], [ 104.126316310979803, -2.430813869503029, 0.0 ], [ 104.126829099217147, -2.430588050592407, 0.0 ], [ 104.127359717956651, -2.430606487646405, 0.0 ], [ 104.127854257319214, -2.430787730848184, 0.0 ], [ 104.127746448609784, -2.430606738859325, 0.0 ], [ 104.127647854319861, -2.430082001114295, 0.0 ], [ 104.127855313793305, -2.429141341514623, 0.0 ], [ 104.127622759134525, -2.427142002764649, 0.0 ] ] ] } }
]
}
